dataset_version,cutoff_utc,issue,board_status,board_priority,board_assignee,release_state,agents,first_utc,last_utc,measured_duration,artifact_count,done_records,pass_gate_events,block_gate_events,rework_events,test_gate_count,build_gate_count,review_gate_count,runtime_mutation_count,rollback_event_count,candidate_shas,merge_ready_sha,blocker_owner,next_executable_action,dependencies,human_blockers,latest_decisive_evidence,latest_decisive_evidence_sha256,artifact_path,artifact_kind,artifact_timestamp_utc,artifact_sha256,artifact_status,idempotency_key
release-ledger.v1,2026-07-27T16:33:11Z,ORQ-13,todo,high,agent:4dc3b1f5-451f-4f68-b71e-91e856fed286,BLOCK_V3_1_PROPOSAL_PENDING_FINAL_REVIEW,Agy-P0-A8;Antigravity;Codex56#B;Opus48#A;Opus48#B,2026-07-27T11:11:45Z,2026-07-27T16:17:00Z,NOT_MEASURED,29,16,8,4,5,1,1,8,0,0,NONE,NOT_READY,Independent final reviewer; Codex56-TL migration registrar/execution authority; owner for any destructive Git abort authorization,Independently review V3.1; replace the git reset --hard abort route with a non-destructive recovery or obtain separate explicit authorization; verify RES-ORQ13-001 TTL/fingerprints; provide DB-backed handler test proof; only then seek separate commit A/B execution authorization.,External ORQ-21 -> ORQ-12 -> ORQ-13; ORQ-13 -> ORQ-41 DB/generated work,V3.1 is proposal-only; no execution/commit. Earlier handler go test evidence is NOT_PROVEN because TestMain can os.Exit(0) before m.Run without DB. Destructive reset --hard is rejected unless separately authorized. RES-ORQ13-001 expires 2026-07-28T15:37:12Z; lint risk remains unmeasured.,.deploy-control/p0/evidence/orq13-v3-adversarial-peer-review.md,471fd719f7bf78317f01fb074d36c6190f0e45903e3c75e18049d8a9d2f99556,.deploy-control/p0/checkins/CHECKOUT__Codex56-B__ORQ-13-PATCH-AUDIT__20260727T111145Z.json,checkin,2026-07-27T11:11:45Z,463a1ce5320d6c76fac0ffbdf3f89488c35d5c2bca41b72fa8ff8ee4d7825b0e,ACTIVE,release-ledger:v1:ORQ-13:463a1ce5320d6c76fac0ffbdf3f89488c35d5c2bca41b72fa8ff8ee4d7825b0e
release-ledger.v1,2026-07-27T16:33:11Z,ORQ-13,todo,high,agent:4dc3b1f5-451f-4f68-b71e-91e856fed286,BLOCK_V3_1_PROPOSAL_PENDING_FINAL_REVIEW,Agy-P0-A8;Antigravity;Codex56#B;Opus48#A;Opus48#B,2026-07-27T11:11:45Z,2026-07-27T16:17:00Z,NOT_MEASURED,29,16,8,4,5,1,1,8,0,0,NONE,NOT_READY,Independent final reviewer; Codex56-TL migration registrar/execution authority; owner for any destructive Git abort authorization,Independently review V3.1; replace the git reset --hard abort route with a non-destructive recovery or obtain separate explicit authorization; verify RES-ORQ13-001 TTL/fingerprints; provide DB-backed handler test proof; only then seek separate commit A/B execution authorization.,External ORQ-21 -> ORQ-12 -> ORQ-13; ORQ-13 -> ORQ-41 DB/generated work,V3.1 is proposal-only; no execution/commit. Earlier handler go test evidence is NOT_PROVEN because TestMain can os.Exit(0) before m.Run without DB. Destructive reset --hard is rejected unless separately authorized. RES-ORQ13-001 expires 2026-07-28T15:37:12Z; lint risk remains unmeasured.,.deploy-control/p0/evidence/orq13-v3-adversarial-peer-review.md,471fd719f7bf78317f01fb074d36c6190f0e45903e3c75e18049d8a9d2f99556,.deploy-control/p0/evidence/gtl-orq13-salvage-map.md,evidence,2026-07-27T11:43:00Z,ff00168fcc3379dd63a9f4955470c343a6aaa82f169e20c6e3a36d91a76db6e1,ACTIVE,release-ledger:v1:ORQ-13:ff00168fcc3379dd63a9f4955470c343a6aaa82f169e20c6e3a36d91a76db6e1
release-ledger.v1,2026-07-27T16:33:11Z,ORQ-13,todo,high,agent:4dc3b1f5-451f-4f68-b71e-91e856fed286,BLOCK_V3_1_PROPOSAL_PENDING_FINAL_REVIEW,Agy-P0-A8;Antigravity;Codex56#B;Opus48#A;Opus48#B,2026-07-27T11:11:45Z,2026-07-27T16:17:00Z,NOT_MEASURED,29,16,8,4,5,1,1,8,0,0,NONE,NOT_READY,Independent final reviewer; Codex56-TL migration registrar/execution authority; owner for any destructive Git abort authorization,Independently review V3.1; replace the git reset --hard abort route with a non-destructive recovery or obtain separate explicit authorization; verify RES-ORQ13-001 TTL/fingerprints; provide DB-backed handler test proof; only then seek separate commit A/B execution authorization.,External ORQ-21 -> ORQ-12 -> ORQ-13; ORQ-13 -> ORQ-41 DB/generated work,V3.1 is proposal-only; no execution/commit. Earlier handler go test evidence is NOT_PROVEN because TestMain can os.Exit(0) before m.Run without DB. Destructive reset --hard is rejected unless separately authorized. RES-ORQ13-001 expires 2026-07-28T15:37:12Z; lint risk remains unmeasured.,.deploy-control/p0/evidence/orq13-v3-adversarial-peer-review.md,471fd719f7bf78317f01fb074d36c6190f0e45903e3c75e18049d8a9d2f99556,.deploy-control/p0/checkins/Antigravity__GTL-ORQ13-SALVAGE__20260727T114325Z.json,checkin,2026-07-27T11:43:25Z,2ed59df93c737119f4df190f5ee264fbd3793a85bea90c5eca16b731c5489730,ACTIVE,release-ledger:v1:ORQ-13:2ed59df93c737119f4df190f5ee264fbd3793a85bea90c5eca16b731c5489730
release-ledger.v1,2026-07-27T16:33:11Z,ORQ-13,todo,high,agent:4dc3b1f5-451f-4f68-b71e-91e856fed286,BLOCK_V3_1_PROPOSAL_PENDING_FINAL_REVIEW,Agy-P0-A8;Antigravity;Codex56#B;Opus48#A;Opus48#B,2026-07-27T11:11:45Z,2026-07-27T16:17:00Z,NOT_MEASURED,29,16,8,4,5,1,1,8,0,0,NONE,NOT_READY,Independent final reviewer; Codex56-TL migration registrar/execution authority; owner for any destructive Git abort authorization,Independently review V3.1; replace the git reset --hard abort route with a non-destructive recovery or obtain separate explicit authorization; verify RES-ORQ13-001 TTL/fingerprints; provide DB-backed handler test proof; only then seek separate commit A/B execution authorization.,External ORQ-21 -> ORQ-12 -> ORQ-13; ORQ-13 -> ORQ-41 DB/generated work,V3.1 is proposal-only; no execution/commit. Earlier handler go test evidence is NOT_PROVEN because TestMain can os.Exit(0) before m.Run without DB. Destructive reset --hard is rejected unless separately authorized. RES-ORQ13-001 expires 2026-07-28T15:37:12Z; lint risk remains unmeasured.,.deploy-control/p0/evidence/orq13-v3-adversarial-peer-review.md,471fd719f7bf78317f01fb074d36c6190f0e45903e3c75e18049d8a9d2f99556,.deploy-control/p0/checkins/CHECKOUT__Agy-P0-A8__gtl-orq13-salvage-peer-review__20260727T114413Z.json,checkin,2026-07-27T11:44:13Z,f5f882cc6168f7a15b0f689b28a7e558b4d960b8ae14143d67f9c247cf36448b,ACTIVE,release-ledger:v1:ORQ-13:f5f882cc6168f7a15b0f689b28a7e558b4d960b8ae14143d67f9c247cf36448b
release-ledger.v1,2026-07-27T16:33:11Z,ORQ-13,todo,high,agent:4dc3b1f5-451f-4f68-b71e-91e856fed286,BLOCK_V3_1_PROPOSAL_PENDING_FINAL_REVIEW,Agy-P0-A8;Antigravity;Codex56#B;Opus48#A;Opus48#B,2026-07-27T11:11:45Z,2026-07-27T16:17:00Z,NOT_MEASURED,29,16,8,4,5,1,1,8,0,0,NONE,NOT_READY,Independent final reviewer; Codex56-TL migration registrar/execution authority; owner for any destructive Git abort authorization,Independently review V3.1; replace the git reset --hard abort route with a non-destructive recovery or obtain separate explicit authorization; verify RES-ORQ13-001 TTL/fingerprints; provide DB-backed handler test proof; only then seek separate commit A/B execution authorization.,External ORQ-21 -> ORQ-12 -> ORQ-13; ORQ-13 -> ORQ-41 DB/generated work,V3.1 is proposal-only; no execution/commit. Earlier handler go test evidence is NOT_PROVEN because TestMain can os.Exit(0) before m.Run without DB. Destructive reset --hard is rejected unless separately authorized. RES-ORQ13-001 expires 2026-07-28T15:37:12Z; lint risk remains unmeasured.,.deploy-control/p0/evidence/orq13-v3-adversarial-peer-review.md,471fd719f7bf78317f01fb074d36c6190f0e45903e3c75e18049d8a9d2f99556,.deploy-control/p0/evidence/gtl-orq13-salvage-peer-review.md,evidence,2026-07-27T11:44:13Z,72b86757bac7dc23c8ead4d4cc0d983c932bc2efff494aa76b3146205db7e509,ACTIVE,release-ledger:v1:ORQ-13:72b86757bac7dc23c8ead4d4cc0d983c932bc2efff494aa76b3146205db7e509
release-ledger.v1,2026-07-27T16:33:11Z,ORQ-13,todo,high,agent:4dc3b1f5-451f-4f68-b71e-91e856fed286,BLOCK_V3_1_PROPOSAL_PENDING_FINAL_REVIEW,Agy-P0-A8;Antigravity;Codex56#B;Opus48#A;Opus48#B,2026-07-27T11:11:45Z,2026-07-27T16:17:00Z,NOT_MEASURED,29,16,8,4,5,1,1,8,0,0,NONE,NOT_READY,Independent final reviewer; Codex56-TL migration registrar/execution authority; owner for any destructive Git abort authorization,Independently review V3.1; replace the git reset --hard abort route with a non-destructive recovery or obtain separate explicit authorization; verify RES-ORQ13-001 TTL/fingerprints; provide DB-backed handler test proof; only then seek separate commit A/B execution authorization.,External ORQ-21 -> ORQ-12 -> ORQ-13; ORQ-13 -> ORQ-41 DB/generated work,V3.1 is proposal-only; no execution/commit. Earlier handler go test evidence is NOT_PROVEN because TestMain can os.Exit(0) before m.Run without DB. Destructive reset --hard is rejected unless separately authorized. RES-ORQ13-001 expires 2026-07-28T15:37:12Z; lint risk remains unmeasured.,.deploy-control/p0/evidence/orq13-v3-adversarial-peer-review.md,471fd719f7bf78317f01fb074d36c6190f0e45903e3c75e18049d8a9d2f99556,.deploy-control/p0/checkins/CHECKOUT__Agy-P0-A8__gtl-orq13-phase1-peer-review__20260727T120420Z.json,checkin,2026-07-27T12:04:20Z,52a50b307ae0907095a922f04bb898194c41fbd5f5d45022571652b0f202b2b6,ACTIVE,release-ledger:v1:ORQ-13:52a50b307ae0907095a922f04bb898194c41fbd5f5d45022571652b0f202b2b6
release-ledger.v1,2026-07-27T16:33:11Z,ORQ-13,todo,high,agent:4dc3b1f5-451f-4f68-b71e-91e856fed286,BLOCK_V3_1_PROPOSAL_PENDING_FINAL_REVIEW,Agy-P0-A8;Antigravity;Codex56#B;Opus48#A;Opus48#B,2026-07-27T11:11:45Z,2026-07-27T16:17:00Z,NOT_MEASURED,29,16,8,4,5,1,1,8,0,0,NONE,NOT_READY,Independent final reviewer; Codex56-TL migration registrar/execution authority; owner for any destructive Git abort authorization,Independently review V3.1; replace the git reset --hard abort route with a non-destructive recovery or obtain separate explicit authorization; verify RES-ORQ13-001 TTL/fingerprints; provide DB-backed handler test proof; only then seek separate commit A/B execution authorization.,External ORQ-21 -> ORQ-12 -> ORQ-13; ORQ-13 -> ORQ-41 DB/generated work,V3.1 is proposal-only; no execution/commit. Earlier handler go test evidence is NOT_PROVEN because TestMain can os.Exit(0) before m.Run without DB. Destructive reset --hard is rejected unless separately authorized. RES-ORQ13-001 expires 2026-07-28T15:37:12Z; lint risk remains unmeasured.,.deploy-control/p0/evidence/orq13-v3-adversarial-peer-review.md,471fd719f7bf78317f01fb074d36c6190f0e45903e3c75e18049d8a9d2f99556,.deploy-control/p0/evidence/gtl-i03-orq13-phase1-implementation.md,evidence,2026-07-27T12:05:00Z,c052c3696b043bb3a5ee8434cb64ee0935742b6b33310acba6d7dd28f317bedb,PARTIAL_HANDLER_TEST_GATE_NOT_PROVEN,release-ledger:v1:ORQ-13:c052c3696b043bb3a5ee8434cb64ee0935742b6b33310acba6d7dd28f317bedb
release-ledger.v1,2026-07-27T16:33:11Z,ORQ-13,todo,high,agent:4dc3b1f5-451f-4f68-b71e-91e856fed286,BLOCK_V3_1_PROPOSAL_PENDING_FINAL_REVIEW,Agy-P0-A8;Antigravity;Codex56#B;Opus48#A;Opus48#B,2026-07-27T11:11:45Z,2026-07-27T16:17:00Z,NOT_MEASURED,29,16,8,4,5,1,1,8,0,0,NONE,NOT_READY,Independent final reviewer; Codex56-TL migration registrar/execution authority; owner for any destructive Git abort authorization,Independently review V3.1; replace the git reset --hard abort route with a non-destructive recovery or obtain separate explicit authorization; verify RES-ORQ13-001 TTL/fingerprints; provide DB-backed handler test proof; only then seek separate commit A/B execution authorization.,External ORQ-21 -> ORQ-12 -> ORQ-13; ORQ-13 -> ORQ-41 DB/generated work,V3.1 is proposal-only; no execution/commit. Earlier handler go test evidence is NOT_PROVEN because TestMain can os.Exit(0) before m.Run without DB. Destructive reset --hard is rejected unless separately authorized. RES-ORQ13-001 expires 2026-07-28T15:37:12Z; lint risk remains unmeasured.,.deploy-control/p0/evidence/orq13-v3-adversarial-peer-review.md,471fd719f7bf78317f01fb074d36c6190f0e45903e3c75e18049d8a9d2f99556,.deploy-control/p0/checkins/CHECKOUT__Agy-P0-A8__gtl-orq13-phase1-peer-review__20260727T120537Z.json,checkin,2026-07-27T12:05:37Z,8103d22a34fb40b3056b1e16760b7fb2d069ba9dd7868af8f651f10286e477f3,ACTIVE,release-ledger:v1:ORQ-13:8103d22a34fb40b3056b1e16760b7fb2d069ba9dd7868af8f651f10286e477f3
release-ledger.v1,2026-07-27T16:33:11Z,ORQ-13,todo,high,agent:4dc3b1f5-451f-4f68-b71e-91e856fed286,BLOCK_V3_1_PROPOSAL_PENDING_FINAL_REVIEW,Agy-P0-A8;Antigravity;Codex56#B;Opus48#A;Opus48#B,2026-07-27T11:11:45Z,2026-07-27T16:17:00Z,NOT_MEASURED,29,16,8,4,5,1,1,8,0,0,NONE,NOT_READY,Independent final reviewer; Codex56-TL migration registrar/execution authority; owner for any destructive Git abort authorization,Independently review V3.1; replace the git reset --hard abort route with a non-destructive recovery or obtain separate explicit authorization; verify RES-ORQ13-001 TTL/fingerprints; provide DB-backed handler test proof; only then seek separate commit A/B execution authorization.,External ORQ-21 -> ORQ-12 -> ORQ-13; ORQ-13 -> ORQ-41 DB/generated work,V3.1 is proposal-only; no execution/commit. Earlier handler go test evidence is NOT_PROVEN because TestMain can os.Exit(0) before m.Run without DB. Destructive reset --hard is rejected unless separately authorized. RES-ORQ13-001 expires 2026-07-28T15:37:12Z; lint risk remains unmeasured.,.deploy-control/p0/evidence/orq13-v3-adversarial-peer-review.md,471fd719f7bf78317f01fb074d36c6190f0e45903e3c75e18049d8a9d2f99556,.deploy-control/p0/evidence/gtl-orq13-phase1-peer-review.md,evidence,2026-07-27T12:05:37Z,922c3fe03e16c0f441b8688222d25d006a60cd45bbe64e1a9de6f915c3442c5b,ACTIVE,release-ledger:v1:ORQ-13:922c3fe03e16c0f441b8688222d25d006a60cd45bbe64e1a9de6f915c3442c5b
release-ledger.v1,2026-07-27T16:33:11Z,ORQ-13,todo,high,agent:4dc3b1f5-451f-4f68-b71e-91e856fed286,BLOCK_V3_1_PROPOSAL_PENDING_FINAL_REVIEW,Agy-P0-A8;Antigravity;Codex56#B;Opus48#A;Opus48#B,2026-07-27T11:11:45Z,2026-07-27T16:17:00Z,NOT_MEASURED,29,16,8,4,5,1,1,8,0,0,NONE,NOT_READY,Independent final reviewer; Codex56-TL migration registrar/execution authority; owner for any destructive Git abort authorization,Independently review V3.1; replace the git reset --hard abort route with a non-destructive recovery or obtain separate explicit authorization; verify RES-ORQ13-001 TTL/fingerprints; provide DB-backed handler test proof; only then seek separate commit A/B execution authorization.,External ORQ-21 -> ORQ-12 -> ORQ-13; ORQ-13 -> ORQ-41 DB/generated work,V3.1 is proposal-only; no execution/commit. Earlier handler go test evidence is NOT_PROVEN because TestMain can os.Exit(0) before m.Run without DB. Destructive reset --hard is rejected unless separately authorized. RES-ORQ13-001 expires 2026-07-28T15:37:12Z; lint risk remains unmeasured.,.deploy-control/p0/evidence/orq13-v3-adversarial-peer-review.md,471fd719f7bf78317f01fb074d36c6190f0e45903e3c75e18049d8a9d2f99556,.deploy-control/p0/checkins/CHECKOUT__Opus48-B__GTL-I03__GTL-I03-ORQ13-PHASE1-THINKING-LEVEL__20260727T120600Z.json,checkin,2026-07-27T12:06:00Z,67c0fff402f5cf77f5df9db86c5de7e613b154261a6c6e49e223e9de41e55048,PARTIAL_HANDLER_TEST_GATE_NOT_PROVEN,release-ledger:v1:ORQ-13:67c0fff402f5cf77f5df9db86c5de7e613b154261a6c6e49e223e9de41e55048
release-ledger.v1,2026-07-27T16:33:11Z,ORQ-13,todo,high,agent:4dc3b1f5-451f-4f68-b71e-91e856fed286,BLOCK_V3_1_PROPOSAL_PENDING_FINAL_REVIEW,Agy-P0-A8;Antigravity;Codex56#B;Opus48#A;Opus48#B,2026-07-27T11:11:45Z,2026-07-27T16:17:00Z,NOT_MEASURED,29,16,8,4,5,1,1,8,0,0,NONE,NOT_READY,Independent final reviewer; Codex56-TL migration registrar/execution authority; owner for any destructive Git abort authorization,Independently review V3.1; replace the git reset --hard abort route with a non-destructive recovery or obtain separate explicit authorization; verify RES-ORQ13-001 TTL/fingerprints; provide DB-backed handler test proof; only then seek separate commit A/B execution authorization.,External ORQ-21 -> ORQ-12 -> ORQ-13; ORQ-13 -> ORQ-41 DB/generated work,V3.1 is proposal-only; no execution/commit. Earlier handler go test evidence is NOT_PROVEN because TestMain can os.Exit(0) before m.Run without DB. Destructive reset --hard is rejected unless separately authorized. RES-ORQ13-001 expires 2026-07-28T15:37:12Z; lint risk remains unmeasured.,.deploy-control/p0/evidence/orq13-v3-adversarial-peer-review.md,471fd719f7bf78317f01fb074d36c6190f0e45903e3c75e18049d8a9d2f99556,.deploy-control/p0/evidence/orq13-sqlc-split-manifest.md,evidence,2026-07-27T13:50:00Z,77c6cf4376fdc3b3f7d78c3308c74d5fcbdee71c30ad2ae20a57d4fb384e07d7,SUPERSEDED_BY_V3,release-ledger:v1:ORQ-13:77c6cf4376fdc3b3f7d78c3308c74d5fcbdee71c30ad2ae20a57d4fb384e07d7
release-ledger.v1,2026-07-27T16:33:11Z,ORQ-13,todo,high,agent:4dc3b1f5-451f-4f68-b71e-91e856fed286,BLOCK_V3_1_PROPOSAL_PENDING_FINAL_REVIEW,Agy-P0-A8;Antigravity;Codex56#B;Opus48#A;Opus48#B,2026-07-27T11:11:45Z,2026-07-27T16:17:00Z,NOT_MEASURED,29,16,8,4,5,1,1,8,0,0,NONE,NOT_READY,Independent final reviewer; Codex56-TL migration registrar/execution authority; owner for any destructive Git abort authorization,Independently review V3.1; replace the git reset --hard abort route with a non-destructive recovery or obtain separate explicit authorization; verify RES-ORQ13-001 TTL/fingerprints; provide DB-backed handler test proof; only then seek separate commit A/B execution authorization.,External ORQ-21 -> ORQ-12 -> ORQ-13; ORQ-13 -> ORQ-41 DB/generated work,V3.1 is proposal-only; no execution/commit. Earlier handler go test evidence is NOT_PROVEN because TestMain can os.Exit(0) before m.Run without DB. Destructive reset --hard is rejected unless separately authorized. RES-ORQ13-001 expires 2026-07-28T15:37:12Z; lint risk remains unmeasured.,.deploy-control/p0/evidence/orq13-v3-adversarial-peer-review.md,471fd719f7bf78317f01fb074d36c6190f0e45903e3c75e18049d8a9d2f99556,.deploy-control/p0/checkins/CHECKOUT__Opus48-B__ORQ-13__ORQ13-SQLC-SPLIT-MANIFEST__20260727T135400Z.json,checkin,2026-07-27T13:54:00Z,152459ff48e5dfed69d8019dbd6f0e92310663e63858617cdbb7e8b4e37142fe,ACTIVE,release-ledger:v1:ORQ-13:152459ff48e5dfed69d8019dbd6f0e92310663e63858617cdbb7e8b4e37142fe
release-ledger.v1,2026-07-27T16:33:11Z,ORQ-13,todo,high,agent:4dc3b1f5-451f-4f68-b71e-91e856fed286,BLOCK_V3_1_PROPOSAL_PENDING_FINAL_REVIEW,Agy-P0-A8;Antigravity;Codex56#B;Opus48#A;Opus48#B,2026-07-27T11:11:45Z,2026-07-27T16:17:00Z,NOT_MEASURED,29,16,8,4,5,1,1,8,0,0,NONE,NOT_READY,Independent final reviewer; Codex56-TL migration registrar/execution authority; owner for any destructive Git abort authorization,Independently review V3.1; replace the git reset --hard abort route with a non-destructive recovery or obtain separate explicit authorization; verify RES-ORQ13-001 TTL/fingerprints; provide DB-backed handler test proof; only then seek separate commit A/B execution authorization.,External ORQ-21 -> ORQ-12 -> ORQ-13; ORQ-13 -> ORQ-41 DB/generated work,V3.1 is proposal-only; no execution/commit. Earlier handler go test evidence is NOT_PROVEN because TestMain can os.Exit(0) before m.Run without DB. Destructive reset --hard is rejected unless separately authorized. RES-ORQ13-001 expires 2026-07-28T15:37:12Z; lint risk remains unmeasured.,.deploy-control/p0/evidence/orq13-v3-adversarial-peer-review.md,471fd719f7bf78317f01fb074d36c6190f0e45903e3c75e18049d8a9d2f99556,.deploy-control/p0/evidence/orq13-wave0-sqlc-baseline-runbook.md,evidence,2026-07-27T15:06:00Z,229e2c6c32d6cc09e267e10ba238361917d59c73e408f20c496cb13b734937b0,ACTIVE,release-ledger:v1:ORQ-13:229e2c6c32d6cc09e267e10ba238361917d59c73e408f20c496cb13b734937b0
release-ledger.v1,2026-07-27T16:33:11Z,ORQ-13,todo,high,agent:4dc3b1f5-451f-4f68-b71e-91e856fed286,BLOCK_V3_1_PROPOSAL_PENDING_FINAL_REVIEW,Agy-P0-A8;Antigravity;Codex56#B;Opus48#A;Opus48#B,2026-07-27T11:11:45Z,2026-07-27T16:17:00Z,NOT_MEASURED,29,16,8,4,5,1,1,8,0,0,NONE,NOT_READY,Independent final reviewer; Codex56-TL migration registrar/execution authority; owner for any destructive Git abort authorization,Independently review V3.1; replace the git reset --hard abort route with a non-destructive recovery or obtain separate explicit authorization; verify RES-ORQ13-001 TTL/fingerprints; provide DB-backed handler test proof; only then seek separate commit A/B execution authorization.,External ORQ-21 -> ORQ-12 -> ORQ-13; ORQ-13 -> ORQ-41 DB/generated work,V3.1 is proposal-only; no execution/commit. Earlier handler go test evidence is NOT_PROVEN because TestMain can os.Exit(0) before m.Run without DB. Destructive reset --hard is rejected unless separately authorized. RES-ORQ13-001 expires 2026-07-28T15:37:12Z; lint risk remains unmeasured.,.deploy-control/p0/evidence/orq13-v3-adversarial-peer-review.md,471fd719f7bf78317f01fb074d36c6190f0e45903e3c75e18049d8a9d2f99556,.deploy-control/p0/checkins/CHECKOUT__Antigravity__ORQ13-WAVE0-SQLC-BASELINE-RUNBOOK__20260727T150615Z.json,checkin,2026-07-27T15:06:15Z,a65a7fbbe17f19acdacb9251a4095c822d16d3418063c092944d32e9eef64fc0,ACTIVE,release-ledger:v1:ORQ-13:a65a7fbbe17f19acdacb9251a4095c822d16d3418063c092944d32e9eef64fc0
release-ledger.v1,2026-07-27T16:33:11Z,ORQ-13,todo,high,agent:4dc3b1f5-451f-4f68-b71e-91e856fed286,BLOCK_V3_1_PROPOSAL_PENDING_FINAL_REVIEW,Agy-P0-A8;Antigravity;Codex56#B;Opus48#A;Opus48#B,2026-07-27T11:11:45Z,2026-07-27T16:17:00Z,NOT_MEASURED,29,16,8,4,5,1,1,8,0,0,NONE,NOT_READY,Independent final reviewer; Codex56-TL migration registrar/execution authority; owner for any destructive Git abort authorization,Independently review V3.1; replace the git reset --hard abort route with a non-destructive recovery or obtain separate explicit authorization; verify RES-ORQ13-001 TTL/fingerprints; provide DB-backed handler test proof; only then seek separate commit A/B execution authorization.,External ORQ-21 -> ORQ-12 -> ORQ-13; ORQ-13 -> ORQ-41 DB/generated work,V3.1 is proposal-only; no execution/commit. Earlier handler go test evidence is NOT_PROVEN because TestMain can os.Exit(0) before m.Run without DB. Destructive reset --hard is rejected unless separately authorized. RES-ORQ13-001 expires 2026-07-28T15:37:12Z; lint risk remains unmeasured.,.deploy-control/p0/evidence/orq13-v3-adversarial-peer-review.md,471fd719f7bf78317f01fb074d36c6190f0e45903e3c75e18049d8a9d2f99556,.deploy-control/p0/evidence/orq13-wave0-toolchain-preflight.md,evidence,2026-07-27T15:07:00Z,6b3bce53262a1b2d16188e804376803b7c563ec1dd1d85814c130167873d1735,ACTIVE,release-ledger:v1:ORQ-13:6b3bce53262a1b2d16188e804376803b7c563ec1dd1d85814c130167873d1735
release-ledger.v1,2026-07-27T16:33:11Z,ORQ-13,todo,high,agent:4dc3b1f5-451f-4f68-b71e-91e856fed286,BLOCK_V3_1_PROPOSAL_PENDING_FINAL_REVIEW,Agy-P0-A8;Antigravity;Codex56#B;Opus48#A;Opus48#B,2026-07-27T11:11:45Z,2026-07-27T16:17:00Z,NOT_MEASURED,29,16,8,4,5,1,1,8,0,0,NONE,NOT_READY,Independent final reviewer; Codex56-TL migration registrar/execution authority; owner for any destructive Git abort authorization,Independently review V3.1; replace the git reset --hard abort route with a non-destructive recovery or obtain separate explicit authorization; verify RES-ORQ13-001 TTL/fingerprints; provide DB-backed handler test proof; only then seek separate commit A/B execution authorization.,External ORQ-21 -> ORQ-12 -> ORQ-13; ORQ-13 -> ORQ-41 DB/generated work,V3.1 is proposal-only; no execution/commit. Earlier handler go test evidence is NOT_PROVEN because TestMain can os.Exit(0) before m.Run without DB. Destructive reset --hard is rejected unless separately authorized. RES-ORQ13-001 expires 2026-07-28T15:37:12Z; lint risk remains unmeasured.,.deploy-control/p0/evidence/orq13-v3-adversarial-peer-review.md,471fd719f7bf78317f01fb074d36c6190f0e45903e3c75e18049d8a9d2f99556,.deploy-control/p0/checkins/CHECKOUT__Antigravity__ORQ13-WAVE0-TOOLCHAIN-PREFLIGHT__20260727T150809Z.json,checkin,2026-07-27T15:08:09Z,a0a8076373503e7bc7b81c7eb6f03074fd84c110d54fb947dcd0f097ce2b895a,ACTIVE,release-ledger:v1:ORQ-13:a0a8076373503e7bc7b81c7eb6f03074fd84c110d54fb947dcd0f097ce2b895a
release-ledger.v1,2026-07-27T16:33:11Z,ORQ-13,todo,high,agent:4dc3b1f5-451f-4f68-b71e-91e856fed286,BLOCK_V3_1_PROPOSAL_PENDING_FINAL_REVIEW,Agy-P0-A8;Antigravity;Codex56#B;Opus48#A;Opus48#B,2026-07-27T11:11:45Z,2026-07-27T16:17:00Z,NOT_MEASURED,29,16,8,4,5,1,1,8,0,0,NONE,NOT_READY,Independent final reviewer; Codex56-TL migration registrar/execution authority; owner for any destructive Git abort authorization,Independently review V3.1; replace the git reset --hard abort route with a non-destructive recovery or obtain separate explicit authorization; verify RES-ORQ13-001 TTL/fingerprints; provide DB-backed handler test proof; only then seek separate commit A/B execution authorization.,External ORQ-21 -> ORQ-12 -> ORQ-13; ORQ-13 -> ORQ-41 DB/generated work,V3.1 is proposal-only; no execution/commit. Earlier handler go test evidence is NOT_PROVEN because TestMain can os.Exit(0) before m.Run without DB. Destructive reset --hard is rejected unless separately authorized. RES-ORQ13-001 expires 2026-07-28T15:37:12Z; lint risk remains unmeasured.,.deploy-control/p0/evidence/orq13-v3-adversarial-peer-review.md,471fd719f7bf78317f01fb074d36c6190f0e45903e3c75e18049d8a9d2f99556,.deploy-control/p0/checkins/CHECKOUT__Agy-P0-A8__orq13-wave0-baseline-peer-review__20260727T150818Z.json,checkin,2026-07-27T15:08:18Z,0f81a27878f53e88808459f66e73dd27695cca011fd1bcc173500eb6934c5d51,ACTIVE,release-ledger:v1:ORQ-13:0f81a27878f53e88808459f66e73dd27695cca011fd1bcc173500eb6934c5d51
release-ledger.v1,2026-07-27T16:33:11Z,ORQ-13,todo,high,agent:4dc3b1f5-451f-4f68-b71e-91e856fed286,BLOCK_V3_1_PROPOSAL_PENDING_FINAL_REVIEW,Agy-P0-A8;Antigravity;Codex56#B;Opus48#A;Opus48#B,2026-07-27T11:11:45Z,2026-07-27T16:17:00Z,NOT_MEASURED,29,16,8,4,5,1,1,8,0,0,NONE,NOT_READY,Independent final reviewer; Codex56-TL migration registrar/execution authority; owner for any destructive Git abort authorization,Independently review V3.1; replace the git reset --hard abort route with a non-destructive recovery or obtain separate explicit authorization; verify RES-ORQ13-001 TTL/fingerprints; provide DB-backed handler test proof; only then seek separate commit A/B execution authorization.,External ORQ-21 -> ORQ-12 -> ORQ-13; ORQ-13 -> ORQ-41 DB/generated work,V3.1 is proposal-only; no execution/commit. Earlier handler go test evidence is NOT_PROVEN because TestMain can os.Exit(0) before m.Run without DB. Destructive reset --hard is rejected unless separately authorized. RES-ORQ13-001 expires 2026-07-28T15:37:12Z; lint risk remains unmeasured.,.deploy-control/p0/evidence/orq13-v3-adversarial-peer-review.md,471fd719f7bf78317f01fb074d36c6190f0e45903e3c75e18049d8a9d2f99556,.deploy-control/p0/checkins/CHECKOUT__Agy-P0-A8__orq13-wave0-baseline-peer-review__20260727T150943Z.json,checkin,2026-07-27T15:09:43Z,66d3645ec2bdf504350cc80d2acfe9f625ab4fe10efa44701796f093cd2360bf,ACTIVE,release-ledger:v1:ORQ-13:66d3645ec2bdf504350cc80d2acfe9f625ab4fe10efa44701796f093cd2360bf
release-ledger.v1,2026-07-27T16:33:11Z,ORQ-13,todo,high,agent:4dc3b1f5-451f-4f68-b71e-91e856fed286,BLOCK_V3_1_PROPOSAL_PENDING_FINAL_REVIEW,Agy-P0-A8;Antigravity;Codex56#B;Opus48#A;Opus48#B,2026-07-27T11:11:45Z,2026-07-27T16:17:00Z,NOT_MEASURED,29,16,8,4,5,1,1,8,0,0,NONE,NOT_READY,Independent final reviewer; Codex56-TL migration registrar/execution authority; owner for any destructive Git abort authorization,Independently review V3.1; replace the git reset --hard abort route with a non-destructive recovery or obtain separate explicit authorization; verify RES-ORQ13-001 TTL/fingerprints; provide DB-backed handler test proof; only then seek separate commit A/B execution authorization.,External ORQ-21 -> ORQ-12 -> ORQ-13; ORQ-13 -> ORQ-41 DB/generated work,V3.1 is proposal-only; no execution/commit. Earlier handler go test evidence is NOT_PROVEN because TestMain can os.Exit(0) before m.Run without DB. Destructive reset --hard is rejected unless separately authorized. RES-ORQ13-001 expires 2026-07-28T15:37:12Z; lint risk remains unmeasured.,.deploy-control/p0/evidence/orq13-v3-adversarial-peer-review.md,471fd719f7bf78317f01fb074d36c6190f0e45903e3c75e18049d8a9d2f99556,.deploy-control/p0/evidence/orq13-wave0-baseline-peer-review.md,evidence,2026-07-27T15:09:43Z,13697fc7e251f6597bf1d7df5efb5cdb0055cd412d158374a2c7b8f4d3d94cb1,ACTIVE,release-ledger:v1:ORQ-13:13697fc7e251f6597bf1d7df5efb5cdb0055cd412d158374a2c7b8f4d3d94cb1
release-ledger.v1,2026-07-27T16:33:11Z,ORQ-13,todo,high,agent:4dc3b1f5-451f-4f68-b71e-91e856fed286,BLOCK_V3_1_PROPOSAL_PENDING_FINAL_REVIEW,Agy-P0-A8;Antigravity;Codex56#B;Opus48#A;Opus48#B,2026-07-27T11:11:45Z,2026-07-27T16:17:00Z,NOT_MEASURED,29,16,8,4,5,1,1,8,0,0,NONE,NOT_READY,Independent final reviewer; Codex56-TL migration registrar/execution authority; owner for any destructive Git abort authorization,Independently review V3.1; replace the git reset --hard abort route with a non-destructive recovery or obtain separate explicit authorization; verify RES-ORQ13-001 TTL/fingerprints; provide DB-backed handler test proof; only then seek separate commit A/B execution authorization.,External ORQ-21 -> ORQ-12 -> ORQ-13; ORQ-13 -> ORQ-41 DB/generated work,V3.1 is proposal-only; no execution/commit. Earlier handler go test evidence is NOT_PROVEN because TestMain can os.Exit(0) before m.Run without DB. Destructive reset --hard is rejected unless separately authorized. RES-ORQ13-001 expires 2026-07-28T15:37:12Z; lint risk remains unmeasured.,.deploy-control/p0/evidence/orq13-v3-adversarial-peer-review.md,471fd719f7bf78317f01fb074d36c6190f0e45903e3c75e18049d8a9d2f99556,.deploy-control/p0/checkins/CHECKOUT__Antigravity__ORQ13-WAVE0-SQLC-BASELINE-RUNBOOK-V2__20260727T151141Z.json,checkin,2026-07-27T15:11:41Z,5460c2807be096fec85ab73484ec9a595401500ba0117ae68bb85d6ab1093fb1,ACTIVE,release-ledger:v1:ORQ-13:5460c2807be096fec85ab73484ec9a595401500ba0117ae68bb85d6ab1093fb1
release-ledger.v1,2026-07-27T16:33:11Z,ORQ-13,todo,high,agent:4dc3b1f5-451f-4f68-b71e-91e856fed286,BLOCK_V3_1_PROPOSAL_PENDING_FINAL_REVIEW,Agy-P0-A8;Antigravity;Codex56#B;Opus48#A;Opus48#B,2026-07-27T11:11:45Z,2026-07-27T16:17:00Z,NOT_MEASURED,29,16,8,4,5,1,1,8,0,0,NONE,NOT_READY,Independent final reviewer; Codex56-TL migration registrar/execution authority; owner for any destructive Git abort authorization,Independently review V3.1; replace the git reset --hard abort route with a non-destructive recovery or obtain separate explicit authorization; verify RES-ORQ13-001 TTL/fingerprints; provide DB-backed handler test proof; only then seek separate commit A/B execution authorization.,External ORQ-21 -> ORQ-12 -> ORQ-13; ORQ-13 -> ORQ-41 DB/generated work,V3.1 is proposal-only; no execution/commit. Earlier handler go test evidence is NOT_PROVEN because TestMain can os.Exit(0) before m.Run without DB. Destructive reset --hard is rejected unless separately authorized. RES-ORQ13-001 expires 2026-07-28T15:37:12Z; lint risk remains unmeasured.,.deploy-control/p0/evidence/orq13-v3-adversarial-peer-review.md,471fd719f7bf78317f01fb074d36c6190f0e45903e3c75e18049d8a9d2f99556,.deploy-control/p0/evidence/orq13-wave0-sqlc-baseline-runbook-v2.md,evidence,2026-07-27T15:12:00Z,ba82206f30a07a5a6974706b29e110604706a485ca0b5e2c8eac0c66ccdf8aff,ACTIVE,release-ledger:v1:ORQ-13:ba82206f30a07a5a6974706b29e110604706a485ca0b5e2c8eac0c66ccdf8aff
release-ledger.v1,2026-07-27T16:33:11Z,ORQ-13,todo,high,agent:4dc3b1f5-451f-4f68-b71e-91e856fed286,BLOCK_V3_1_PROPOSAL_PENDING_FINAL_REVIEW,Agy-P0-A8;Antigravity;Codex56#B;Opus48#A;Opus48#B,2026-07-27T11:11:45Z,2026-07-27T16:17:00Z,NOT_MEASURED,29,16,8,4,5,1,1,8,0,0,NONE,NOT_READY,Independent final reviewer; Codex56-TL migration registrar/execution authority; owner for any destructive Git abort authorization,Independently review V3.1; replace the git reset --hard abort route with a non-destructive recovery or obtain separate explicit authorization; verify RES-ORQ13-001 TTL/fingerprints; provide DB-backed handler test proof; only then seek separate commit A/B execution authorization.,External ORQ-21 -> ORQ-12 -> ORQ-13; ORQ-13 -> ORQ-41 DB/generated work,V3.1 is proposal-only; no execution/commit. Earlier handler go test evidence is NOT_PROVEN because TestMain can os.Exit(0) before m.Run without DB. Destructive reset --hard is rejected unless separately authorized. RES-ORQ13-001 expires 2026-07-28T15:37:12Z; lint risk remains unmeasured.,.deploy-control/p0/evidence/orq13-v3-adversarial-peer-review.md,471fd719f7bf78317f01fb074d36c6190f0e45903e3c75e18049d8a9d2f99556,.deploy-control/p0/checkins/CHECKOUT__Opus48#A__A__ORQ13-WAVE0-V2-PEER-REVIEW__20260727T153200Z.json,checkin,2026-07-27T15:32:00Z,dc28004b336aa823d5bee71c27594ab69e38a6a4f55ac33741e65784948324e2,ACTIVE,release-ledger:v1:ORQ-13:dc28004b336aa823d5bee71c27594ab69e38a6a4f55ac33741e65784948324e2
release-ledger.v1,2026-07-27T16:33:11Z,ORQ-13,todo,high,agent:4dc3b1f5-451f-4f68-b71e-91e856fed286,BLOCK_V3_1_PROPOSAL_PENDING_FINAL_REVIEW,Agy-P0-A8;Antigravity;Codex56#B;Opus48#A;Opus48#B,2026-07-27T11:11:45Z,2026-07-27T16:17:00Z,NOT_MEASURED,29,16,8,4,5,1,1,8,0,0,NONE,NOT_READY,Independent final reviewer; Codex56-TL migration registrar/execution authority; owner for any destructive Git abort authorization,Independently review V3.1; replace the git reset --hard abort route with a non-destructive recovery or obtain separate explicit authorization; verify RES-ORQ13-001 TTL/fingerprints; provide DB-backed handler test proof; only then seek separate commit A/B execution authorization.,External ORQ-21 -> ORQ-12 -> ORQ-13; ORQ-13 -> ORQ-41 DB/generated work,V3.1 is proposal-only; no execution/commit. Earlier handler go test evidence is NOT_PROVEN because TestMain can os.Exit(0) before m.Run without DB. Destructive reset --hard is rejected unless separately authorized. RES-ORQ13-001 expires 2026-07-28T15:37:12Z; lint risk remains unmeasured.,.deploy-control/p0/evidence/orq13-v3-adversarial-peer-review.md,471fd719f7bf78317f01fb074d36c6190f0e45903e3c75e18049d8a9d2f99556,.deploy-control/p0/evidence/orq13-wave0-sqlc-baseline-v2-peer-review.md,evidence,2026-07-27T15:32:00Z,897e5fb05da7f659ffaaff59b3c0fc0b80bfc95399d35e36821280059e89f51c,ACTIVE,release-ledger:v1:ORQ-13:897e5fb05da7f659ffaaff59b3c0fc0b80bfc95399d35e36821280059e89f51c
release-ledger.v1,2026-07-27T16:33:11Z,ORQ-13,todo,high,agent:4dc3b1f5-451f-4f68-b71e-91e856fed286,BLOCK_V3_1_PROPOSAL_PENDING_FINAL_REVIEW,Agy-P0-A8;Antigravity;Codex56#B;Opus48#A;Opus48#B,2026-07-27T11:11:45Z,2026-07-27T16:17:00Z,NOT_MEASURED,29,16,8,4,5,1,1,8,0,0,NONE,NOT_READY,Independent final reviewer; Codex56-TL migration registrar/execution authority; owner for any destructive Git abort authorization,Independently review V3.1; replace the git reset --hard abort route with a non-destructive recovery or obtain separate explicit authorization; verify RES-ORQ13-001 TTL/fingerprints; provide DB-backed handler test proof; only then seek separate commit A/B execution authorization.,External ORQ-21 -> ORQ-12 -> ORQ-13; ORQ-13 -> ORQ-41 DB/generated work,V3.1 is proposal-only; no execution/commit. Earlier handler go test evidence is NOT_PROVEN because TestMain can os.Exit(0) before m.Run without DB. Destructive reset --hard is rejected unless separately authorized. RES-ORQ13-001 expires 2026-07-28T15:37:12Z; lint risk remains unmeasured.,.deploy-control/p0/evidence/orq13-v3-adversarial-peer-review.md,471fd719f7bf78317f01fb074d36c6190f0e45903e3c75e18049d8a9d2f99556,.deploy-control/p0/evidence/orq13-sqlc-split-runbook-v3.md,evidence,2026-07-27T15:45:00Z,0a6ae58f503a88ee777872e6ddaf6e03d29ff47977489ae64ae36340fc6682d2,V3_1_PROPOSAL_PENDING_FINAL_REVIEW,release-ledger:v1:ORQ-13:0a6ae58f503a88ee777872e6ddaf6e03d29ff47977489ae64ae36340fc6682d2
release-ledger.v1,2026-07-27T16:33:11Z,ORQ-13,todo,high,agent:4dc3b1f5-451f-4f68-b71e-91e856fed286,BLOCK_V3_1_PROPOSAL_PENDING_FINAL_REVIEW,Agy-P0-A8;Antigravity;Codex56#B;Opus48#A;Opus48#B,2026-07-27T11:11:45Z,2026-07-27T16:17:00Z,NOT_MEASURED,29,16,8,4,5,1,1,8,0,0,NONE,NOT_READY,Independent final reviewer; Codex56-TL migration registrar/execution authority; owner for any destructive Git abort authorization,Independently review V3.1; replace the git reset --hard abort route with a non-destructive recovery or obtain separate explicit authorization; verify RES-ORQ13-001 TTL/fingerprints; provide DB-backed handler test proof; only then seek separate commit A/B execution authorization.,External ORQ-21 -> ORQ-12 -> ORQ-13; ORQ-13 -> ORQ-41 DB/generated work,V3.1 is proposal-only; no execution/commit. Earlier handler go test evidence is NOT_PROVEN because TestMain can os.Exit(0) before m.Run without DB. Destructive reset --hard is rejected unless separately authorized. RES-ORQ13-001 expires 2026-07-28T15:37:12Z; lint risk remains unmeasured.,.deploy-control/p0/evidence/orq13-v3-adversarial-peer-review.md,471fd719f7bf78317f01fb074d36c6190f0e45903e3c75e18049d8a9d2f99556,.deploy-control/p0/checkins/CHECKOUT__Opus48-B__ORQ-13__ORQ13-SPLIT-RUNBOOK-V3__20260727T154800Z.json,checkin,2026-07-27T15:48:00Z,9292f6ecca76bed24c3afeb3792d81e246beb137c349b8fd188e7bb1c879f110,ACTIVE,release-ledger:v1:ORQ-13:9292f6ecca76bed24c3afeb3792d81e246beb137c349b8fd188e7bb1c879f110
release-ledger.v1,2026-07-27T16:33:11Z,ORQ-13,todo,high,agent:4dc3b1f5-451f-4f68-b71e-91e856fed286,BLOCK_V3_1_PROPOSAL_PENDING_FINAL_REVIEW,Agy-P0-A8;Antigravity;Codex56#B;Opus48#A;Opus48#B,2026-07-27T11:11:45Z,2026-07-27T16:17:00Z,NOT_MEASURED,29,16,8,4,5,1,1,8,0,0,NONE,NOT_READY,Independent final reviewer; Codex56-TL migration registrar/execution authority; owner for any destructive Git abort authorization,Independently review V3.1; replace the git reset --hard abort route with a non-destructive recovery or obtain separate explicit authorization; verify RES-ORQ13-001 TTL/fingerprints; provide DB-backed handler test proof; only then seek separate commit A/B execution authorization.,External ORQ-21 -> ORQ-12 -> ORQ-13; ORQ-13 -> ORQ-41 DB/generated work,V3.1 is proposal-only; no execution/commit. Earlier handler go test evidence is NOT_PROVEN because TestMain can os.Exit(0) before m.Run without DB. Destructive reset --hard is rejected unless separately authorized. RES-ORQ13-001 expires 2026-07-28T15:37:12Z; lint risk remains unmeasured.,.deploy-control/p0/evidence/orq13-v3-adversarial-peer-review.md,471fd719f7bf78317f01fb074d36c6190f0e45903e3c75e18049d8a9d2f99556,.deploy-control/p0/checkins/CHECKOUT__Opus48#A__A__ORQ13-V3-ADVERSARIAL-REVIEW__20260727T155200Z.json,checkin,2026-07-27T15:52:00Z,4e3ddc691689ffc3645d94c885c4a2f3e5c6cfbecff33bf07a5faba4abb75ffc,ACTIVE,release-ledger:v1:ORQ-13:4e3ddc691689ffc3645d94c885c4a2f3e5c6cfbecff33bf07a5faba4abb75ffc
release-ledger.v1,2026-07-27T16:33:11Z,ORQ-13,todo,high,agent:4dc3b1f5-451f-4f68-b71e-91e856fed286,BLOCK_V3_1_PROPOSAL_PENDING_FINAL_REVIEW,Agy-P0-A8;Antigravity;Codex56#B;Opus48#A;Opus48#B,2026-07-27T11:11:45Z,2026-07-27T16:17:00Z,NOT_MEASURED,29,16,8,4,5,1,1,8,0,0,NONE,NOT_READY,Independent final reviewer; Codex56-TL migration registrar/execution authority; owner for any destructive Git abort authorization,Independently review V3.1; replace the git reset --hard abort route with a non-destructive recovery or obtain separate explicit authorization; verify RES-ORQ13-001 TTL/fingerprints; provide DB-backed handler test proof; only then seek separate commit A/B execution authorization.,External ORQ-21 -> ORQ-12 -> ORQ-13; ORQ-13 -> ORQ-41 DB/generated work,V3.1 is proposal-only; no execution/commit. Earlier handler go test evidence is NOT_PROVEN because TestMain can os.Exit(0) before m.Run without DB. Destructive reset --hard is rejected unless separately authorized. RES-ORQ13-001 expires 2026-07-28T15:37:12Z; lint risk remains unmeasured.,.deploy-control/p0/evidence/orq13-v3-adversarial-peer-review.md,471fd719f7bf78317f01fb074d36c6190f0e45903e3c75e18049d8a9d2f99556,.deploy-control/p0/evidence/orq13-v3-adversarial-peer-review.md,evidence,2026-07-27T15:52:00Z,471fd719f7bf78317f01fb074d36c6190f0e45903e3c75e18049d8a9d2f99556,ACTIVE,release-ledger:v1:ORQ-13:471fd719f7bf78317f01fb074d36c6190f0e45903e3c75e18049d8a9d2f99556
release-ledger.v1,2026-07-27T16:33:11Z,ORQ-13,todo,high,agent:4dc3b1f5-451f-4f68-b71e-91e856fed286,BLOCK_V3_1_PROPOSAL_PENDING_FINAL_REVIEW,Agy-P0-A8;Antigravity;Codex56#B;Opus48#A;Opus48#B,2026-07-27T11:11:45Z,2026-07-27T16:17:00Z,NOT_MEASURED,29,16,8,4,5,1,1,8,0,0,NONE,NOT_READY,Independent final reviewer; Codex56-TL migration registrar/execution authority; owner for any destructive Git abort authorization,Independently review V3.1; replace the git reset --hard abort route with a non-destructive recovery or obtain separate explicit authorization; verify RES-ORQ13-001 TTL/fingerprints; provide DB-backed handler test proof; only then seek separate commit A/B execution authorization.,External ORQ-21 -> ORQ-12 -> ORQ-13; ORQ-13 -> ORQ-41 DB/generated work,V3.1 is proposal-only; no execution/commit. Earlier handler go test evidence is NOT_PROVEN because TestMain can os.Exit(0) before m.Run without DB. Destructive reset --hard is rejected unless separately authorized. RES-ORQ13-001 expires 2026-07-28T15:37:12Z; lint risk remains unmeasured.,.deploy-control/p0/evidence/orq13-v3-adversarial-peer-review.md,471fd719f7bf78317f01fb074d36c6190f0e45903e3c75e18049d8a9d2f99556,.deploy-control/p0/checkins/CHECKOUT__Opus48-B__ORQ-13__ORQ13-V3.1-AMENDMENT__20260727T161600Z.json,checkin,2026-07-27T16:16:00Z,1e5ccab8fc8d0706f425f2e0fad4917f43e9d1c80829caa914ebb31dd5e3bc67,V3_1_PROPOSAL_PENDING_FINAL_REVIEW,release-ledger:v1:ORQ-13:1e5ccab8fc8d0706f425f2e0fad4917f43e9d1c80829caa914ebb31dd5e3bc67
release-ledger.v1,2026-07-27T16:33:11Z,ORQ-13,todo,high,agent:4dc3b1f5-451f-4f68-b71e-91e856fed286,BLOCK_V3_1_PROPOSAL_PENDING_FINAL_REVIEW,Agy-P0-A8;Antigravity;Codex56#B;Opus48#A;Opus48#B,2026-07-27T11:11:45Z,2026-07-27T16:17:00Z,NOT_MEASURED,29,16,8,4,5,1,1,8,0,0,NONE,NOT_READY,Independent final reviewer; Codex56-TL migration registrar/execution authority; owner for any destructive Git abort authorization,Independently review V3.1; replace the git reset --hard abort route with a non-destructive recovery or obtain separate explicit authorization; verify RES-ORQ13-001 TTL/fingerprints; provide DB-backed handler test proof; only then seek separate commit A/B execution authorization.,External ORQ-21 -> ORQ-12 -> ORQ-13; ORQ-13 -> ORQ-41 DB/generated work,V3.1 is proposal-only; no execution/commit. Earlier handler go test evidence is NOT_PROVEN because TestMain can os.Exit(0) before m.Run without DB. Destructive reset --hard is rejected unless separately authorized. RES-ORQ13-001 expires 2026-07-28T15:37:12Z; lint risk remains unmeasured.,.deploy-control/p0/evidence/orq13-v3-adversarial-peer-review.md,471fd719f7bf78317f01fb074d36c6190f0e45903e3c75e18049d8a9d2f99556,.deploy-control/p0/evidence/orq13-false-green-test-inventory.md,evidence,2026-07-27T16:17:00Z,9ffee9a669a71eb8e096eab9d06ffc2f42cccdb05116fe3dea86e9c1936c2d68,ACTIVE_NOT_PROVEN_TEST_GATE_INVENTORY,release-ledger:v1:ORQ-13:9ffee9a669a71eb8e096eab9d06ffc2f42cccdb05116fe3dea86e9c1936c2d68
release-ledger.v1,2026-07-27T16:33:11Z,ORQ-17,todo,high,agent:4069a041-9c68-416a-b0cf-52226c076c6c,BLOCK_STAGE3B_C1_C8_CREDENTIAL_CREATION_NOT_AUTHORIZED,Agy-P0-A8;Antigravity;Codex;Codex56#A;Codex56#B;Opus48#A,2026-07-27T11:29:21Z,2026-07-27T16:27:50Z,NOT_MEASURED,97,46,27,14,7,8,0,11,3,1,40909d85ee1962745e436cc540c2323f95e59820;9cf3296fcf2c8d5ff72f439df16492e6cd76c1fa,9cf3296fcf2c8d5ff72f439df16492e6cd76c1fa (CODE-ONLY; RELEASE NOT READY),Stage3B runbook/helper owner for C1-C8; independent reviewer; human Owner for later secret-safe credential provisioning/login; General-TL for exact seven mounts,"Correct Stage3B C1-C8 and obtain a new independent PASS before any credential resolution/creation; then provision credential through the approved path, apply exactly seven Serve mounts, and perform real Owner login.",Independent code-only SHA; release closure depends on credential provisioning and owner-authorized live login,Credential creation is not authorized: C1-C8 remain. Owner credential input/authorization and real login remain pending. Serve/Funnel are empty; frontend/backend are healthy; code-only 9cf3296 is MATCHED_EXACT but not release closure.,.deploy-control/p0/evidence/orq17-stage3b-independent-adversarial-review.md,4b7ebd805171f2f11fd804501086efe2c09cba8dcdb2f2bd092fff87c99b3cf9,.deploy-control/p0/checkins/CHECKOUT__Antigravity__GTL-07-ORQ17-READINESS__20260727T112921Z.json,checkin,2026-07-27T11:29:21Z,1ec6656ea9138c01157e91d0c114357bd794b417e35813799b1622b925441a4a,ACTIVE,release-ledger:v1:ORQ-17:1ec6656ea9138c01157e91d0c114357bd794b417e35813799b1622b925441a4a
release-ledger.v1,2026-07-27T16:33:11Z,ORQ-17,todo,high,agent:4069a041-9c68-416a-b0cf-52226c076c6c,BLOCK_STAGE3B_C1_C8_CREDENTIAL_CREATION_NOT_AUTHORIZED,Agy-P0-A8;Antigravity;Codex;Codex56#A;Codex56#B;Opus48#A,2026-07-27T11:29:21Z,2026-07-27T16:27:50Z,NOT_MEASURED,97,46,27,14,7,8,0,11,3,1,40909d85ee1962745e436cc540c2323f95e59820;9cf3296fcf2c8d5ff72f439df16492e6cd76c1fa,9cf3296fcf2c8d5ff72f439df16492e6cd76c1fa (CODE-ONLY; RELEASE NOT READY),Stage3B runbook/helper owner for C1-C8; independent reviewer; human Owner for later secret-safe credential provisioning/login; General-TL for exact seven mounts,"Correct Stage3B C1-C8 and obtain a new independent PASS before any credential resolution/creation; then provision credential through the approved path, apply exactly seven Serve mounts, and perform real Owner login.",Independent code-only SHA; release closure depends on credential provisioning and owner-authorized live login,Credential creation is not authorized: C1-C8 remain. Owner credential input/authorization and real login remain pending. Serve/Funnel are empty; frontend/backend are healthy; code-only 9cf3296 is MATCHED_EXACT but not release closure.,.deploy-control/p0/evidence/orq17-stage3b-independent-adversarial-review.md,4b7ebd805171f2f11fd804501086efe2c09cba8dcdb2f2bd092fff87c99b3cf9,.deploy-control/p0/checkins/CHECKOUT__Codex56-B__ORQ-17-AUTH-NETWORK-AUDIT__20260727T113002Z.json,checkin,2026-07-27T11:30:02Z,be9e94074b280b5cafdb522b984f556f46537c54e38900b8387a776e712efe48,ACTIVE,release-ledger:v1:ORQ-17:be9e94074b280b5cafdb522b984f556f46537c54e38900b8387a776e712efe48
release-ledger.v1,2026-07-27T16:33:11Z,ORQ-17,todo,high,agent:4069a041-9c68-416a-b0cf-52226c076c6c,BLOCK_STAGE3B_C1_C8_CREDENTIAL_CREATION_NOT_AUTHORIZED,Agy-P0-A8;Antigravity;Codex;Codex56#A;Codex56#B;Opus48#A,2026-07-27T11:29:21Z,2026-07-27T16:27:50Z,NOT_MEASURED,97,46,27,14,7,8,0,11,3,1,40909d85ee1962745e436cc540c2323f95e59820;9cf3296fcf2c8d5ff72f439df16492e6cd76c1fa,9cf3296fcf2c8d5ff72f439df16492e6cd76c1fa (CODE-ONLY; RELEASE NOT READY),Stage3B runbook/helper owner for C1-C8; independent reviewer; human Owner for later secret-safe credential provisioning/login; General-TL for exact seven mounts,"Correct Stage3B C1-C8 and obtain a new independent PASS before any credential resolution/creation; then provision credential through the approved path, apply exactly seven Serve mounts, and perform real Owner login.",Independent code-only SHA; release closure depends on credential provisioning and owner-authorized live login,Credential creation is not authorized: C1-C8 remain. Owner credential input/authorization and real login remain pending. Serve/Funnel are empty; frontend/backend are healthy; code-only 9cf3296 is MATCHED_EXACT but not release closure.,.deploy-control/p0/evidence/orq17-stage3b-independent-adversarial-review.md,4b7ebd805171f2f11fd804501086efe2c09cba8dcdb2f2bd092fff87c99b3cf9,.deploy-control/p0/evidence/gtl-orq17-auth-peer-review.md,evidence,2026-07-27T11:40:00Z,b75ba6bc4601b8df763cd9d5d1019af17639f4e4236c9ad182a995d6da5e0910,ACTIVE,release-ledger:v1:ORQ-17:b75ba6bc4601b8df763cd9d5d1019af17639f4e4236c9ad182a995d6da5e0910
release-ledger.v1,2026-07-27T16:33:11Z,ORQ-17,todo,high,agent:4069a041-9c68-416a-b0cf-52226c076c6c,BLOCK_STAGE3B_C1_C8_CREDENTIAL_CREATION_NOT_AUTHORIZED,Agy-P0-A8;Antigravity;Codex;Codex56#A;Codex56#B;Opus48#A,2026-07-27T11:29:21Z,2026-07-27T16:27:50Z,NOT_MEASURED,97,46,27,14,7,8,0,11,3,1,40909d85ee1962745e436cc540c2323f95e59820;9cf3296fcf2c8d5ff72f439df16492e6cd76c1fa,9cf3296fcf2c8d5ff72f439df16492e6cd76c1fa (CODE-ONLY; RELEASE NOT READY),Stage3B runbook/helper owner for C1-C8; independent reviewer; human Owner for later secret-safe credential provisioning/login; General-TL for exact seven mounts,"Correct Stage3B C1-C8 and obtain a new independent PASS before any credential resolution/creation; then provision credential through the approved path, apply exactly seven Serve mounts, and perform real Owner login.",Independent code-only SHA; release closure depends on credential provisioning and owner-authorized live login,Credential creation is not authorized: C1-C8 remain. Owner credential input/authorization and real login remain pending. Serve/Funnel are empty; frontend/backend are healthy; code-only 9cf3296 is MATCHED_EXACT but not release closure.,.deploy-control/p0/evidence/orq17-stage3b-independent-adversarial-review.md,4b7ebd805171f2f11fd804501086efe2c09cba8dcdb2f2bd092fff87c99b3cf9,.deploy-control/p0/evidence/gtl-orq17-auth-remediation-design.md,evidence,2026-07-27T11:40:00Z,5fd7565097bd511cac25579a95e4528a6d1adc273fd354bad59d150a9cc48232,ACTIVE,release-ledger:v1:ORQ-17:5fd7565097bd511cac25579a95e4528a6d1adc273fd354bad59d150a9cc48232
release-ledger.v1,2026-07-27T16:33:11Z,ORQ-17,todo,high,agent:4069a041-9c68-416a-b0cf-52226c076c6c,BLOCK_STAGE3B_C1_C8_CREDENTIAL_CREATION_NOT_AUTHORIZED,Agy-P0-A8;Antigravity;Codex;Codex56#A;Codex56#B;Opus48#A,2026-07-27T11:29:21Z,2026-07-27T16:27:50Z,NOT_MEASURED,97,46,27,14,7,8,0,11,3,1,40909d85ee1962745e436cc540c2323f95e59820;9cf3296fcf2c8d5ff72f439df16492e6cd76c1fa,9cf3296fcf2c8d5ff72f439df16492e6cd76c1fa (CODE-ONLY; RELEASE NOT READY),Stage3B runbook/helper owner for C1-C8; independent reviewer; human Owner for later secret-safe credential provisioning/login; General-TL for exact seven mounts,"Correct Stage3B C1-C8 and obtain a new independent PASS before any credential resolution/creation; then provision credential through the approved path, apply exactly seven Serve mounts, and perform real Owner login.",Independent code-only SHA; release closure depends on credential provisioning and owner-authorized live login,Credential creation is not authorized: C1-C8 remain. Owner credential input/authorization and real login remain pending. Serve/Funnel are empty; frontend/backend are healthy; code-only 9cf3296 is MATCHED_EXACT but not release closure.,.deploy-control/p0/evidence/orq17-stage3b-independent-adversarial-review.md,4b7ebd805171f2f11fd804501086efe2c09cba8dcdb2f2bd092fff87c99b3cf9,.deploy-control/p0/checkins/Antigravity__GTL-ORQ17-AUTH-DESIGN__20260727T114043Z.json,checkin,2026-07-27T11:40:43Z,adb1f99277b9767c3331bd678ac8c7a4dc3220274dd8e93d0b08972208be9523,ACTIVE,release-ledger:v1:ORQ-17:adb1f99277b9767c3331bd678ac8c7a4dc3220274dd8e93d0b08972208be9523
release-ledger.v1,2026-07-27T16:33:11Z,ORQ-17,todo,high,agent:4069a041-9c68-416a-b0cf-52226c076c6c,BLOCK_STAGE3B_C1_C8_CREDENTIAL_CREATION_NOT_AUTHORIZED,Agy-P0-A8;Antigravity;Codex;Codex56#A;Codex56#B;Opus48#A,2026-07-27T11:29:21Z,2026-07-27T16:27:50Z,NOT_MEASURED,97,46,27,14,7,8,0,11,3,1,40909d85ee1962745e436cc540c2323f95e59820;9cf3296fcf2c8d5ff72f439df16492e6cd76c1fa,9cf3296fcf2c8d5ff72f439df16492e6cd76c1fa (CODE-ONLY; RELEASE NOT READY),Stage3B runbook/helper owner for C1-C8; independent reviewer; human Owner for later secret-safe credential provisioning/login; General-TL for exact seven mounts,"Correct Stage3B C1-C8 and obtain a new independent PASS before any credential resolution/creation; then provision credential through the approved path, apply exactly seven Serve mounts, and perform real Owner login.",Independent code-only SHA; release closure depends on credential provisioning and owner-authorized live login,Credential creation is not authorized: C1-C8 remain. Owner credential input/authorization and real login remain pending. Serve/Funnel are empty; frontend/backend are healthy; code-only 9cf3296 is MATCHED_EXACT but not release closure.,.deploy-control/p0/evidence/orq17-stage3b-independent-adversarial-review.md,4b7ebd805171f2f11fd804501086efe2c09cba8dcdb2f2bd092fff87c99b3cf9,.deploy-control/p0/checkins/CHECKOUT__Antigravity__GTL-52-ORQ17-AUTH-PEER-REVIEW__20260727T115056Z.json,checkin,2026-07-27T11:50:56Z,3a710f621eb1bd56bfecf25627d6f4579700f1143161c724f9a8009485ca53ea,ACTIVE,release-ledger:v1:ORQ-17:3a710f621eb1bd56bfecf25627d6f4579700f1143161c724f9a8009485ca53ea
release-ledger.v1,2026-07-27T16:33:11Z,ORQ-17,todo,high,agent:4069a041-9c68-416a-b0cf-52226c076c6c,BLOCK_STAGE3B_C1_C8_CREDENTIAL_CREATION_NOT_AUTHORIZED,Agy-P0-A8;Antigravity;Codex;Codex56#A;Codex56#B;Opus48#A,2026-07-27T11:29:21Z,2026-07-27T16:27:50Z,NOT_MEASURED,97,46,27,14,7,8,0,11,3,1,40909d85ee1962745e436cc540c2323f95e59820;9cf3296fcf2c8d5ff72f439df16492e6cd76c1fa,9cf3296fcf2c8d5ff72f439df16492e6cd76c1fa (CODE-ONLY; RELEASE NOT READY),Stage3B runbook/helper owner for C1-C8; independent reviewer; human Owner for later secret-safe credential provisioning/login; General-TL for exact seven mounts,"Correct Stage3B C1-C8 and obtain a new independent PASS before any credential resolution/creation; then provision credential through the approved path, apply exactly seven Serve mounts, and perform real Owner login.",Independent code-only SHA; release closure depends on credential provisioning and owner-authorized live login,Credential creation is not authorized: C1-C8 remain. Owner credential input/authorization and real login remain pending. Serve/Funnel are empty; frontend/backend are healthy; code-only 9cf3296 is MATCHED_EXACT but not release closure.,.deploy-control/p0/evidence/orq17-stage3b-independent-adversarial-review.md,4b7ebd805171f2f11fd804501086efe2c09cba8dcdb2f2bd092fff87c99b3cf9,.deploy-control/p0/checkins/CHECKOUT__Agy-P0-A8__gtl-orq17-auth-second-peer-review__20260727T115430Z.json,checkin,2026-07-27T11:54:30Z,1d37f5204a3196ffaaf9407f4eae9d487c93c96538545b639fd0d66ce53d2714,ACTIVE,release-ledger:v1:ORQ-17:1d37f5204a3196ffaaf9407f4eae9d487c93c96538545b639fd0d66ce53d2714
release-ledger.v1,2026-07-27T16:33:11Z,ORQ-17,todo,high,agent:4069a041-9c68-416a-b0cf-52226c076c6c,BLOCK_STAGE3B_C1_C8_CREDENTIAL_CREATION_NOT_AUTHORIZED,Agy-P0-A8;Antigravity;Codex;Codex56#A;Codex56#B;Opus48#A,2026-07-27T11:29:21Z,2026-07-27T16:27:50Z,NOT_MEASURED,97,46,27,14,7,8,0,11,3,1,40909d85ee1962745e436cc540c2323f95e59820;9cf3296fcf2c8d5ff72f439df16492e6cd76c1fa,9cf3296fcf2c8d5ff72f439df16492e6cd76c1fa (CODE-ONLY; RELEASE NOT READY),Stage3B runbook/helper owner for C1-C8; independent reviewer; human Owner for later secret-safe credential provisioning/login; General-TL for exact seven mounts,"Correct Stage3B C1-C8 and obtain a new independent PASS before any credential resolution/creation; then provision credential through the approved path, apply exactly seven Serve mounts, and perform real Owner login.",Independent code-only SHA; release closure depends on credential provisioning and owner-authorized live login,Credential creation is not authorized: C1-C8 remain. Owner credential input/authorization and real login remain pending. Serve/Funnel are empty; frontend/backend are healthy; code-only 9cf3296 is MATCHED_EXACT but not release closure.,.deploy-control/p0/evidence/orq17-stage3b-independent-adversarial-review.md,4b7ebd805171f2f11fd804501086efe2c09cba8dcdb2f2bd092fff87c99b3cf9,.deploy-control/p0/evidence/gtl-orq17-auth-second-peer-review.md,evidence,2026-07-27T11:54:30Z,e1f7cc382132f5e0b0909d1d5236afa1fded4adfc9e85b22840ceba8100b48c2,ACTIVE,release-ledger:v1:ORQ-17:e1f7cc382132f5e0b0909d1d5236afa1fded4adfc9e85b22840ceba8100b48c2
release-ledger.v1,2026-07-27T16:33:11Z,ORQ-17,todo,high,agent:4069a041-9c68-416a-b0cf-52226c076c6c,BLOCK_STAGE3B_C1_C8_CREDENTIAL_CREATION_NOT_AUTHORIZED,Agy-P0-A8;Antigravity;Codex;Codex56#A;Codex56#B;Opus48#A,2026-07-27T11:29:21Z,2026-07-27T16:27:50Z,NOT_MEASURED,97,46,27,14,7,8,0,11,3,1,40909d85ee1962745e436cc540c2323f95e59820;9cf3296fcf2c8d5ff72f439df16492e6cd76c1fa,9cf3296fcf2c8d5ff72f439df16492e6cd76c1fa (CODE-ONLY; RELEASE NOT READY),Stage3B runbook/helper owner for C1-C8; independent reviewer; human Owner for later secret-safe credential provisioning/login; General-TL for exact seven mounts,"Correct Stage3B C1-C8 and obtain a new independent PASS before any credential resolution/creation; then provision credential through the approved path, apply exactly seven Serve mounts, and perform real Owner login.",Independent code-only SHA; release closure depends on credential provisioning and owner-authorized live login,Credential creation is not authorized: C1-C8 remain. Owner credential input/authorization and real login remain pending. Serve/Funnel are empty; frontend/backend are healthy; code-only 9cf3296 is MATCHED_EXACT but not release closure.,.deploy-control/p0/evidence/orq17-stage3b-independent-adversarial-review.md,4b7ebd805171f2f11fd804501086efe2c09cba8dcdb2f2bd092fff87c99b3cf9,.deploy-control/p0/evidence/gtl-orq17-auth-remediation-v2.md,evidence,2026-07-27T11:57:00Z,1f92538e0d4808507185213ef4debfd539ed5268e535d1c1024e5ff086edf0a9,ACTIVE,release-ledger:v1:ORQ-17:1f92538e0d4808507185213ef4debfd539ed5268e535d1c1024e5ff086edf0a9
release-ledger.v1,2026-07-27T16:33:11Z,ORQ-17,todo,high,agent:4069a041-9c68-416a-b0cf-52226c076c6c,BLOCK_STAGE3B_C1_C8_CREDENTIAL_CREATION_NOT_AUTHORIZED,Agy-P0-A8;Antigravity;Codex;Codex56#A;Codex56#B;Opus48#A,2026-07-27T11:29:21Z,2026-07-27T16:27:50Z,NOT_MEASURED,97,46,27,14,7,8,0,11,3,1,40909d85ee1962745e436cc540c2323f95e59820;9cf3296fcf2c8d5ff72f439df16492e6cd76c1fa,9cf3296fcf2c8d5ff72f439df16492e6cd76c1fa (CODE-ONLY; RELEASE NOT READY),Stage3B runbook/helper owner for C1-C8; independent reviewer; human Owner for later secret-safe credential provisioning/login; General-TL for exact seven mounts,"Correct Stage3B C1-C8 and obtain a new independent PASS before any credential resolution/creation; then provision credential through the approved path, apply exactly seven Serve mounts, and perform real Owner login.",Independent code-only SHA; release closure depends on credential provisioning and owner-authorized live login,Credential creation is not authorized: C1-C8 remain. Owner credential input/authorization and real login remain pending. Serve/Funnel are empty; frontend/backend are healthy; code-only 9cf3296 is MATCHED_EXACT but not release closure.,.deploy-control/p0/evidence/orq17-stage3b-independent-adversarial-review.md,4b7ebd805171f2f11fd804501086efe2c09cba8dcdb2f2bd092fff87c99b3cf9,.deploy-control/p0/checkins/Antigravity__GTL-ORQ17-AUTH-V2-DESIGN__20260727T115756Z.json,checkin,2026-07-27T11:57:56Z,0670e1ee1c56dee3f43d269662344fc50e9c43621b77b7e8ef65460a233fca90,ACTIVE,release-ledger:v1:ORQ-17:0670e1ee1c56dee3f43d269662344fc50e9c43621b77b7e8ef65460a233fca90
release-ledger.v1,2026-07-27T16:33:11Z,ORQ-17,todo,high,agent:4069a041-9c68-416a-b0cf-52226c076c6c,BLOCK_STAGE3B_C1_C8_CREDENTIAL_CREATION_NOT_AUTHORIZED,Agy-P0-A8;Antigravity;Codex;Codex56#A;Codex56#B;Opus48#A,2026-07-27T11:29:21Z,2026-07-27T16:27:50Z,NOT_MEASURED,97,46,27,14,7,8,0,11,3,1,40909d85ee1962745e436cc540c2323f95e59820;9cf3296fcf2c8d5ff72f439df16492e6cd76c1fa,9cf3296fcf2c8d5ff72f439df16492e6cd76c1fa (CODE-ONLY; RELEASE NOT READY),Stage3B runbook/helper owner for C1-C8; independent reviewer; human Owner for later secret-safe credential provisioning/login; General-TL for exact seven mounts,"Correct Stage3B C1-C8 and obtain a new independent PASS before any credential resolution/creation; then provision credential through the approved path, apply exactly seven Serve mounts, and perform real Owner login.",Independent code-only SHA; release closure depends on credential provisioning and owner-authorized live login,Credential creation is not authorized: C1-C8 remain. Owner credential input/authorization and real login remain pending. Serve/Funnel are empty; frontend/backend are healthy; code-only 9cf3296 is MATCHED_EXACT but not release closure.,.deploy-control/p0/evidence/orq17-stage3b-independent-adversarial-review.md,4b7ebd805171f2f11fd804501086efe2c09cba8dcdb2f2bd092fff87c99b3cf9,.deploy-control/p0/checkins/CHECKOUT__Agy-P0-A8__gtl-orq17-auth-v2-peer-review__20260727T120627Z.json,checkin,2026-07-27T12:06:27Z,4253cf881316ee88a69068b4d271fbaf9395e93a0c1f0875419757cb314583d6,ACTIVE,release-ledger:v1:ORQ-17:4253cf881316ee88a69068b4d271fbaf9395e93a0c1f0875419757cb314583d6
release-ledger.v1,2026-07-27T16:33:11Z,ORQ-17,todo,high,agent:4069a041-9c68-416a-b0cf-52226c076c6c,BLOCK_STAGE3B_C1_C8_CREDENTIAL_CREATION_NOT_AUTHORIZED,Agy-P0-A8;Antigravity;Codex;Codex56#A;Codex56#B;Opus48#A,2026-07-27T11:29:21Z,2026-07-27T16:27:50Z,NOT_MEASURED,97,46,27,14,7,8,0,11,3,1,40909d85ee1962745e436cc540c2323f95e59820;9cf3296fcf2c8d5ff72f439df16492e6cd76c1fa,9cf3296fcf2c8d5ff72f439df16492e6cd76c1fa (CODE-ONLY; RELEASE NOT READY),Stage3B runbook/helper owner for C1-C8; independent reviewer; human Owner for later secret-safe credential provisioning/login; General-TL for exact seven mounts,"Correct Stage3B C1-C8 and obtain a new independent PASS before any credential resolution/creation; then provision credential through the approved path, apply exactly seven Serve mounts, and perform real Owner login.",Independent code-only SHA; release closure depends on credential provisioning and owner-authorized live login,Credential creation is not authorized: C1-C8 remain. Owner credential input/authorization and real login remain pending. Serve/Funnel are empty; frontend/backend are healthy; code-only 9cf3296 is MATCHED_EXACT but not release closure.,.deploy-control/p0/evidence/orq17-stage3b-independent-adversarial-review.md,4b7ebd805171f2f11fd804501086efe2c09cba8dcdb2f2bd092fff87c99b3cf9,.deploy-control/p0/evidence/gtl-orq17-auth-v2-peer-review.md,evidence,2026-07-27T12:06:27Z,c08594b9800a2d5251014b42619762e0dd3de66357fc661e0dab9c0e08b69c1e,ACTIVE,release-ledger:v1:ORQ-17:c08594b9800a2d5251014b42619762e0dd3de66357fc661e0dab9c0e08b69c1e
release-ledger.v1,2026-07-27T16:33:11Z,ORQ-17,todo,high,agent:4069a041-9c68-416a-b0cf-52226c076c6c,BLOCK_STAGE3B_C1_C8_CREDENTIAL_CREATION_NOT_AUTHORIZED,Agy-P0-A8;Antigravity;Codex;Codex56#A;Codex56#B;Opus48#A,2026-07-27T11:29:21Z,2026-07-27T16:27:50Z,NOT_MEASURED,97,46,27,14,7,8,0,11,3,1,40909d85ee1962745e436cc540c2323f95e59820;9cf3296fcf2c8d5ff72f439df16492e6cd76c1fa,9cf3296fcf2c8d5ff72f439df16492e6cd76c1fa (CODE-ONLY; RELEASE NOT READY),Stage3B runbook/helper owner for C1-C8; independent reviewer; human Owner for later secret-safe credential provisioning/login; General-TL for exact seven mounts,"Correct Stage3B C1-C8 and obtain a new independent PASS before any credential resolution/creation; then provision credential through the approved path, apply exactly seven Serve mounts, and perform real Owner login.",Independent code-only SHA; release closure depends on credential provisioning and owner-authorized live login,Credential creation is not authorized: C1-C8 remain. Owner credential input/authorization and real login remain pending. Serve/Funnel are empty; frontend/backend are healthy; code-only 9cf3296 is MATCHED_EXACT but not release closure.,.deploy-control/p0/evidence/orq17-stage3b-independent-adversarial-review.md,4b7ebd805171f2f11fd804501086efe2c09cba8dcdb2f2bd092fff87c99b3cf9,.deploy-control/p0/checkins/CHECKOUT__Antigravity__GTL-72-ORQ17-AUTH-PREFLIGHT__20260727T121156Z.json,checkin,2026-07-27T12:11:56Z,645062c6ccbf3312f4979663dff1a72eb3e1b4732e74bd026f602093208662c8,ACTIVE,release-ledger:v1:ORQ-17:645062c6ccbf3312f4979663dff1a72eb3e1b4732e74bd026f602093208662c8
release-ledger.v1,2026-07-27T16:33:11Z,ORQ-17,todo,high,agent:4069a041-9c68-416a-b0cf-52226c076c6c,BLOCK_STAGE3B_C1_C8_CREDENTIAL_CREATION_NOT_AUTHORIZED,Agy-P0-A8;Antigravity;Codex;Codex56#A;Codex56#B;Opus48#A,2026-07-27T11:29:21Z,2026-07-27T16:27:50Z,NOT_MEASURED,97,46,27,14,7,8,0,11,3,1,40909d85ee1962745e436cc540c2323f95e59820;9cf3296fcf2c8d5ff72f439df16492e6cd76c1fa,9cf3296fcf2c8d5ff72f439df16492e6cd76c1fa (CODE-ONLY; RELEASE NOT READY),Stage3B runbook/helper owner for C1-C8; independent reviewer; human Owner for later secret-safe credential provisioning/login; General-TL for exact seven mounts,"Correct Stage3B C1-C8 and obtain a new independent PASS before any credential resolution/creation; then provision credential through the approved path, apply exactly seven Serve mounts, and perform real Owner login.",Independent code-only SHA; release closure depends on credential provisioning and owner-authorized live login,Credential creation is not authorized: C1-C8 remain. Owner credential input/authorization and real login remain pending. Serve/Funnel are empty; frontend/backend are healthy; code-only 9cf3296 is MATCHED_EXACT but not release closure.,.deploy-control/p0/evidence/orq17-stage3b-independent-adversarial-review.md,4b7ebd805171f2f11fd804501086efe2c09cba8dcdb2f2bd092fff87c99b3cf9,.deploy-control/p0/evidence/gtl-orq17-auth-code-preflight.md,evidence,2026-07-27T12:12:00Z,c491f4e948f870e6331b670c7f8ba0e0cf990450051b35b488e67dcdcf3a1bbd,ACTIVE,release-ledger:v1:ORQ-17:c491f4e948f870e6331b670c7f8ba0e0cf990450051b35b488e67dcdcf3a1bbd
release-ledger.v1,2026-07-27T16:33:11Z,ORQ-17,todo,high,agent:4069a041-9c68-416a-b0cf-52226c076c6c,BLOCK_STAGE3B_C1_C8_CREDENTIAL_CREATION_NOT_AUTHORIZED,Agy-P0-A8;Antigravity;Codex;Codex56#A;Codex56#B;Opus48#A,2026-07-27T11:29:21Z,2026-07-27T16:27:50Z,NOT_MEASURED,97,46,27,14,7,8,0,11,3,1,40909d85ee1962745e436cc540c2323f95e59820;9cf3296fcf2c8d5ff72f439df16492e6cd76c1fa,9cf3296fcf2c8d5ff72f439df16492e6cd76c1fa (CODE-ONLY; RELEASE NOT READY),Stage3B runbook/helper owner for C1-C8; independent reviewer; human Owner for later secret-safe credential provisioning/login; General-TL for exact seven mounts,"Correct Stage3B C1-C8 and obtain a new independent PASS before any credential resolution/creation; then provision credential through the approved path, apply exactly seven Serve mounts, and perform real Owner login.",Independent code-only SHA; release closure depends on credential provisioning and owner-authorized live login,Credential creation is not authorized: C1-C8 remain. Owner credential input/authorization and real login remain pending. Serve/Funnel are empty; frontend/backend are healthy; code-only 9cf3296 is MATCHED_EXACT but not release closure.,.deploy-control/p0/evidence/orq17-stage3b-independent-adversarial-review.md,4b7ebd805171f2f11fd804501086efe2c09cba8dcdb2f2bd092fff87c99b3cf9,.deploy-control/p0/checkins/CHECKOUT__Agy-P0-A8__gtl-orq17-auth-code-preflight-peer-review__20260727T121227Z.json,checkin,2026-07-27T12:12:27Z,9084878e4151f8c5ece64ade74e99d23815013110f4bca452364031e7d67ecd2,ACTIVE,release-ledger:v1:ORQ-17:9084878e4151f8c5ece64ade74e99d23815013110f4bca452364031e7d67ecd2
release-ledger.v1,2026-07-27T16:33:11Z,ORQ-17,todo,high,agent:4069a041-9c68-416a-b0cf-52226c076c6c,BLOCK_STAGE3B_C1_C8_CREDENTIAL_CREATION_NOT_AUTHORIZED,Agy-P0-A8;Antigravity;Codex;Codex56#A;Codex56#B;Opus48#A,2026-07-27T11:29:21Z,2026-07-27T16:27:50Z,NOT_MEASURED,97,46,27,14,7,8,0,11,3,1,40909d85ee1962745e436cc540c2323f95e59820;9cf3296fcf2c8d5ff72f439df16492e6cd76c1fa,9cf3296fcf2c8d5ff72f439df16492e6cd76c1fa (CODE-ONLY; RELEASE NOT READY),Stage3B runbook/helper owner for C1-C8; independent reviewer; human Owner for later secret-safe credential provisioning/login; General-TL for exact seven mounts,"Correct Stage3B C1-C8 and obtain a new independent PASS before any credential resolution/creation; then provision credential through the approved path, apply exactly seven Serve mounts, and perform real Owner login.",Independent code-only SHA; release closure depends on credential provisioning and owner-authorized live login,Credential creation is not authorized: C1-C8 remain. Owner credential input/authorization and real login remain pending. Serve/Funnel are empty; frontend/backend are healthy; code-only 9cf3296 is MATCHED_EXACT but not release closure.,.deploy-control/p0/evidence/orq17-stage3b-independent-adversarial-review.md,4b7ebd805171f2f11fd804501086efe2c09cba8dcdb2f2bd092fff87c99b3cf9,.deploy-control/p0/evidence/gtl-orq17-auth-code-preflight-peer-review.md,evidence,2026-07-27T12:12:27Z,327e236b8f6909bf5c65536775c6bd73e56148eb337dbefe1ac9302d00f4104c,ACTIVE,release-ledger:v1:ORQ-17:327e236b8f6909bf5c65536775c6bd73e56148eb337dbefe1ac9302d00f4104c
release-ledger.v1,2026-07-27T16:33:11Z,ORQ-17,todo,high,agent:4069a041-9c68-416a-b0cf-52226c076c6c,BLOCK_STAGE3B_C1_C8_CREDENTIAL_CREATION_NOT_AUTHORIZED,Agy-P0-A8;Antigravity;Codex;Codex56#A;Codex56#B;Opus48#A,2026-07-27T11:29:21Z,2026-07-27T16:27:50Z,NOT_MEASURED,97,46,27,14,7,8,0,11,3,1,40909d85ee1962745e436cc540c2323f95e59820;9cf3296fcf2c8d5ff72f439df16492e6cd76c1fa,9cf3296fcf2c8d5ff72f439df16492e6cd76c1fa (CODE-ONLY; RELEASE NOT READY),Stage3B runbook/helper owner for C1-C8; independent reviewer; human Owner for later secret-safe credential provisioning/login; General-TL for exact seven mounts,"Correct Stage3B C1-C8 and obtain a new independent PASS before any credential resolution/creation; then provision credential through the approved path, apply exactly seven Serve mounts, and perform real Owner login.",Independent code-only SHA; release closure depends on credential provisioning and owner-authorized live login,Credential creation is not authorized: C1-C8 remain. Owner credential input/authorization and real login remain pending. Serve/Funnel are empty; frontend/backend are healthy; code-only 9cf3296 is MATCHED_EXACT but not release closure.,.deploy-control/p0/evidence/orq17-stage3b-independent-adversarial-review.md,4b7ebd805171f2f11fd804501086efe2c09cba8dcdb2f2bd092fff87c99b3cf9,.deploy-control/p0/checkins/CHECKOUT__Agy-P0-A8__gtl-orq17-auth-regression-tests-implementation__20260727T122331Z.json,checkin,2026-07-27T12:23:31Z,ff8f50850ea12bd38c45106700ddb446b714a001cf8f2ca23598d5375c7d374a,ACTIVE,release-ledger:v1:ORQ-17:ff8f50850ea12bd38c45106700ddb446b714a001cf8f2ca23598d5375c7d374a
release-ledger.v1,2026-07-27T16:33:11Z,ORQ-17,todo,high,agent:4069a041-9c68-416a-b0cf-52226c076c6c,BLOCK_STAGE3B_C1_C8_CREDENTIAL_CREATION_NOT_AUTHORIZED,Agy-P0-A8;Antigravity;Codex;Codex56#A;Codex56#B;Opus48#A,2026-07-27T11:29:21Z,2026-07-27T16:27:50Z,NOT_MEASURED,97,46,27,14,7,8,0,11,3,1,40909d85ee1962745e436cc540c2323f95e59820;9cf3296fcf2c8d5ff72f439df16492e6cd76c1fa,9cf3296fcf2c8d5ff72f439df16492e6cd76c1fa (CODE-ONLY; RELEASE NOT READY),Stage3B runbook/helper owner for C1-C8; independent reviewer; human Owner for later secret-safe credential provisioning/login; General-TL for exact seven mounts,"Correct Stage3B C1-C8 and obtain a new independent PASS before any credential resolution/creation; then provision credential through the approved path, apply exactly seven Serve mounts, and perform real Owner login.",Independent code-only SHA; release closure depends on credential provisioning and owner-authorized live login,Credential creation is not authorized: C1-C8 remain. Owner credential input/authorization and real login remain pending. Serve/Funnel are empty; frontend/backend are healthy; code-only 9cf3296 is MATCHED_EXACT but not release closure.,.deploy-control/p0/evidence/orq17-stage3b-independent-adversarial-review.md,4b7ebd805171f2f11fd804501086efe2c09cba8dcdb2f2bd092fff87c99b3cf9,.deploy-control/p0/evidence/gtl-orq17-auth-regression-tests-peer-review.md,evidence,2026-07-27T12:31:00Z,983b1f85d7b766c9ff555dacb7ea8f1bb03f9f5d883c3b3eac919450efc64e92,ACTIVE,release-ledger:v1:ORQ-17:983b1f85d7b766c9ff555dacb7ea8f1bb03f9f5d883c3b3eac919450efc64e92
release-ledger.v1,2026-07-27T16:33:11Z,ORQ-17,todo,high,agent:4069a041-9c68-416a-b0cf-52226c076c6c,BLOCK_STAGE3B_C1_C8_CREDENTIAL_CREATION_NOT_AUTHORIZED,Agy-P0-A8;Antigravity;Codex;Codex56#A;Codex56#B;Opus48#A,2026-07-27T11:29:21Z,2026-07-27T16:27:50Z,NOT_MEASURED,97,46,27,14,7,8,0,11,3,1,40909d85ee1962745e436cc540c2323f95e59820;9cf3296fcf2c8d5ff72f439df16492e6cd76c1fa,9cf3296fcf2c8d5ff72f439df16492e6cd76c1fa (CODE-ONLY; RELEASE NOT READY),Stage3B runbook/helper owner for C1-C8; independent reviewer; human Owner for later secret-safe credential provisioning/login; General-TL for exact seven mounts,"Correct Stage3B C1-C8 and obtain a new independent PASS before any credential resolution/creation; then provision credential through the approved path, apply exactly seven Serve mounts, and perform real Owner login.",Independent code-only SHA; release closure depends on credential provisioning and owner-authorized live login,Credential creation is not authorized: C1-C8 remain. Owner credential input/authorization and real login remain pending. Serve/Funnel are empty; frontend/backend are healthy; code-only 9cf3296 is MATCHED_EXACT but not release closure.,.deploy-control/p0/evidence/orq17-stage3b-independent-adversarial-review.md,4b7ebd805171f2f11fd804501086efe2c09cba8dcdb2f2bd092fff87c99b3cf9,.deploy-control/p0/checkins/CHECKOUT__Opus48#A__A__GTL-ORQ17-CUTOVER-PLAN-V3__20260727T123500Z.json,checkin,2026-07-27T12:35:00Z,56e9999947fa70efb5585c486032d8e1d7a042c77587ac514f7effaaae987ca2,ACTIVE,release-ledger:v1:ORQ-17:56e9999947fa70efb5585c486032d8e1d7a042c77587ac514f7effaaae987ca2
release-ledger.v1,2026-07-27T16:33:11Z,ORQ-17,todo,high,agent:4069a041-9c68-416a-b0cf-52226c076c6c,BLOCK_STAGE3B_C1_C8_CREDENTIAL_CREATION_NOT_AUTHORIZED,Agy-P0-A8;Antigravity;Codex;Codex56#A;Codex56#B;Opus48#A,2026-07-27T11:29:21Z,2026-07-27T16:27:50Z,NOT_MEASURED,97,46,27,14,7,8,0,11,3,1,40909d85ee1962745e436cc540c2323f95e59820;9cf3296fcf2c8d5ff72f439df16492e6cd76c1fa,9cf3296fcf2c8d5ff72f439df16492e6cd76c1fa (CODE-ONLY; RELEASE NOT READY),Stage3B runbook/helper owner for C1-C8; independent reviewer; human Owner for later secret-safe credential provisioning/login; General-TL for exact seven mounts,"Correct Stage3B C1-C8 and obtain a new independent PASS before any credential resolution/creation; then provision credential through the approved path, apply exactly seven Serve mounts, and perform real Owner login.",Independent code-only SHA; release closure depends on credential provisioning and owner-authorized live login,Credential creation is not authorized: C1-C8 remain. Owner credential input/authorization and real login remain pending. Serve/Funnel are empty; frontend/backend are healthy; code-only 9cf3296 is MATCHED_EXACT but not release closure.,.deploy-control/p0/evidence/orq17-stage3b-independent-adversarial-review.md,4b7ebd805171f2f11fd804501086efe2c09cba8dcdb2f2bd092fff87c99b3cf9,.deploy-control/p0/evidence/gtl-orq17-approved-cutover-plan.md,evidence,2026-07-27T12:35:00Z,abe811fc7b9ecaa194503dfade0d4ca1408fd1f606bb770a38f4a48f98b2034d,ACTIVE,release-ledger:v1:ORQ-17:abe811fc7b9ecaa194503dfade0d4ca1408fd1f606bb770a38f4a48f98b2034d
release-ledger.v1,2026-07-27T16:33:11Z,ORQ-17,todo,high,agent:4069a041-9c68-416a-b0cf-52226c076c6c,BLOCK_STAGE3B_C1_C8_CREDENTIAL_CREATION_NOT_AUTHORIZED,Agy-P0-A8;Antigravity;Codex;Codex56#A;Codex56#B;Opus48#A,2026-07-27T11:29:21Z,2026-07-27T16:27:50Z,NOT_MEASURED,97,46,27,14,7,8,0,11,3,1,40909d85ee1962745e436cc540c2323f95e59820;9cf3296fcf2c8d5ff72f439df16492e6cd76c1fa,9cf3296fcf2c8d5ff72f439df16492e6cd76c1fa (CODE-ONLY; RELEASE NOT READY),Stage3B runbook/helper owner for C1-C8; independent reviewer; human Owner for later secret-safe credential provisioning/login; General-TL for exact seven mounts,"Correct Stage3B C1-C8 and obtain a new independent PASS before any credential resolution/creation; then provision credential through the approved path, apply exactly seven Serve mounts, and perform real Owner login.",Independent code-only SHA; release closure depends on credential provisioning and owner-authorized live login,Credential creation is not authorized: C1-C8 remain. Owner credential input/authorization and real login remain pending. Serve/Funnel are empty; frontend/backend are healthy; code-only 9cf3296 is MATCHED_EXACT but not release closure.,.deploy-control/p0/evidence/orq17-stage3b-independent-adversarial-review.md,4b7ebd805171f2f11fd804501086efe2c09cba8dcdb2f2bd092fff87c99b3cf9,.deploy-control/p0/evidence/gtl-orq17-cutover-v3-peer-review.md,evidence,2026-07-27T12:39:00Z,5e41f3aa041c34f0b00eb3220634d2b0357ec5cadcf79487d6517985ad38df0d,ACTIVE,release-ledger:v1:ORQ-17:5e41f3aa041c34f0b00eb3220634d2b0357ec5cadcf79487d6517985ad38df0d
release-ledger.v1,2026-07-27T16:33:11Z,ORQ-17,todo,high,agent:4069a041-9c68-416a-b0cf-52226c076c6c,BLOCK_STAGE3B_C1_C8_CREDENTIAL_CREATION_NOT_AUTHORIZED,Agy-P0-A8;Antigravity;Codex;Codex56#A;Codex56#B;Opus48#A,2026-07-27T11:29:21Z,2026-07-27T16:27:50Z,NOT_MEASURED,97,46,27,14,7,8,0,11,3,1,40909d85ee1962745e436cc540c2323f95e59820;9cf3296fcf2c8d5ff72f439df16492e6cd76c1fa,9cf3296fcf2c8d5ff72f439df16492e6cd76c1fa (CODE-ONLY; RELEASE NOT READY),Stage3B runbook/helper owner for C1-C8; independent reviewer; human Owner for later secret-safe credential provisioning/login; General-TL for exact seven mounts,"Correct Stage3B C1-C8 and obtain a new independent PASS before any credential resolution/creation; then provision credential through the approved path, apply exactly seven Serve mounts, and perform real Owner login.",Independent code-only SHA; release closure depends on credential provisioning and owner-authorized live login,Credential creation is not authorized: C1-C8 remain. Owner credential input/authorization and real login remain pending. Serve/Funnel are empty; frontend/backend are healthy; code-only 9cf3296 is MATCHED_EXACT but not release closure.,.deploy-control/p0/evidence/orq17-stage3b-independent-adversarial-review.md,4b7ebd805171f2f11fd804501086efe2c09cba8dcdb2f2bd092fff87c99b3cf9,.deploy-control/p0/checkins/Antigravity__ORQ-17__GTL-R17-CUTOVER-PEER-REVIEW__20260727T123924Z.json,checkin,2026-07-27T12:39:24Z,a200b0be1f4f7402dcceffad99a25a5ea54ca668df62ecb0356613c446b3111f,ACTIVE,release-ledger:v1:ORQ-17:a200b0be1f4f7402dcceffad99a25a5ea54ca668df62ecb0356613c446b3111f
release-ledger.v1,2026-07-27T16:33:11Z,ORQ-17,todo,high,agent:4069a041-9c68-416a-b0cf-52226c076c6c,BLOCK_STAGE3B_C1_C8_CREDENTIAL_CREATION_NOT_AUTHORIZED,Agy-P0-A8;Antigravity;Codex;Codex56#A;Codex56#B;Opus48#A,2026-07-27T11:29:21Z,2026-07-27T16:27:50Z,NOT_MEASURED,97,46,27,14,7,8,0,11,3,1,40909d85ee1962745e436cc540c2323f95e59820;9cf3296fcf2c8d5ff72f439df16492e6cd76c1fa,9cf3296fcf2c8d5ff72f439df16492e6cd76c1fa (CODE-ONLY; RELEASE NOT READY),Stage3B runbook/helper owner for C1-C8; independent reviewer; human Owner for later secret-safe credential provisioning/login; General-TL for exact seven mounts,"Correct Stage3B C1-C8 and obtain a new independent PASS before any credential resolution/creation; then provision credential through the approved path, apply exactly seven Serve mounts, and perform real Owner login.",Independent code-only SHA; release closure depends on credential provisioning and owner-authorized live login,Credential creation is not authorized: C1-C8 remain. Owner credential input/authorization and real login remain pending. Serve/Funnel are empty; frontend/backend are healthy; code-only 9cf3296 is MATCHED_EXACT but not release closure.,.deploy-control/p0/evidence/orq17-stage3b-independent-adversarial-review.md,4b7ebd805171f2f11fd804501086efe2c09cba8dcdb2f2bd092fff87c99b3cf9,.deploy-control/p0/checkins/CHECKOUT__Agy-P0-A8__gtl-orq17-auth-regression-tests-implementation__20260727T123933Z.json,checkin,2026-07-27T12:39:33Z,c067d151a7dd584e82219853169724fc3a4ebc10d3cb16da26ce52f8dc83a013,ACTIVE,release-ledger:v1:ORQ-17:c067d151a7dd584e82219853169724fc3a4ebc10d3cb16da26ce52f8dc83a013
release-ledger.v1,2026-07-27T16:33:11Z,ORQ-17,todo,high,agent:4069a041-9c68-416a-b0cf-52226c076c6c,BLOCK_STAGE3B_C1_C8_CREDENTIAL_CREATION_NOT_AUTHORIZED,Agy-P0-A8;Antigravity;Codex;Codex56#A;Codex56#B;Opus48#A,2026-07-27T11:29:21Z,2026-07-27T16:27:50Z,NOT_MEASURED,97,46,27,14,7,8,0,11,3,1,40909d85ee1962745e436cc540c2323f95e59820;9cf3296fcf2c8d5ff72f439df16492e6cd76c1fa,9cf3296fcf2c8d5ff72f439df16492e6cd76c1fa (CODE-ONLY; RELEASE NOT READY),Stage3B runbook/helper owner for C1-C8; independent reviewer; human Owner for later secret-safe credential provisioning/login; General-TL for exact seven mounts,"Correct Stage3B C1-C8 and obtain a new independent PASS before any credential resolution/creation; then provision credential through the approved path, apply exactly seven Serve mounts, and perform real Owner login.",Independent code-only SHA; release closure depends on credential provisioning and owner-authorized live login,Credential creation is not authorized: C1-C8 remain. Owner credential input/authorization and real login remain pending. Serve/Funnel are empty; frontend/backend are healthy; code-only 9cf3296 is MATCHED_EXACT but not release closure.,.deploy-control/p0/evidence/orq17-stage3b-independent-adversarial-review.md,4b7ebd805171f2f11fd804501086efe2c09cba8dcdb2f2bd092fff87c99b3cf9,.deploy-control/p0/evidence/gtl-orq17-cutover-v4-peer-review.md,evidence,2026-07-27T12:46:00Z,c3f7d1ae28c06dc746eeffb5ffb1cfcd9f528820c503d2c437d636c521351491,ACTIVE,release-ledger:v1:ORQ-17:c3f7d1ae28c06dc746eeffb5ffb1cfcd9f528820c503d2c437d636c521351491
release-ledger.v1,2026-07-27T16:33:11Z,ORQ-17,todo,high,agent:4069a041-9c68-416a-b0cf-52226c076c6c,BLOCK_STAGE3B_C1_C8_CREDENTIAL_CREATION_NOT_AUTHORIZED,Agy-P0-A8;Antigravity;Codex;Codex56#A;Codex56#B;Opus48#A,2026-07-27T11:29:21Z,2026-07-27T16:27:50Z,NOT_MEASURED,97,46,27,14,7,8,0,11,3,1,40909d85ee1962745e436cc540c2323f95e59820;9cf3296fcf2c8d5ff72f439df16492e6cd76c1fa,9cf3296fcf2c8d5ff72f439df16492e6cd76c1fa (CODE-ONLY; RELEASE NOT READY),Stage3B runbook/helper owner for C1-C8; independent reviewer; human Owner for later secret-safe credential provisioning/login; General-TL for exact seven mounts,"Correct Stage3B C1-C8 and obtain a new independent PASS before any credential resolution/creation; then provision credential through the approved path, apply exactly seven Serve mounts, and perform real Owner login.",Independent code-only SHA; release closure depends on credential provisioning and owner-authorized live login,Credential creation is not authorized: C1-C8 remain. Owner credential input/authorization and real login remain pending. Serve/Funnel are empty; frontend/backend are healthy; code-only 9cf3296 is MATCHED_EXACT but not release closure.,.deploy-control/p0/evidence/orq17-stage3b-independent-adversarial-review.md,4b7ebd805171f2f11fd804501086efe2c09cba8dcdb2f2bd092fff87c99b3cf9,.deploy-control/p0/checkins/Antigravity__ORQ-17__GTL-R17R-V4-CUTOVER-PEER-REVIEW__20260727T124701Z.json,checkin,2026-07-27T12:47:01Z,b18c6fbac15eba8178631541b6732b24f2b2b9776f00209a0c900621dee6213a,ACTIVE,release-ledger:v1:ORQ-17:b18c6fbac15eba8178631541b6732b24f2b2b9776f00209a0c900621dee6213a
release-ledger.v1,2026-07-27T16:33:11Z,ORQ-17,todo,high,agent:4069a041-9c68-416a-b0cf-52226c076c6c,BLOCK_STAGE3B_C1_C8_CREDENTIAL_CREATION_NOT_AUTHORIZED,Agy-P0-A8;Antigravity;Codex;Codex56#A;Codex56#B;Opus48#A,2026-07-27T11:29:21Z,2026-07-27T16:27:50Z,NOT_MEASURED,97,46,27,14,7,8,0,11,3,1,40909d85ee1962745e436cc540c2323f95e59820;9cf3296fcf2c8d5ff72f439df16492e6cd76c1fa,9cf3296fcf2c8d5ff72f439df16492e6cd76c1fa (CODE-ONLY; RELEASE NOT READY),Stage3B runbook/helper owner for C1-C8; independent reviewer; human Owner for later secret-safe credential provisioning/login; General-TL for exact seven mounts,"Correct Stage3B C1-C8 and obtain a new independent PASS before any credential resolution/creation; then provision credential through the approved path, apply exactly seven Serve mounts, and perform real Owner login.",Independent code-only SHA; release closure depends on credential provisioning and owner-authorized live login,Credential creation is not authorized: C1-C8 remain. Owner credential input/authorization and real login remain pending. Serve/Funnel are empty; frontend/backend are healthy; code-only 9cf3296 is MATCHED_EXACT but not release closure.,.deploy-control/p0/evidence/orq17-stage3b-independent-adversarial-review.md,4b7ebd805171f2f11fd804501086efe2c09cba8dcdb2f2bd092fff87c99b3cf9,.deploy-control/p0/checkins/CHECKOUT__Opus48#A__A__GTL-ORQ17-V4__20260727T124800Z.json,checkin,2026-07-27T12:48:00Z,2f2ecc87af29e87c2c2c8c15f5285c886646225f1c54046ed6b4a9fa9bf52489,ACTIVE,release-ledger:v1:ORQ-17:2f2ecc87af29e87c2c2c8c15f5285c886646225f1c54046ed6b4a9fa9bf52489
release-ledger.v1,2026-07-27T16:33:11Z,ORQ-17,todo,high,agent:4069a041-9c68-416a-b0cf-52226c076c6c,BLOCK_STAGE3B_C1_C8_CREDENTIAL_CREATION_NOT_AUTHORIZED,Agy-P0-A8;Antigravity;Codex;Codex56#A;Codex56#B;Opus48#A,2026-07-27T11:29:21Z,2026-07-27T16:27:50Z,NOT_MEASURED,97,46,27,14,7,8,0,11,3,1,40909d85ee1962745e436cc540c2323f95e59820;9cf3296fcf2c8d5ff72f439df16492e6cd76c1fa,9cf3296fcf2c8d5ff72f439df16492e6cd76c1fa (CODE-ONLY; RELEASE NOT READY),Stage3B runbook/helper owner for C1-C8; independent reviewer; human Owner for later secret-safe credential provisioning/login; General-TL for exact seven mounts,"Correct Stage3B C1-C8 and obtain a new independent PASS before any credential resolution/creation; then provision credential through the approved path, apply exactly seven Serve mounts, and perform real Owner login.",Independent code-only SHA; release closure depends on credential provisioning and owner-authorized live login,Credential creation is not authorized: C1-C8 remain. Owner credential input/authorization and real login remain pending. Serve/Funnel are empty; frontend/backend are healthy; code-only 9cf3296 is MATCHED_EXACT but not release closure.,.deploy-control/p0/evidence/orq17-stage3b-independent-adversarial-review.md,4b7ebd805171f2f11fd804501086efe2c09cba8dcdb2f2bd092fff87c99b3cf9,.deploy-control/p0/evidence/gtl-orq17-auth-regression-tests-peer-review-r2.md,evidence,2026-07-27T12:49:00Z,0e2891c229272876b2c7be56dec5505ab4087061cbfa2611b6f5b4c221b41a3f,ACTIVE,release-ledger:v1:ORQ-17:0e2891c229272876b2c7be56dec5505ab4087061cbfa2611b6f5b4c221b41a3f
release-ledger.v1,2026-07-27T16:33:11Z,ORQ-17,todo,high,agent:4069a041-9c68-416a-b0cf-52226c076c6c,BLOCK_STAGE3B_C1_C8_CREDENTIAL_CREATION_NOT_AUTHORIZED,Agy-P0-A8;Antigravity;Codex;Codex56#A;Codex56#B;Opus48#A,2026-07-27T11:29:21Z,2026-07-27T16:27:50Z,NOT_MEASURED,97,46,27,14,7,8,0,11,3,1,40909d85ee1962745e436cc540c2323f95e59820;9cf3296fcf2c8d5ff72f439df16492e6cd76c1fa,9cf3296fcf2c8d5ff72f439df16492e6cd76c1fa (CODE-ONLY; RELEASE NOT READY),Stage3B runbook/helper owner for C1-C8; independent reviewer; human Owner for later secret-safe credential provisioning/login; General-TL for exact seven mounts,"Correct Stage3B C1-C8 and obtain a new independent PASS before any credential resolution/creation; then provision credential through the approved path, apply exactly seven Serve mounts, and perform real Owner login.",Independent code-only SHA; release closure depends on credential provisioning and owner-authorized live login,Credential creation is not authorized: C1-C8 remain. Owner credential input/authorization and real login remain pending. Serve/Funnel are empty; frontend/backend are healthy; code-only 9cf3296 is MATCHED_EXACT but not release closure.,.deploy-control/p0/evidence/orq17-stage3b-independent-adversarial-review.md,4b7ebd805171f2f11fd804501086efe2c09cba8dcdb2f2bd092fff87c99b3cf9,.deploy-control/p0/checkins/CHECKOUT__Agy-P0-A8__gtl-orq17-auth-regression-tests-implementation__20260727T125151Z.json,checkin,2026-07-27T12:51:51Z,bf3883383640a23b3d91506baa9f817703e61dcd9cdc71bba54bba8908147e4c,ACTIVE,release-ledger:v1:ORQ-17:bf3883383640a23b3d91506baa9f817703e61dcd9cdc71bba54bba8908147e4c
release-ledger.v1,2026-07-27T16:33:11Z,ORQ-17,todo,high,agent:4069a041-9c68-416a-b0cf-52226c076c6c,BLOCK_STAGE3B_C1_C8_CREDENTIAL_CREATION_NOT_AUTHORIZED,Agy-P0-A8;Antigravity;Codex;Codex56#A;Codex56#B;Opus48#A,2026-07-27T11:29:21Z,2026-07-27T16:27:50Z,NOT_MEASURED,97,46,27,14,7,8,0,11,3,1,40909d85ee1962745e436cc540c2323f95e59820;9cf3296fcf2c8d5ff72f439df16492e6cd76c1fa,9cf3296fcf2c8d5ff72f439df16492e6cd76c1fa (CODE-ONLY; RELEASE NOT READY),Stage3B runbook/helper owner for C1-C8; independent reviewer; human Owner for later secret-safe credential provisioning/login; General-TL for exact seven mounts,"Correct Stage3B C1-C8 and obtain a new independent PASS before any credential resolution/creation; then provision credential through the approved path, apply exactly seven Serve mounts, and perform real Owner login.",Independent code-only SHA; release closure depends on credential provisioning and owner-authorized live login,Credential creation is not authorized: C1-C8 remain. Owner credential input/authorization and real login remain pending. Serve/Funnel are empty; frontend/backend are healthy; code-only 9cf3296 is MATCHED_EXACT but not release closure.,.deploy-control/p0/evidence/orq17-stage3b-independent-adversarial-review.md,4b7ebd805171f2f11fd804501086efe2c09cba8dcdb2f2bd092fff87c99b3cf9,.deploy-control/p0/evidence/gtl-orq17-auth-regression-tests-peer-review-final.md,evidence,2026-07-27T12:51:51Z,a0ff3a4f3347a94a2f3b0e79a597834608411bbac8f6b048fbbaf7a2c6a4cc3a,ACTIVE,release-ledger:v1:ORQ-17:a0ff3a4f3347a94a2f3b0e79a597834608411bbac8f6b048fbbaf7a2c6a4cc3a
release-ledger.v1,2026-07-27T16:33:11Z,ORQ-17,todo,high,agent:4069a041-9c68-416a-b0cf-52226c076c6c,BLOCK_STAGE3B_C1_C8_CREDENTIAL_CREATION_NOT_AUTHORIZED,Agy-P0-A8;Antigravity;Codex;Codex56#A;Codex56#B;Opus48#A,2026-07-27T11:29:21Z,2026-07-27T16:27:50Z,NOT_MEASURED,97,46,27,14,7,8,0,11,3,1,40909d85ee1962745e436cc540c2323f95e59820;9cf3296fcf2c8d5ff72f439df16492e6cd76c1fa,9cf3296fcf2c8d5ff72f439df16492e6cd76c1fa (CODE-ONLY; RELEASE NOT READY),Stage3B runbook/helper owner for C1-C8; independent reviewer; human Owner for later secret-safe credential provisioning/login; General-TL for exact seven mounts,"Correct Stage3B C1-C8 and obtain a new independent PASS before any credential resolution/creation; then provision credential through the approved path, apply exactly seven Serve mounts, and perform real Owner login.",Independent code-only SHA; release closure depends on credential provisioning and owner-authorized live login,Credential creation is not authorized: C1-C8 remain. Owner credential input/authorization and real login remain pending. Serve/Funnel are empty; frontend/backend are healthy; code-only 9cf3296 is MATCHED_EXACT but not release closure.,.deploy-control/p0/evidence/orq17-stage3b-independent-adversarial-review.md,4b7ebd805171f2f11fd804501086efe2c09cba8dcdb2f2bd092fff87c99b3cf9,.deploy-control/p0/checkins/CHECKOUT__Opus48#A__A__GTL-ORQ17-V4-10-ACL-DEVICE-MAP__20260727T125400Z.json,checkin,2026-07-27T12:54:00Z,2af2658c95382af51826aba88c888536fcf3ebf86ed8726f78bc88f96404d1f5,ACTIVE,release-ledger:v1:ORQ-17:2af2658c95382af51826aba88c888536fcf3ebf86ed8726f78bc88f96404d1f5
release-ledger.v1,2026-07-27T16:33:11Z,ORQ-17,todo,high,agent:4069a041-9c68-416a-b0cf-52226c076c6c,BLOCK_STAGE3B_C1_C8_CREDENTIAL_CREATION_NOT_AUTHORIZED,Agy-P0-A8;Antigravity;Codex;Codex56#A;Codex56#B;Opus48#A,2026-07-27T11:29:21Z,2026-07-27T16:27:50Z,NOT_MEASURED,97,46,27,14,7,8,0,11,3,1,40909d85ee1962745e436cc540c2323f95e59820;9cf3296fcf2c8d5ff72f439df16492e6cd76c1fa,9cf3296fcf2c8d5ff72f439df16492e6cd76c1fa (CODE-ONLY; RELEASE NOT READY),Stage3B runbook/helper owner for C1-C8; independent reviewer; human Owner for later secret-safe credential provisioning/login; General-TL for exact seven mounts,"Correct Stage3B C1-C8 and obtain a new independent PASS before any credential resolution/creation; then provision credential through the approved path, apply exactly seven Serve mounts, and perform real Owner login.",Independent code-only SHA; release closure depends on credential provisioning and owner-authorized live login,Credential creation is not authorized: C1-C8 remain. Owner credential input/authorization and real login remain pending. Serve/Funnel are empty; frontend/backend are healthy; code-only 9cf3296 is MATCHED_EXACT but not release closure.,.deploy-control/p0/evidence/orq17-stage3b-independent-adversarial-review.md,4b7ebd805171f2f11fd804501086efe2c09cba8dcdb2f2bd092fff87c99b3cf9,.deploy-control/p0/checkins/Antigravity__ORQ-17__GTL-R17D-DEVICE-MAP-VERIFY__20260727T125417Z.json,checkin,2026-07-27T12:54:17Z,94f235725244a6ea57fc2f8b96fb85eeac353fb3d0a9b61fa3c0144b2198c532,ACTIVE,release-ledger:v1:ORQ-17:94f235725244a6ea57fc2f8b96fb85eeac353fb3d0a9b61fa3c0144b2198c532
release-ledger.v1,2026-07-27T16:33:11Z,ORQ-17,todo,high,agent:4069a041-9c68-416a-b0cf-52226c076c6c,BLOCK_STAGE3B_C1_C8_CREDENTIAL_CREATION_NOT_AUTHORIZED,Agy-P0-A8;Antigravity;Codex;Codex56#A;Codex56#B;Opus48#A,2026-07-27T11:29:21Z,2026-07-27T16:27:50Z,NOT_MEASURED,97,46,27,14,7,8,0,11,3,1,40909d85ee1962745e436cc540c2323f95e59820;9cf3296fcf2c8d5ff72f439df16492e6cd76c1fa,9cf3296fcf2c8d5ff72f439df16492e6cd76c1fa (CODE-ONLY; RELEASE NOT READY),Stage3B runbook/helper owner for C1-C8; independent reviewer; human Owner for later secret-safe credential provisioning/login; General-TL for exact seven mounts,"Correct Stage3B C1-C8 and obtain a new independent PASS before any credential resolution/creation; then provision credential through the approved path, apply exactly seven Serve mounts, and perform real Owner login.",Independent code-only SHA; release closure depends on credential provisioning and owner-authorized live login,Credential creation is not authorized: C1-C8 remain. Owner credential input/authorization and real login remain pending. Serve/Funnel are empty; frontend/backend are healthy; code-only 9cf3296 is MATCHED_EXACT but not release closure.,.deploy-control/p0/evidence/orq17-stage3b-independent-adversarial-review.md,4b7ebd805171f2f11fd804501086efe2c09cba8dcdb2f2bd092fff87c99b3cf9,.deploy-control/p0/checkins/Antigravity__ORQ-17__HTTP-VS-HTTPS-COMPARISON__20260727T141433Z.json,checkin,2026-07-27T14:14:33Z,3b06ccb0ea4d7422d297e3817c0aef9e23d470fdc930d2b96eea8d03b7d5e0d4,ACTIVE,release-ledger:v1:ORQ-17:3b06ccb0ea4d7422d297e3817c0aef9e23d470fdc930d2b96eea8d03b7d5e0d4
release-ledger.v1,2026-07-27T16:33:11Z,ORQ-17,todo,high,agent:4069a041-9c68-416a-b0cf-52226c076c6c,BLOCK_STAGE3B_C1_C8_CREDENTIAL_CREATION_NOT_AUTHORIZED,Agy-P0-A8;Antigravity;Codex;Codex56#A;Codex56#B;Opus48#A,2026-07-27T11:29:21Z,2026-07-27T16:27:50Z,NOT_MEASURED,97,46,27,14,7,8,0,11,3,1,40909d85ee1962745e436cc540c2323f95e59820;9cf3296fcf2c8d5ff72f439df16492e6cd76c1fa,9cf3296fcf2c8d5ff72f439df16492e6cd76c1fa (CODE-ONLY; RELEASE NOT READY),Stage3B runbook/helper owner for C1-C8; independent reviewer; human Owner for later secret-safe credential provisioning/login; General-TL for exact seven mounts,"Correct Stage3B C1-C8 and obtain a new independent PASS before any credential resolution/creation; then provision credential through the approved path, apply exactly seven Serve mounts, and perform real Owner login.",Independent code-only SHA; release closure depends on credential provisioning and owner-authorized live login,Credential creation is not authorized: C1-C8 remain. Owner credential input/authorization and real login remain pending. Serve/Funnel are empty; frontend/backend are healthy; code-only 9cf3296 is MATCHED_EXACT but not release closure.,.deploy-control/p0/evidence/orq17-stage3b-independent-adversarial-review.md,4b7ebd805171f2f11fd804501086efe2c09cba8dcdb2f2bd092fff87c99b3cf9,.deploy-control/p0/evidence/gtl-orq17-http-vs-https-comparison.md,evidence,2026-07-27T14:15:00Z,64c67eba7c49ff7e09b538717bdae2a684b74c85b569c2cf0d5c824a4f9dc1c5,ACTIVE,release-ledger:v1:ORQ-17:64c67eba7c49ff7e09b538717bdae2a684b74c85b569c2cf0d5c824a4f9dc1c5
release-ledger.v1,2026-07-27T16:33:11Z,ORQ-17,todo,high,agent:4069a041-9c68-416a-b0cf-52226c076c6c,BLOCK_STAGE3B_C1_C8_CREDENTIAL_CREATION_NOT_AUTHORIZED,Agy-P0-A8;Antigravity;Codex;Codex56#A;Codex56#B;Opus48#A,2026-07-27T11:29:21Z,2026-07-27T16:27:50Z,NOT_MEASURED,97,46,27,14,7,8,0,11,3,1,40909d85ee1962745e436cc540c2323f95e59820;9cf3296fcf2c8d5ff72f439df16492e6cd76c1fa,9cf3296fcf2c8d5ff72f439df16492e6cd76c1fa (CODE-ONLY; RELEASE NOT READY),Stage3B runbook/helper owner for C1-C8; independent reviewer; human Owner for later secret-safe credential provisioning/login; General-TL for exact seven mounts,"Correct Stage3B C1-C8 and obtain a new independent PASS before any credential resolution/creation; then provision credential through the approved path, apply exactly seven Serve mounts, and perform real Owner login.",Independent code-only SHA; release closure depends on credential provisioning and owner-authorized live login,Credential creation is not authorized: C1-C8 remain. Owner credential input/authorization and real login remain pending. Serve/Funnel are empty; frontend/backend are healthy; code-only 9cf3296 is MATCHED_EXACT but not release closure.,.deploy-control/p0/evidence/orq17-stage3b-independent-adversarial-review.md,4b7ebd805171f2f11fd804501086efe2c09cba8dcdb2f2bd092fff87c99b3cf9,.deploy-control/p0/evidence/gtl-orq17-gate-zero-verification.md,evidence,2026-07-27T14:51:00Z,55f7dbefe018862291318f2e1290dcb38d1be95ed5a9793535bf584fc17064b7,ACTIVE,release-ledger:v1:ORQ-17:55f7dbefe018862291318f2e1290dcb38d1be95ed5a9793535bf584fc17064b7
release-ledger.v1,2026-07-27T16:33:11Z,ORQ-17,todo,high,agent:4069a041-9c68-416a-b0cf-52226c076c6c,BLOCK_STAGE3B_C1_C8_CREDENTIAL_CREATION_NOT_AUTHORIZED,Agy-P0-A8;Antigravity;Codex;Codex56#A;Codex56#B;Opus48#A,2026-07-27T11:29:21Z,2026-07-27T16:27:50Z,NOT_MEASURED,97,46,27,14,7,8,0,11,3,1,40909d85ee1962745e436cc540c2323f95e59820;9cf3296fcf2c8d5ff72f439df16492e6cd76c1fa,9cf3296fcf2c8d5ff72f439df16492e6cd76c1fa (CODE-ONLY; RELEASE NOT READY),Stage3B runbook/helper owner for C1-C8; independent reviewer; human Owner for later secret-safe credential provisioning/login; General-TL for exact seven mounts,"Correct Stage3B C1-C8 and obtain a new independent PASS before any credential resolution/creation; then provision credential through the approved path, apply exactly seven Serve mounts, and perform real Owner login.",Independent code-only SHA; release closure depends on credential provisioning and owner-authorized live login,Credential creation is not authorized: C1-C8 remain. Owner credential input/authorization and real login remain pending. Serve/Funnel are empty; frontend/backend are healthy; code-only 9cf3296 is MATCHED_EXACT but not release closure.,.deploy-control/p0/evidence/orq17-stage3b-independent-adversarial-review.md,4b7ebd805171f2f11fd804501086efe2c09cba8dcdb2f2bd092fff87c99b3cf9,.deploy-control/p0/checkins/Antigravity__ORQ-17__GATE-ZERO-VERIFICATION__20260727T145152Z.json,checkin,2026-07-27T14:51:52Z,d1643a8e6532edb6da47c49ec8c04e2b637740829232d259e8e4759d89e3bb79,ACTIVE,release-ledger:v1:ORQ-17:d1643a8e6532edb6da47c49ec8c04e2b637740829232d259e8e4759d89e3bb79
release-ledger.v1,2026-07-27T16:33:11Z,ORQ-17,todo,high,agent:4069a041-9c68-416a-b0cf-52226c076c6c,BLOCK_STAGE3B_C1_C8_CREDENTIAL_CREATION_NOT_AUTHORIZED,Agy-P0-A8;Antigravity;Codex;Codex56#A;Codex56#B;Opus48#A,2026-07-27T11:29:21Z,2026-07-27T16:27:50Z,NOT_MEASURED,97,46,27,14,7,8,0,11,3,1,40909d85ee1962745e436cc540c2323f95e59820;9cf3296fcf2c8d5ff72f439df16492e6cd76c1fa,9cf3296fcf2c8d5ff72f439df16492e6cd76c1fa (CODE-ONLY; RELEASE NOT READY),Stage3B runbook/helper owner for C1-C8; independent reviewer; human Owner for later secret-safe credential provisioning/login; General-TL for exact seven mounts,"Correct Stage3B C1-C8 and obtain a new independent PASS before any credential resolution/creation; then provision credential through the approved path, apply exactly seven Serve mounts, and perform real Owner login.",Independent code-only SHA; release closure depends on credential provisioning and owner-authorized live login,Credential creation is not authorized: C1-C8 remain. Owner credential input/authorization and real login remain pending. Serve/Funnel are empty; frontend/backend are healthy; code-only 9cf3296 is MATCHED_EXACT but not release closure.,.deploy-control/p0/evidence/orq17-stage3b-independent-adversarial-review.md,4b7ebd805171f2f11fd804501086efe2c09cba8dcdb2f2bd092fff87c99b3cf9,.deploy-control/p0/checkins/Antigravity__ORQ-17__GATE-A-PREFLIGHT__20260727T145831Z.json,checkin,2026-07-27T14:58:31Z,a690f3c707f45e92b01a9ab13e6a0e74a28cdf225c106d102a85f662f7a11dc4,ACTIVE,release-ledger:v1:ORQ-17:a690f3c707f45e92b01a9ab13e6a0e74a28cdf225c106d102a85f662f7a11dc4
release-ledger.v1,2026-07-27T16:33:11Z,ORQ-17,todo,high,agent:4069a041-9c68-416a-b0cf-52226c076c6c,BLOCK_STAGE3B_C1_C8_CREDENTIAL_CREATION_NOT_AUTHORIZED,Agy-P0-A8;Antigravity;Codex;Codex56#A;Codex56#B;Opus48#A,2026-07-27T11:29:21Z,2026-07-27T16:27:50Z,NOT_MEASURED,97,46,27,14,7,8,0,11,3,1,40909d85ee1962745e436cc540c2323f95e59820;9cf3296fcf2c8d5ff72f439df16492e6cd76c1fa,9cf3296fcf2c8d5ff72f439df16492e6cd76c1fa (CODE-ONLY; RELEASE NOT READY),Stage3B runbook/helper owner for C1-C8; independent reviewer; human Owner for later secret-safe credential provisioning/login; General-TL for exact seven mounts,"Correct Stage3B C1-C8 and obtain a new independent PASS before any credential resolution/creation; then provision credential through the approved path, apply exactly seven Serve mounts, and perform real Owner login.",Independent code-only SHA; release closure depends on credential provisioning and owner-authorized live login,Credential creation is not authorized: C1-C8 remain. Owner credential input/authorization and real login remain pending. Serve/Funnel are empty; frontend/backend are healthy; code-only 9cf3296 is MATCHED_EXACT but not release closure.,.deploy-control/p0/evidence/orq17-stage3b-independent-adversarial-review.md,4b7ebd805171f2f11fd804501086efe2c09cba8dcdb2f2bd092fff87c99b3cf9,.deploy-control/p0/evidence/gtl-orq17-gate-a-preflight.md,evidence,2026-07-27T15:00:00Z,8e5eb800ccecfc239d874ade21bba6f920efe0aa35baa0bc97d513942d53a1e7,ACTIVE,release-ledger:v1:ORQ-17:8e5eb800ccecfc239d874ade21bba6f920efe0aa35baa0bc97d513942d53a1e7
release-ledger.v1,2026-07-27T16:33:11Z,ORQ-17,todo,high,agent:4069a041-9c68-416a-b0cf-52226c076c6c,BLOCK_STAGE3B_C1_C8_CREDENTIAL_CREATION_NOT_AUTHORIZED,Agy-P0-A8;Antigravity;Codex;Codex56#A;Codex56#B;Opus48#A,2026-07-27T11:29:21Z,2026-07-27T16:27:50Z,NOT_MEASURED,97,46,27,14,7,8,0,11,3,1,40909d85ee1962745e436cc540c2323f95e59820;9cf3296fcf2c8d5ff72f439df16492e6cd76c1fa,9cf3296fcf2c8d5ff72f439df16492e6cd76c1fa (CODE-ONLY; RELEASE NOT READY),Stage3B runbook/helper owner for C1-C8; independent reviewer; human Owner for later secret-safe credential provisioning/login; General-TL for exact seven mounts,"Correct Stage3B C1-C8 and obtain a new independent PASS before any credential resolution/creation; then provision credential through the approved path, apply exactly seven Serve mounts, and perform real Owner login.",Independent code-only SHA; release closure depends on credential provisioning and owner-authorized live login,Credential creation is not authorized: C1-C8 remain. Owner credential input/authorization and real login remain pending. Serve/Funnel are empty; frontend/backend are healthy; code-only 9cf3296 is MATCHED_EXACT but not release closure.,.deploy-control/p0/evidence/orq17-stage3b-independent-adversarial-review.md,4b7ebd805171f2f11fd804501086efe2c09cba8dcdb2f2bd092fff87c99b3cf9,.deploy-control/p0/checkins/Antigravity__ORQ-17__CORRECTED-GATE-A-PREFLIGHT__20260727T150027Z.json,checkin,2026-07-27T15:00:27Z,3788123b0db324e2b27c48767522837d61187f89c140cb2ed14a93700561b55e,ACTIVE,release-ledger:v1:ORQ-17:3788123b0db324e2b27c48767522837d61187f89c140cb2ed14a93700561b55e
release-ledger.v1,2026-07-27T16:33:11Z,ORQ-17,todo,high,agent:4069a041-9c68-416a-b0cf-52226c076c6c,BLOCK_STAGE3B_C1_C8_CREDENTIAL_CREATION_NOT_AUTHORIZED,Agy-P0-A8;Antigravity;Codex;Codex56#A;Codex56#B;Opus48#A,2026-07-27T11:29:21Z,2026-07-27T16:27:50Z,NOT_MEASURED,97,46,27,14,7,8,0,11,3,1,40909d85ee1962745e436cc540c2323f95e59820;9cf3296fcf2c8d5ff72f439df16492e6cd76c1fa,9cf3296fcf2c8d5ff72f439df16492e6cd76c1fa (CODE-ONLY; RELEASE NOT READY),Stage3B runbook/helper owner for C1-C8; independent reviewer; human Owner for later secret-safe credential provisioning/login; General-TL for exact seven mounts,"Correct Stage3B C1-C8 and obtain a new independent PASS before any credential resolution/creation; then provision credential through the approved path, apply exactly seven Serve mounts, and perform real Owner login.",Independent code-only SHA; release closure depends on credential provisioning and owner-authorized live login,Credential creation is not authorized: C1-C8 remain. Owner credential input/authorization and real login remain pending. Serve/Funnel are empty; frontend/backend are healthy; code-only 9cf3296 is MATCHED_EXACT but not release closure.,.deploy-control/p0/evidence/orq17-stage3b-independent-adversarial-review.md,4b7ebd805171f2f11fd804501086efe2c09cba8dcdb2f2bd092fff87c99b3cf9,.deploy-control/p0/checkins/CHECKOUT__Codex56-B__ORQ-17-GATE-A-PREFLIGHT-REVIEW__20260727T150125Z.json,checkin,2026-07-27T15:01:25Z,5ade059e117067715ced078c3cfa4b8ae8d06d6abd50da6fe71c6cea3b1d2c74,ACTIVE,release-ledger:v1:ORQ-17:5ade059e117067715ced078c3cfa4b8ae8d06d6abd50da6fe71c6cea3b1d2c74
release-ledger.v1,2026-07-27T16:33:11Z,ORQ-17,todo,high,agent:4069a041-9c68-416a-b0cf-52226c076c6c,BLOCK_STAGE3B_C1_C8_CREDENTIAL_CREATION_NOT_AUTHORIZED,Agy-P0-A8;Antigravity;Codex;Codex56#A;Codex56#B;Opus48#A,2026-07-27T11:29:21Z,2026-07-27T16:27:50Z,NOT_MEASURED,97,46,27,14,7,8,0,11,3,1,40909d85ee1962745e436cc540c2323f95e59820;9cf3296fcf2c8d5ff72f439df16492e6cd76c1fa,9cf3296fcf2c8d5ff72f439df16492e6cd76c1fa (CODE-ONLY; RELEASE NOT READY),Stage3B runbook/helper owner for C1-C8; independent reviewer; human Owner for later secret-safe credential provisioning/login; General-TL for exact seven mounts,"Correct Stage3B C1-C8 and obtain a new independent PASS before any credential resolution/creation; then provision credential through the approved path, apply exactly seven Serve mounts, and perform real Owner login.",Independent code-only SHA; release closure depends on credential provisioning and owner-authorized live login,Credential creation is not authorized: C1-C8 remain. Owner credential input/authorization and real login remain pending. Serve/Funnel are empty; frontend/backend are healthy; code-only 9cf3296 is MATCHED_EXACT but not release closure.,.deploy-control/p0/evidence/orq17-stage3b-independent-adversarial-review.md,4b7ebd805171f2f11fd804501086efe2c09cba8dcdb2f2bd092fff87c99b3cf9,.deploy-control/p0/evidence/gtl-orq17-gate-a-execution.md,evidence,2026-07-27T15:07:00Z,649ff32972bd3b038f3513acdbac88b2ebf69672bd6006a6155e377ba478e8a3,HISTORICAL_PASS_ROLLED_BACK,release-ledger:v1:ORQ-17:649ff32972bd3b038f3513acdbac88b2ebf69672bd6006a6155e377ba478e8a3
release-ledger.v1,2026-07-27T16:33:11Z,ORQ-17,todo,high,agent:4069a041-9c68-416a-b0cf-52226c076c6c,BLOCK_STAGE3B_C1_C8_CREDENTIAL_CREATION_NOT_AUTHORIZED,Agy-P0-A8;Antigravity;Codex;Codex56#A;Codex56#B;Opus48#A,2026-07-27T11:29:21Z,2026-07-27T16:27:50Z,NOT_MEASURED,97,46,27,14,7,8,0,11,3,1,40909d85ee1962745e436cc540c2323f95e59820;9cf3296fcf2c8d5ff72f439df16492e6cd76c1fa,9cf3296fcf2c8d5ff72f439df16492e6cd76c1fa (CODE-ONLY; RELEASE NOT READY),Stage3B runbook/helper owner for C1-C8; independent reviewer; human Owner for later secret-safe credential provisioning/login; General-TL for exact seven mounts,"Correct Stage3B C1-C8 and obtain a new independent PASS before any credential resolution/creation; then provision credential through the approved path, apply exactly seven Serve mounts, and perform real Owner login.",Independent code-only SHA; release closure depends on credential provisioning and owner-authorized live login,Credential creation is not authorized: C1-C8 remain. Owner credential input/authorization and real login remain pending. Serve/Funnel are empty; frontend/backend are healthy; code-only 9cf3296 is MATCHED_EXACT but not release closure.,.deploy-control/p0/evidence/orq17-stage3b-independent-adversarial-review.md,4b7ebd805171f2f11fd804501086efe2c09cba8dcdb2f2bd092fff87c99b3cf9,.deploy-control/p0/checkins/Antigravity__ORQ-17__GATE-A-EXECUTION-PASS__20260727T150712Z.json,checkin,2026-07-27T15:07:12Z,fd72123ebc965a9dfdc3f6c8d5a22a16348dd8a2d32de46f156f9deb03a9ca70,ACTIVE,release-ledger:v1:ORQ-17:fd72123ebc965a9dfdc3f6c8d5a22a16348dd8a2d32de46f156f9deb03a9ca70
release-ledger.v1,2026-07-27T16:33:11Z,ORQ-17,todo,high,agent:4069a041-9c68-416a-b0cf-52226c076c6c,BLOCK_STAGE3B_C1_C8_CREDENTIAL_CREATION_NOT_AUTHORIZED,Agy-P0-A8;Antigravity;Codex;Codex56#A;Codex56#B;Opus48#A,2026-07-27T11:29:21Z,2026-07-27T16:27:50Z,NOT_MEASURED,97,46,27,14,7,8,0,11,3,1,40909d85ee1962745e436cc540c2323f95e59820;9cf3296fcf2c8d5ff72f439df16492e6cd76c1fa,9cf3296fcf2c8d5ff72f439df16492e6cd76c1fa (CODE-ONLY; RELEASE NOT READY),Stage3B runbook/helper owner for C1-C8; independent reviewer; human Owner for later secret-safe credential provisioning/login; General-TL for exact seven mounts,"Correct Stage3B C1-C8 and obtain a new independent PASS before any credential resolution/creation; then provision credential through the approved path, apply exactly seven Serve mounts, and perform real Owner login.",Independent code-only SHA; release closure depends on credential provisioning and owner-authorized live login,Credential creation is not authorized: C1-C8 remain. Owner credential input/authorization and real login remain pending. Serve/Funnel are empty; frontend/backend are healthy; code-only 9cf3296 is MATCHED_EXACT but not release closure.,.deploy-control/p0/evidence/orq17-stage3b-independent-adversarial-review.md,4b7ebd805171f2f11fd804501086efe2c09cba8dcdb2f2bd092fff87c99b3cf9,.deploy-control/p0/evidence/gtl-orq17-gate-a-postapply-independent-monitor.md,evidence,2026-07-27T15:08:00Z,469dc0a8bd66b0e203b3b1af456243727ea2cc0393c3645e7536c6efc374f2df,ACTIVE,release-ledger:v1:ORQ-17:469dc0a8bd66b0e203b3b1af456243727ea2cc0393c3645e7536c6efc374f2df
release-ledger.v1,2026-07-27T16:33:11Z,ORQ-17,todo,high,agent:4069a041-9c68-416a-b0cf-52226c076c6c,BLOCK_STAGE3B_C1_C8_CREDENTIAL_CREATION_NOT_AUTHORIZED,Agy-P0-A8;Antigravity;Codex;Codex56#A;Codex56#B;Opus48#A,2026-07-27T11:29:21Z,2026-07-27T16:27:50Z,NOT_MEASURED,97,46,27,14,7,8,0,11,3,1,40909d85ee1962745e436cc540c2323f95e59820;9cf3296fcf2c8d5ff72f439df16492e6cd76c1fa,9cf3296fcf2c8d5ff72f439df16492e6cd76c1fa (CODE-ONLY; RELEASE NOT READY),Stage3B runbook/helper owner for C1-C8; independent reviewer; human Owner for later secret-safe credential provisioning/login; General-TL for exact seven mounts,"Correct Stage3B C1-C8 and obtain a new independent PASS before any credential resolution/creation; then provision credential through the approved path, apply exactly seven Serve mounts, and perform real Owner login.",Independent code-only SHA; release closure depends on credential provisioning and owner-authorized live login,Credential creation is not authorized: C1-C8 remain. Owner credential input/authorization and real login remain pending. Serve/Funnel are empty; frontend/backend are healthy; code-only 9cf3296 is MATCHED_EXACT but not release closure.,.deploy-control/p0/evidence/orq17-stage3b-independent-adversarial-review.md,4b7ebd805171f2f11fd804501086efe2c09cba8dcdb2f2bd092fff87c99b3cf9,.deploy-control/p0/evidence/gtl-orq17-emergency-containment-monitor.md,evidence,2026-07-27T15:11:49Z,d25813ebcfa089fa786b3e4b677e3b9077fa6c9bdb0aeb7e25b7dc84c5daaf97,ACTIVE,release-ledger:v1:ORQ-17:d25813ebcfa089fa786b3e4b677e3b9077fa6c9bdb0aeb7e25b7dc84c5daaf97
release-ledger.v1,2026-07-27T16:33:11Z,ORQ-17,todo,high,agent:4069a041-9c68-416a-b0cf-52226c076c6c,BLOCK_STAGE3B_C1_C8_CREDENTIAL_CREATION_NOT_AUTHORIZED,Agy-P0-A8;Antigravity;Codex;Codex56#A;Codex56#B;Opus48#A,2026-07-27T11:29:21Z,2026-07-27T16:27:50Z,NOT_MEASURED,97,46,27,14,7,8,0,11,3,1,40909d85ee1962745e436cc540c2323f95e59820;9cf3296fcf2c8d5ff72f439df16492e6cd76c1fa,9cf3296fcf2c8d5ff72f439df16492e6cd76c1fa (CODE-ONLY; RELEASE NOT READY),Stage3B runbook/helper owner for C1-C8; independent reviewer; human Owner for later secret-safe credential provisioning/login; General-TL for exact seven mounts,"Correct Stage3B C1-C8 and obtain a new independent PASS before any credential resolution/creation; then provision credential through the approved path, apply exactly seven Serve mounts, and perform real Owner login.",Independent code-only SHA; release closure depends on credential provisioning and owner-authorized live login,Credential creation is not authorized: C1-C8 remain. Owner credential input/authorization and real login remain pending. Serve/Funnel are empty; frontend/backend are healthy; code-only 9cf3296 is MATCHED_EXACT but not release closure.,.deploy-control/p0/evidence/orq17-stage3b-independent-adversarial-review.md,4b7ebd805171f2f11fd804501086efe2c09cba8dcdb2f2bd092fff87c99b3cf9,.deploy-control/p0/evidence/gtl-orq17-emergency-rollback.md,evidence,2026-07-27T15:12:00Z,6fa2dc4ee311d545276742d9051cadf4b949b1376e5d6668aad5ac38d1ef99ae,ACTIVE_ROLLBACK_RECORD,release-ledger:v1:ORQ-17:6fa2dc4ee311d545276742d9051cadf4b949b1376e5d6668aad5ac38d1ef99ae
release-ledger.v1,2026-07-27T16:33:11Z,ORQ-17,todo,high,agent:4069a041-9c68-416a-b0cf-52226c076c6c,BLOCK_STAGE3B_C1_C8_CREDENTIAL_CREATION_NOT_AUTHORIZED,Agy-P0-A8;Antigravity;Codex;Codex56#A;Codex56#B;Opus48#A,2026-07-27T11:29:21Z,2026-07-27T16:27:50Z,NOT_MEASURED,97,46,27,14,7,8,0,11,3,1,40909d85ee1962745e436cc540c2323f95e59820;9cf3296fcf2c8d5ff72f439df16492e6cd76c1fa,9cf3296fcf2c8d5ff72f439df16492e6cd76c1fa (CODE-ONLY; RELEASE NOT READY),Stage3B runbook/helper owner for C1-C8; independent reviewer; human Owner for later secret-safe credential provisioning/login; General-TL for exact seven mounts,"Correct Stage3B C1-C8 and obtain a new independent PASS before any credential resolution/creation; then provision credential through the approved path, apply exactly seven Serve mounts, and perform real Owner login.",Independent code-only SHA; release closure depends on credential provisioning and owner-authorized live login,Credential creation is not authorized: C1-C8 remain. Owner credential input/authorization and real login remain pending. Serve/Funnel are empty; frontend/backend are healthy; code-only 9cf3296 is MATCHED_EXACT but not release closure.,.deploy-control/p0/evidence/orq17-stage3b-independent-adversarial-review.md,4b7ebd805171f2f11fd804501086efe2c09cba8dcdb2f2bd092fff87c99b3cf9,.deploy-control/p0/evidence/gtl-orq17-postgate-auth-config-audit.md,evidence,2026-07-27T15:12:00Z,6f7c9365e0750c5d68d5c322bb79d59e8d21735eebc41074818e177fe0ccdf54,ACTIVE,release-ledger:v1:ORQ-17:6f7c9365e0750c5d68d5c322bb79d59e8d21735eebc41074818e177fe0ccdf54
release-ledger.v1,2026-07-27T16:33:11Z,ORQ-17,todo,high,agent:4069a041-9c68-416a-b0cf-52226c076c6c,BLOCK_STAGE3B_C1_C8_CREDENTIAL_CREATION_NOT_AUTHORIZED,Agy-P0-A8;Antigravity;Codex;Codex56#A;Codex56#B;Opus48#A,2026-07-27T11:29:21Z,2026-07-27T16:27:50Z,NOT_MEASURED,97,46,27,14,7,8,0,11,3,1,40909d85ee1962745e436cc540c2323f95e59820;9cf3296fcf2c8d5ff72f439df16492e6cd76c1fa,9cf3296fcf2c8d5ff72f439df16492e6cd76c1fa (CODE-ONLY; RELEASE NOT READY),Stage3B runbook/helper owner for C1-C8; independent reviewer; human Owner for later secret-safe credential provisioning/login; General-TL for exact seven mounts,"Correct Stage3B C1-C8 and obtain a new independent PASS before any credential resolution/creation; then provision credential through the approved path, apply exactly seven Serve mounts, and perform real Owner login.",Independent code-only SHA; release closure depends on credential provisioning and owner-authorized live login,Credential creation is not authorized: C1-C8 remain. Owner credential input/authorization and real login remain pending. Serve/Funnel are empty; frontend/backend are healthy; code-only 9cf3296 is MATCHED_EXACT but not release closure.,.deploy-control/p0/evidence/orq17-stage3b-independent-adversarial-review.md,4b7ebd805171f2f11fd804501086efe2c09cba8dcdb2f2bd092fff87c99b3cf9,.deploy-control/p0/checkins/Antigravity__ORQ-17__EMERGENCY-ROLLBACK-CONTAINED__20260727T151206Z.json,checkin,2026-07-27T15:12:06Z,660225482bb2fb1724c5bd7b103c604c8658af071922aae2d88a9a123d3a592c,ACTIVE,release-ledger:v1:ORQ-17:660225482bb2fb1724c5bd7b103c604c8658af071922aae2d88a9a123d3a592c
release-ledger.v1,2026-07-27T16:33:11Z,ORQ-17,todo,high,agent:4069a041-9c68-416a-b0cf-52226c076c6c,BLOCK_STAGE3B_C1_C8_CREDENTIAL_CREATION_NOT_AUTHORIZED,Agy-P0-A8;Antigravity;Codex;Codex56#A;Codex56#B;Opus48#A,2026-07-27T11:29:21Z,2026-07-27T16:27:50Z,NOT_MEASURED,97,46,27,14,7,8,0,11,3,1,40909d85ee1962745e436cc540c2323f95e59820;9cf3296fcf2c8d5ff72f439df16492e6cd76c1fa,9cf3296fcf2c8d5ff72f439df16492e6cd76c1fa (CODE-ONLY; RELEASE NOT READY),Stage3B runbook/helper owner for C1-C8; independent reviewer; human Owner for later secret-safe credential provisioning/login; General-TL for exact seven mounts,"Correct Stage3B C1-C8 and obtain a new independent PASS before any credential resolution/creation; then provision credential through the approved path, apply exactly seven Serve mounts, and perform real Owner login.",Independent code-only SHA; release closure depends on credential provisioning and owner-authorized live login,Credential creation is not authorized: C1-C8 remain. Owner credential input/authorization and real login remain pending. Serve/Funnel are empty; frontend/backend are healthy; code-only 9cf3296 is MATCHED_EXACT but not release closure.,.deploy-control/p0/evidence/orq17-stage3b-independent-adversarial-review.md,4b7ebd805171f2f11fd804501086efe2c09cba8dcdb2f2bd092fff87c99b3cf9,.deploy-control/p0/checkins/CHECKOUT__Agy-P0-A8__orq17-auth-cutover-acceptance-matrix__20260727T151557Z.json,checkin,2026-07-27T15:15:57Z,e6b3172f5bbc21a6f7e990f15564fae5d7ba4b5fcd9cb5a7f1a7f1811a9a6c3e,ACTIVE,release-ledger:v1:ORQ-17:e6b3172f5bbc21a6f7e990f15564fae5d7ba4b5fcd9cb5a7f1a7f1811a9a6c3e
release-ledger.v1,2026-07-27T16:33:11Z,ORQ-17,todo,high,agent:4069a041-9c68-416a-b0cf-52226c076c6c,BLOCK_STAGE3B_C1_C8_CREDENTIAL_CREATION_NOT_AUTHORIZED,Agy-P0-A8;Antigravity;Codex;Codex56#A;Codex56#B;Opus48#A,2026-07-27T11:29:21Z,2026-07-27T16:27:50Z,NOT_MEASURED,97,46,27,14,7,8,0,11,3,1,40909d85ee1962745e436cc540c2323f95e59820;9cf3296fcf2c8d5ff72f439df16492e6cd76c1fa,9cf3296fcf2c8d5ff72f439df16492e6cd76c1fa (CODE-ONLY; RELEASE NOT READY),Stage3B runbook/helper owner for C1-C8; independent reviewer; human Owner for later secret-safe credential provisioning/login; General-TL for exact seven mounts,"Correct Stage3B C1-C8 and obtain a new independent PASS before any credential resolution/creation; then provision credential through the approved path, apply exactly seven Serve mounts, and perform real Owner login.",Independent code-only SHA; release closure depends on credential provisioning and owner-authorized live login,Credential creation is not authorized: C1-C8 remain. Owner credential input/authorization and real login remain pending. Serve/Funnel are empty; frontend/backend are healthy; code-only 9cf3296 is MATCHED_EXACT but not release closure.,.deploy-control/p0/evidence/orq17-stage3b-independent-adversarial-review.md,4b7ebd805171f2f11fd804501086efe2c09cba8dcdb2f2bd092fff87c99b3cf9,.deploy-control/p0/evidence/orq17-auth-cutover-acceptance-matrix.md,evidence,2026-07-27T15:15:57Z,dd7cdfa3e4f307336aed832c6a9c00984446e4dfe19e5da82aefdec933dfa0c7,ACTIVE,release-ledger:v1:ORQ-17:dd7cdfa3e4f307336aed832c6a9c00984446e4dfe19e5da82aefdec933dfa0c7
release-ledger.v1,2026-07-27T16:33:11Z,ORQ-17,todo,high,agent:4069a041-9c68-416a-b0cf-52226c076c6c,BLOCK_STAGE3B_C1_C8_CREDENTIAL_CREATION_NOT_AUTHORIZED,Agy-P0-A8;Antigravity;Codex;Codex56#A;Codex56#B;Opus48#A,2026-07-27T11:29:21Z,2026-07-27T16:27:50Z,NOT_MEASURED,97,46,27,14,7,8,0,11,3,1,40909d85ee1962745e436cc540c2323f95e59820;9cf3296fcf2c8d5ff72f439df16492e6cd76c1fa,9cf3296fcf2c8d5ff72f439df16492e6cd76c1fa (CODE-ONLY; RELEASE NOT READY),Stage3B runbook/helper owner for C1-C8; independent reviewer; human Owner for later secret-safe credential provisioning/login; General-TL for exact seven mounts,"Correct Stage3B C1-C8 and obtain a new independent PASS before any credential resolution/creation; then provision credential through the approved path, apply exactly seven Serve mounts, and perform real Owner login.",Independent code-only SHA; release closure depends on credential provisioning and owner-authorized live login,Credential creation is not authorized: C1-C8 remain. Owner credential input/authorization and real login remain pending. Serve/Funnel are empty; frontend/backend are healthy; code-only 9cf3296 is MATCHED_EXACT but not release closure.,.deploy-control/p0/evidence/orq17-stage3b-independent-adversarial-review.md,4b7ebd805171f2f11fd804501086efe2c09cba8dcdb2f2bd092fff87c99b3cf9,.deploy-control/p0/evidence/gtl-orq17-window-audit-and-auth-cutover-plan.md,evidence,2026-07-27T15:17:00Z,890935da8552fe695a533955691ace2ef0d78399c93b0ade3cd82df401bf4bb4,ACTIVE,release-ledger:v1:ORQ-17:890935da8552fe695a533955691ace2ef0d78399c93b0ade3cd82df401bf4bb4
release-ledger.v1,2026-07-27T16:33:11Z,ORQ-17,todo,high,agent:4069a041-9c68-416a-b0cf-52226c076c6c,BLOCK_STAGE3B_C1_C8_CREDENTIAL_CREATION_NOT_AUTHORIZED,Agy-P0-A8;Antigravity;Codex;Codex56#A;Codex56#B;Opus48#A,2026-07-27T11:29:21Z,2026-07-27T16:27:50Z,NOT_MEASURED,97,46,27,14,7,8,0,11,3,1,40909d85ee1962745e436cc540c2323f95e59820;9cf3296fcf2c8d5ff72f439df16492e6cd76c1fa,9cf3296fcf2c8d5ff72f439df16492e6cd76c1fa (CODE-ONLY; RELEASE NOT READY),Stage3B runbook/helper owner for C1-C8; independent reviewer; human Owner for later secret-safe credential provisioning/login; General-TL for exact seven mounts,"Correct Stage3B C1-C8 and obtain a new independent PASS before any credential resolution/creation; then provision credential through the approved path, apply exactly seven Serve mounts, and perform real Owner login.",Independent code-only SHA; release closure depends on credential provisioning and owner-authorized live login,Credential creation is not authorized: C1-C8 remain. Owner credential input/authorization and real login remain pending. Serve/Funnel are empty; frontend/backend are healthy; code-only 9cf3296 is MATCHED_EXACT but not release closure.,.deploy-control/p0/evidence/orq17-stage3b-independent-adversarial-review.md,4b7ebd805171f2f11fd804501086efe2c09cba8dcdb2f2bd092fff87c99b3cf9,.deploy-control/p0/checkins/CHECKOUT__Agy-P0-A8__gtl-orq17-auth-regression-tests-implementation__20260727T153300Z.json,checkin,2026-07-27T15:33:00Z,665e17e5ff64eab07ad5666ee8353c3c32bb334b025a2282e89290b6ce7df4e4,ACTIVE,release-ledger:v1:ORQ-17:665e17e5ff64eab07ad5666ee8353c3c32bb334b025a2282e89290b6ce7df4e4
release-ledger.v1,2026-07-27T16:33:11Z,ORQ-17,todo,high,agent:4069a041-9c68-416a-b0cf-52226c076c6c,BLOCK_STAGE3B_C1_C8_CREDENTIAL_CREATION_NOT_AUTHORIZED,Agy-P0-A8;Antigravity;Codex;Codex56#A;Codex56#B;Opus48#A,2026-07-27T11:29:21Z,2026-07-27T16:27:50Z,NOT_MEASURED,97,46,27,14,7,8,0,11,3,1,40909d85ee1962745e436cc540c2323f95e59820;9cf3296fcf2c8d5ff72f439df16492e6cd76c1fa,9cf3296fcf2c8d5ff72f439df16492e6cd76c1fa (CODE-ONLY; RELEASE NOT READY),Stage3B runbook/helper owner for C1-C8; independent reviewer; human Owner for later secret-safe credential provisioning/login; General-TL for exact seven mounts,"Correct Stage3B C1-C8 and obtain a new independent PASS before any credential resolution/creation; then provision credential through the approved path, apply exactly seven Serve mounts, and perform real Owner login.",Independent code-only SHA; release closure depends on credential provisioning and owner-authorized live login,Credential creation is not authorized: C1-C8 remain. Owner credential input/authorization and real login remain pending. Serve/Funnel are empty; frontend/backend are healthy; code-only 9cf3296 is MATCHED_EXACT but not release closure.,.deploy-control/p0/evidence/orq17-stage3b-independent-adversarial-review.md,4b7ebd805171f2f11fd804501086efe2c09cba8dcdb2f2bd092fff87c99b3cf9,.deploy-control/p0/evidence/gtl-orq17-auth-regression-tests-implementation.md,evidence,2026-07-27T15:33:00Z,efec4d7fc72968cdfa8b33c9c868e2c18d7f34cd2f7e030646bea008bff6f737,ACTIVE,release-ledger:v1:ORQ-17:efec4d7fc72968cdfa8b33c9c868e2c18d7f34cd2f7e030646bea008bff6f737
release-ledger.v1,2026-07-27T16:33:11Z,ORQ-17,todo,high,agent:4069a041-9c68-416a-b0cf-52226c076c6c,BLOCK_STAGE3B_C1_C8_CREDENTIAL_CREATION_NOT_AUTHORIZED,Agy-P0-A8;Antigravity;Codex;Codex56#A;Codex56#B;Opus48#A,2026-07-27T11:29:21Z,2026-07-27T16:27:50Z,NOT_MEASURED,97,46,27,14,7,8,0,11,3,1,40909d85ee1962745e436cc540c2323f95e59820;9cf3296fcf2c8d5ff72f439df16492e6cd76c1fa,9cf3296fcf2c8d5ff72f439df16492e6cd76c1fa (CODE-ONLY; RELEASE NOT READY),Stage3B runbook/helper owner for C1-C8; independent reviewer; human Owner for later secret-safe credential provisioning/login; General-TL for exact seven mounts,"Correct Stage3B C1-C8 and obtain a new independent PASS before any credential resolution/creation; then provision credential through the approved path, apply exactly seven Serve mounts, and perform real Owner login.",Independent code-only SHA; release closure depends on credential provisioning and owner-authorized live login,Credential creation is not authorized: C1-C8 remain. Owner credential input/authorization and real login remain pending. Serve/Funnel are empty; frontend/backend are healthy; code-only 9cf3296 is MATCHED_EXACT but not release closure.,.deploy-control/p0/evidence/orq17-stage3b-independent-adversarial-review.md,4b7ebd805171f2f11fd804501086efe2c09cba8dcdb2f2bd092fff87c99b3cf9,.deploy-control/p0/checkins/CHECKOUT__Antigravity__ORQ17-AUTH-CUTOVER-READINESS-PREFLIGHT__20260727T154035Z.json,checkin,2026-07-27T15:40:35Z,7b69a170bfcb51ca433312465eee28525f026f02124e5ec81c06615c64a73599,ACTIVE,release-ledger:v1:ORQ-17:7b69a170bfcb51ca433312465eee28525f026f02124e5ec81c06615c64a73599
release-ledger.v1,2026-07-27T16:33:11Z,ORQ-17,todo,high,agent:4069a041-9c68-416a-b0cf-52226c076c6c,BLOCK_STAGE3B_C1_C8_CREDENTIAL_CREATION_NOT_AUTHORIZED,Agy-P0-A8;Antigravity;Codex;Codex56#A;Codex56#B;Opus48#A,2026-07-27T11:29:21Z,2026-07-27T16:27:50Z,NOT_MEASURED,97,46,27,14,7,8,0,11,3,1,40909d85ee1962745e436cc540c2323f95e59820;9cf3296fcf2c8d5ff72f439df16492e6cd76c1fa,9cf3296fcf2c8d5ff72f439df16492e6cd76c1fa (CODE-ONLY; RELEASE NOT READY),Stage3B runbook/helper owner for C1-C8; independent reviewer; human Owner for later secret-safe credential provisioning/login; General-TL for exact seven mounts,"Correct Stage3B C1-C8 and obtain a new independent PASS before any credential resolution/creation; then provision credential through the approved path, apply exactly seven Serve mounts, and perform real Owner login.",Independent code-only SHA; release closure depends on credential provisioning and owner-authorized live login,Credential creation is not authorized: C1-C8 remain. Owner credential input/authorization and real login remain pending. Serve/Funnel are empty; frontend/backend are healthy; code-only 9cf3296 is MATCHED_EXACT but not release closure.,.deploy-control/p0/evidence/orq17-stage3b-independent-adversarial-review.md,4b7ebd805171f2f11fd804501086efe2c09cba8dcdb2f2bd092fff87c99b3cf9,.deploy-control/p0/checkins/CHECKOUT__Antigravity__ORQ17-AUTH-CUTOVER-READINESS-PREFLIGHT__20260727T154257Z.json,checkin,2026-07-27T15:42:57Z,3dba54260dd7781e2741707f8c90a18a669f0e5fb6bb6d5d2c3897ec576b685b,ACTIVE,release-ledger:v1:ORQ-17:3dba54260dd7781e2741707f8c90a18a669f0e5fb6bb6d5d2c3897ec576b685b
release-ledger.v1,2026-07-27T16:33:11Z,ORQ-17,todo,high,agent:4069a041-9c68-416a-b0cf-52226c076c6c,BLOCK_STAGE3B_C1_C8_CREDENTIAL_CREATION_NOT_AUTHORIZED,Agy-P0-A8;Antigravity;Codex;Codex56#A;Codex56#B;Opus48#A,2026-07-27T11:29:21Z,2026-07-27T16:27:50Z,NOT_MEASURED,97,46,27,14,7,8,0,11,3,1,40909d85ee1962745e436cc540c2323f95e59820;9cf3296fcf2c8d5ff72f439df16492e6cd76c1fa,9cf3296fcf2c8d5ff72f439df16492e6cd76c1fa (CODE-ONLY; RELEASE NOT READY),Stage3B runbook/helper owner for C1-C8; independent reviewer; human Owner for later secret-safe credential provisioning/login; General-TL for exact seven mounts,"Correct Stage3B C1-C8 and obtain a new independent PASS before any credential resolution/creation; then provision credential through the approved path, apply exactly seven Serve mounts, and perform real Owner login.",Independent code-only SHA; release closure depends on credential provisioning and owner-authorized live login,Credential creation is not authorized: C1-C8 remain. Owner credential input/authorization and real login remain pending. Serve/Funnel are empty; frontend/backend are healthy; code-only 9cf3296 is MATCHED_EXACT but not release closure.,.deploy-control/p0/evidence/orq17-stage3b-independent-adversarial-review.md,4b7ebd805171f2f11fd804501086efe2c09cba8dcdb2f2bd092fff87c99b3cf9,.deploy-control/p0/evidence/orq17-auth-cutover-readiness-preflight.md,evidence,2026-07-27T15:43:00Z,dd8ff55cd81286616465230c0c282a81632577f7a4e13967e22f01e4d17cb639,ACTIVE,release-ledger:v1:ORQ-17:dd8ff55cd81286616465230c0c282a81632577f7a4e13967e22f01e4d17cb639
release-ledger.v1,2026-07-27T16:33:11Z,ORQ-17,todo,high,agent:4069a041-9c68-416a-b0cf-52226c076c6c,BLOCK_STAGE3B_C1_C8_CREDENTIAL_CREATION_NOT_AUTHORIZED,Agy-P0-A8;Antigravity;Codex;Codex56#A;Codex56#B;Opus48#A,2026-07-27T11:29:21Z,2026-07-27T16:27:50Z,NOT_MEASURED,97,46,27,14,7,8,0,11,3,1,40909d85ee1962745e436cc540c2323f95e59820;9cf3296fcf2c8d5ff72f439df16492e6cd76c1fa,9cf3296fcf2c8d5ff72f439df16492e6cd76c1fa (CODE-ONLY; RELEASE NOT READY),Stage3B runbook/helper owner for C1-C8; independent reviewer; human Owner for later secret-safe credential provisioning/login; General-TL for exact seven mounts,"Correct Stage3B C1-C8 and obtain a new independent PASS before any credential resolution/creation; then provision credential through the approved path, apply exactly seven Serve mounts, and perform real Owner login.",Independent code-only SHA; release closure depends on credential provisioning and owner-authorized live login,Credential creation is not authorized: C1-C8 remain. Owner credential input/authorization and real login remain pending. Serve/Funnel are empty; frontend/backend are healthy; code-only 9cf3296 is MATCHED_EXACT but not release closure.,.deploy-control/p0/evidence/orq17-stage3b-independent-adversarial-review.md,4b7ebd805171f2f11fd804501086efe2c09cba8dcdb2f2bd092fff87c99b3cf9,.deploy-control/p0/evidence/orq17-frontend-outage-diagnosis.md,evidence,2026-07-27T15:44:00Z,cb2f1831b7ffaadd2c23ed52fe49c5a969806fb8cef6fc66c81be921866a697c,ACTIVE,release-ledger:v1:ORQ-17:cb2f1831b7ffaadd2c23ed52fe49c5a969806fb8cef6fc66c81be921866a697c
release-ledger.v1,2026-07-27T16:33:11Z,ORQ-17,todo,high,agent:4069a041-9c68-416a-b0cf-52226c076c6c,BLOCK_STAGE3B_C1_C8_CREDENTIAL_CREATION_NOT_AUTHORIZED,Agy-P0-A8;Antigravity;Codex;Codex56#A;Codex56#B;Opus48#A,2026-07-27T11:29:21Z,2026-07-27T16:27:50Z,NOT_MEASURED,97,46,27,14,7,8,0,11,3,1,40909d85ee1962745e436cc540c2323f95e59820;9cf3296fcf2c8d5ff72f439df16492e6cd76c1fa,9cf3296fcf2c8d5ff72f439df16492e6cd76c1fa (CODE-ONLY; RELEASE NOT READY),Stage3B runbook/helper owner for C1-C8; independent reviewer; human Owner for later secret-safe credential provisioning/login; General-TL for exact seven mounts,"Correct Stage3B C1-C8 and obtain a new independent PASS before any credential resolution/creation; then provision credential through the approved path, apply exactly seven Serve mounts, and perform real Owner login.",Independent code-only SHA; release closure depends on credential provisioning and owner-authorized live login,Credential creation is not authorized: C1-C8 remain. Owner credential input/authorization and real login remain pending. Serve/Funnel are empty; frontend/backend are healthy; code-only 9cf3296 is MATCHED_EXACT but not release closure.,.deploy-control/p0/evidence/orq17-stage3b-independent-adversarial-review.md,4b7ebd805171f2f11fd804501086efe2c09cba8dcdb2f2bd092fff87c99b3cf9,.deploy-control/p0/checkins/CHECKOUT__Antigravity__ORQ17-FRONTEND-OUTAGE-DIAGNOSIS__20260727T154435Z.json,checkin,2026-07-27T15:44:35Z,f765e018a11dbc938472be629efc36c907a0c5394e38b8b95801476ed465ae96,ACTIVE,release-ledger:v1:ORQ-17:f765e018a11dbc938472be629efc36c907a0c5394e38b8b95801476ed465ae96
release-ledger.v1,2026-07-27T16:33:11Z,ORQ-17,todo,high,agent:4069a041-9c68-416a-b0cf-52226c076c6c,BLOCK_STAGE3B_C1_C8_CREDENTIAL_CREATION_NOT_AUTHORIZED,Agy-P0-A8;Antigravity;Codex;Codex56#A;Codex56#B;Opus48#A,2026-07-27T11:29:21Z,2026-07-27T16:27:50Z,NOT_MEASURED,97,46,27,14,7,8,0,11,3,1,40909d85ee1962745e436cc540c2323f95e59820;9cf3296fcf2c8d5ff72f439df16492e6cd76c1fa,9cf3296fcf2c8d5ff72f439df16492e6cd76c1fa (CODE-ONLY; RELEASE NOT READY),Stage3B runbook/helper owner for C1-C8; independent reviewer; human Owner for later secret-safe credential provisioning/login; General-TL for exact seven mounts,"Correct Stage3B C1-C8 and obtain a new independent PASS before any credential resolution/creation; then provision credential through the approved path, apply exactly seven Serve mounts, and perform real Owner login.",Independent code-only SHA; release closure depends on credential provisioning and owner-authorized live login,Credential creation is not authorized: C1-C8 remain. Owner credential input/authorization and real login remain pending. Serve/Funnel are empty; frontend/backend are healthy; code-only 9cf3296 is MATCHED_EXACT but not release closure.,.deploy-control/p0/evidence/orq17-stage3b-independent-adversarial-review.md,4b7ebd805171f2f11fd804501086efe2c09cba8dcdb2f2bd092fff87c99b3cf9,.deploy-control/p0/evidence/orq17-urgent-live-security-audit.md,evidence,2026-07-27T15:45:40Z,cf25584d6fdd09168e2432bcddbf7b6a69f71a249c2e024f226a5bf5c4c56896,ACTIVE,release-ledger:v1:ORQ-17:cf25584d6fdd09168e2432bcddbf7b6a69f71a249c2e024f226a5bf5c4c56896
release-ledger.v1,2026-07-27T16:33:11Z,ORQ-17,todo,high,agent:4069a041-9c68-416a-b0cf-52226c076c6c,BLOCK_STAGE3B_C1_C8_CREDENTIAL_CREATION_NOT_AUTHORIZED,Agy-P0-A8;Antigravity;Codex;Codex56#A;Codex56#B;Opus48#A,2026-07-27T11:29:21Z,2026-07-27T16:27:50Z,NOT_MEASURED,97,46,27,14,7,8,0,11,3,1,40909d85ee1962745e436cc540c2323f95e59820;9cf3296fcf2c8d5ff72f439df16492e6cd76c1fa,9cf3296fcf2c8d5ff72f439df16492e6cd76c1fa (CODE-ONLY; RELEASE NOT READY),Stage3B runbook/helper owner for C1-C8; independent reviewer; human Owner for later secret-safe credential provisioning/login; General-TL for exact seven mounts,"Correct Stage3B C1-C8 and obtain a new independent PASS before any credential resolution/creation; then provision credential through the approved path, apply exactly seven Serve mounts, and perform real Owner login.",Independent code-only SHA; release closure depends on credential provisioning and owner-authorized live login,Credential creation is not authorized: C1-C8 remain. Owner credential input/authorization and real login remain pending. Serve/Funnel are empty; frontend/backend are healthy; code-only 9cf3296 is MATCHED_EXACT but not release closure.,.deploy-control/p0/evidence/orq17-stage3b-independent-adversarial-review.md,4b7ebd805171f2f11fd804501086efe2c09cba8dcdb2f2bd092fff87c99b3cf9,.deploy-control/p0/checkins/CHECKOUT__Antigravity__ORQ17-FRONTEND-OUTAGE-DIAGNOSIS__20260727T154612Z.json,checkin,2026-07-27T15:46:12Z,b70c7c0a696a22a43acb71118ca2d54901064ede2922b67167f49599140b17fc,ACTIVE,release-ledger:v1:ORQ-17:b70c7c0a696a22a43acb71118ca2d54901064ede2922b67167f49599140b17fc
release-ledger.v1,2026-07-27T16:33:11Z,ORQ-17,todo,high,agent:4069a041-9c68-416a-b0cf-52226c076c6c,BLOCK_STAGE3B_C1_C8_CREDENTIAL_CREATION_NOT_AUTHORIZED,Agy-P0-A8;Antigravity;Codex;Codex56#A;Codex56#B;Opus48#A,2026-07-27T11:29:21Z,2026-07-27T16:27:50Z,NOT_MEASURED,97,46,27,14,7,8,0,11,3,1,40909d85ee1962745e436cc540c2323f95e59820;9cf3296fcf2c8d5ff72f439df16492e6cd76c1fa,9cf3296fcf2c8d5ff72f439df16492e6cd76c1fa (CODE-ONLY; RELEASE NOT READY),Stage3B runbook/helper owner for C1-C8; independent reviewer; human Owner for later secret-safe credential provisioning/login; General-TL for exact seven mounts,"Correct Stage3B C1-C8 and obtain a new independent PASS before any credential resolution/creation; then provision credential through the approved path, apply exactly seven Serve mounts, and perform real Owner login.",Independent code-only SHA; release closure depends on credential provisioning and owner-authorized live login,Credential creation is not authorized: C1-C8 remain. Owner credential input/authorization and real login remain pending. Serve/Funnel are empty; frontend/backend are healthy; code-only 9cf3296 is MATCHED_EXACT but not release closure.,.deploy-control/p0/evidence/orq17-stage3b-independent-adversarial-review.md,4b7ebd805171f2f11fd804501086efe2c09cba8dcdb2f2bd092fff87c99b3cf9,.deploy-control/p0/evidence/orq17-auth-tests-commit-40909d8-review.md,evidence,2026-07-27T15:49:00Z,51513218a7c4755a1175f03f7dac0587a61fab72dfa5ce3526d4cd298a1179db,ACTIVE,release-ledger:v1:ORQ-17:51513218a7c4755a1175f03f7dac0587a61fab72dfa5ce3526d4cd298a1179db
release-ledger.v1,2026-07-27T16:33:11Z,ORQ-17,todo,high,agent:4069a041-9c68-416a-b0cf-52226c076c6c,BLOCK_STAGE3B_C1_C8_CREDENTIAL_CREATION_NOT_AUTHORIZED,Agy-P0-A8;Antigravity;Codex;Codex56#A;Codex56#B;Opus48#A,2026-07-27T11:29:21Z,2026-07-27T16:27:50Z,NOT_MEASURED,97,46,27,14,7,8,0,11,3,1,40909d85ee1962745e436cc540c2323f95e59820;9cf3296fcf2c8d5ff72f439df16492e6cd76c1fa,9cf3296fcf2c8d5ff72f439df16492e6cd76c1fa (CODE-ONLY; RELEASE NOT READY),Stage3B runbook/helper owner for C1-C8; independent reviewer; human Owner for later secret-safe credential provisioning/login; General-TL for exact seven mounts,"Correct Stage3B C1-C8 and obtain a new independent PASS before any credential resolution/creation; then provision credential through the approved path, apply exactly seven Serve mounts, and perform real Owner login.",Independent code-only SHA; release closure depends on credential provisioning and owner-authorized live login,Credential creation is not authorized: C1-C8 remain. Owner credential input/authorization and real login remain pending. Serve/Funnel are empty; frontend/backend are healthy; code-only 9cf3296 is MATCHED_EXACT but not release closure.,.deploy-control/p0/evidence/orq17-stage3b-independent-adversarial-review.md,4b7ebd805171f2f11fd804501086efe2c09cba8dcdb2f2bd092fff87c99b3cf9,.deploy-control/p0/checkins/CHECKOUT__Codex56-A__C__ORQ-17-AUTH-TESTS-REVIEW__20260727T155000Z.json,checkin,2026-07-27T15:50:00Z,47ae8ada78ae2000c14742d9b0d9e7e1ac7f7357b4044e44d48c18a1657eb2ed,ACTIVE,release-ledger:v1:ORQ-17:47ae8ada78ae2000c14742d9b0d9e7e1ac7f7357b4044e44d48c18a1657eb2ed
release-ledger.v1,2026-07-27T16:33:11Z,ORQ-17,todo,high,agent:4069a041-9c68-416a-b0cf-52226c076c6c,BLOCK_STAGE3B_C1_C8_CREDENTIAL_CREATION_NOT_AUTHORIZED,Agy-P0-A8;Antigravity;Codex;Codex56#A;Codex56#B;Opus48#A,2026-07-27T11:29:21Z,2026-07-27T16:27:50Z,NOT_MEASURED,97,46,27,14,7,8,0,11,3,1,40909d85ee1962745e436cc540c2323f95e59820;9cf3296fcf2c8d5ff72f439df16492e6cd76c1fa,9cf3296fcf2c8d5ff72f439df16492e6cd76c1fa (CODE-ONLY; RELEASE NOT READY),Stage3B runbook/helper owner for C1-C8; independent reviewer; human Owner for later secret-safe credential provisioning/login; General-TL for exact seven mounts,"Correct Stage3B C1-C8 and obtain a new independent PASS before any credential resolution/creation; then provision credential through the approved path, apply exactly seven Serve mounts, and perform real Owner login.",Independent code-only SHA; release closure depends on credential provisioning and owner-authorized live login,Credential creation is not authorized: C1-C8 remain. Owner credential input/authorization and real login remain pending. Serve/Funnel are empty; frontend/backend are healthy; code-only 9cf3296 is MATCHED_EXACT but not release closure.,.deploy-control/p0/evidence/orq17-stage3b-independent-adversarial-review.md,4b7ebd805171f2f11fd804501086efe2c09cba8dcdb2f2bd092fff87c99b3cf9,.deploy-control/p0/checkins/CHECKOUT__Codex__ORQ-17-STAGE-1-FRONTEND-RECOVERY__20260727T155209Z.json,checkin,2026-07-27T15:52:09Z,02e62713f4d6c745013c7f8e7d42c37cb7dc83264fe3c716897904b4a6a42de7,ACTIVE,release-ledger:v1:ORQ-17:02e62713f4d6c745013c7f8e7d42c37cb7dc83264fe3c716897904b4a6a42de7
release-ledger.v1,2026-07-27T16:33:11Z,ORQ-17,todo,high,agent:4069a041-9c68-416a-b0cf-52226c076c6c,BLOCK_STAGE3B_C1_C8_CREDENTIAL_CREATION_NOT_AUTHORIZED,Agy-P0-A8;Antigravity;Codex;Codex56#A;Codex56#B;Opus48#A,2026-07-27T11:29:21Z,2026-07-27T16:27:50Z,NOT_MEASURED,97,46,27,14,7,8,0,11,3,1,40909d85ee1962745e436cc540c2323f95e59820;9cf3296fcf2c8d5ff72f439df16492e6cd76c1fa,9cf3296fcf2c8d5ff72f439df16492e6cd76c1fa (CODE-ONLY; RELEASE NOT READY),Stage3B runbook/helper owner for C1-C8; independent reviewer; human Owner for later secret-safe credential provisioning/login; General-TL for exact seven mounts,"Correct Stage3B C1-C8 and obtain a new independent PASS before any credential resolution/creation; then provision credential through the approved path, apply exactly seven Serve mounts, and perform real Owner login.",Independent code-only SHA; release closure depends on credential provisioning and owner-authorized live login,Credential creation is not authorized: C1-C8 remain. Owner credential input/authorization and real login remain pending. Serve/Funnel are empty; frontend/backend are healthy; code-only 9cf3296 is MATCHED_EXACT but not release closure.,.deploy-control/p0/evidence/orq17-stage3b-independent-adversarial-review.md,4b7ebd805171f2f11fd804501086efe2c09cba8dcdb2f2bd092fff87c99b3cf9,.deploy-control/p0/evidence/orq17-stage1-frontend-recovery-execution.md,evidence,2026-07-27T15:52:09Z,a67d6f8889156bebe909d234e78d8997a9d46c3ee5246d263c99fc4d1477dc85,ACTIVE,release-ledger:v1:ORQ-17:a67d6f8889156bebe909d234e78d8997a9d46c3ee5246d263c99fc4d1477dc85
release-ledger.v1,2026-07-27T16:33:11Z,ORQ-17,todo,high,agent:4069a041-9c68-416a-b0cf-52226c076c6c,BLOCK_STAGE3B_C1_C8_CREDENTIAL_CREATION_NOT_AUTHORIZED,Agy-P0-A8;Antigravity;Codex;Codex56#A;Codex56#B;Opus48#A,2026-07-27T11:29:21Z,2026-07-27T16:27:50Z,NOT_MEASURED,97,46,27,14,7,8,0,11,3,1,40909d85ee1962745e436cc540c2323f95e59820;9cf3296fcf2c8d5ff72f439df16492e6cd76c1fa,9cf3296fcf2c8d5ff72f439df16492e6cd76c1fa (CODE-ONLY; RELEASE NOT READY),Stage3B runbook/helper owner for C1-C8; independent reviewer; human Owner for later secret-safe credential provisioning/login; General-TL for exact seven mounts,"Correct Stage3B C1-C8 and obtain a new independent PASS before any credential resolution/creation; then provision credential through the approved path, apply exactly seven Serve mounts, and perform real Owner login.",Independent code-only SHA; release closure depends on credential provisioning and owner-authorized live login,Credential creation is not authorized: C1-C8 remain. Owner credential input/authorization and real login remain pending. Serve/Funnel are empty; frontend/backend are healthy; code-only 9cf3296 is MATCHED_EXACT but not release closure.,.deploy-control/p0/evidence/orq17-stage3b-independent-adversarial-review.md,4b7ebd805171f2f11fd804501086efe2c09cba8dcdb2f2bd092fff87c99b3cf9,.deploy-control/p0/evidence/orq17-auth-tests-minimal-fix.md,evidence,2026-07-27T15:54:00Z,211015cbe783187618493bd5d9df026304b88074d1e0460e64d8893b1f11a4e4,ACTIVE,release-ledger:v1:ORQ-17:211015cbe783187618493bd5d9df026304b88074d1e0460e64d8893b1f11a4e4
release-ledger.v1,2026-07-27T16:33:11Z,ORQ-17,todo,high,agent:4069a041-9c68-416a-b0cf-52226c076c6c,BLOCK_STAGE3B_C1_C8_CREDENTIAL_CREATION_NOT_AUTHORIZED,Agy-P0-A8;Antigravity;Codex;Codex56#A;Codex56#B;Opus48#A,2026-07-27T11:29:21Z,2026-07-27T16:27:50Z,NOT_MEASURED,97,46,27,14,7,8,0,11,3,1,40909d85ee1962745e436cc540c2323f95e59820;9cf3296fcf2c8d5ff72f439df16492e6cd76c1fa,9cf3296fcf2c8d5ff72f439df16492e6cd76c1fa (CODE-ONLY; RELEASE NOT READY),Stage3B runbook/helper owner for C1-C8; independent reviewer; human Owner for later secret-safe credential provisioning/login; General-TL for exact seven mounts,"Correct Stage3B C1-C8 and obtain a new independent PASS before any credential resolution/creation; then provision credential through the approved path, apply exactly seven Serve mounts, and perform real Owner login.",Independent code-only SHA; release closure depends on credential provisioning and owner-authorized live login,Credential creation is not authorized: C1-C8 remain. Owner credential input/authorization and real login remain pending. Serve/Funnel are empty; frontend/backend are healthy; code-only 9cf3296 is MATCHED_EXACT but not release closure.,.deploy-control/p0/evidence/orq17-stage3b-independent-adversarial-review.md,4b7ebd805171f2f11fd804501086efe2c09cba8dcdb2f2bd092fff87c99b3cf9,.deploy-control/p0/checkins/CHECKOUT__Antigravity__ORQ17-AUTH-TESTS-MINIMAL-FIX__20260727T155433Z.json,checkin,2026-07-27T15:54:33Z,290d18ea5c33b5a75991610c7b1419e9628f6d7e8d5dc53c731ba0b9857e22c0,ACTIVE,release-ledger:v1:ORQ-17:290d18ea5c33b5a75991610c7b1419e9628f6d7e8d5dc53c731ba0b9857e22c0
release-ledger.v1,2026-07-27T16:33:11Z,ORQ-17,todo,high,agent:4069a041-9c68-416a-b0cf-52226c076c6c,BLOCK_STAGE3B_C1_C8_CREDENTIAL_CREATION_NOT_AUTHORIZED,Agy-P0-A8;Antigravity;Codex;Codex56#A;Codex56#B;Opus48#A,2026-07-27T11:29:21Z,2026-07-27T16:27:50Z,NOT_MEASURED,97,46,27,14,7,8,0,11,3,1,40909d85ee1962745e436cc540c2323f95e59820;9cf3296fcf2c8d5ff72f439df16492e6cd76c1fa,9cf3296fcf2c8d5ff72f439df16492e6cd76c1fa (CODE-ONLY; RELEASE NOT READY),Stage3B runbook/helper owner for C1-C8; independent reviewer; human Owner for later secret-safe credential provisioning/login; General-TL for exact seven mounts,"Correct Stage3B C1-C8 and obtain a new independent PASS before any credential resolution/creation; then provision credential through the approved path, apply exactly seven Serve mounts, and perform real Owner login.",Independent code-only SHA; release closure depends on credential provisioning and owner-authorized live login,Credential creation is not authorized: C1-C8 remain. Owner credential input/authorization and real login remain pending. Serve/Funnel are empty; frontend/backend are healthy; code-only 9cf3296 is MATCHED_EXACT but not release closure.,.deploy-control/p0/evidence/orq17-stage3b-independent-adversarial-review.md,4b7ebd805171f2f11fd804501086efe2c09cba8dcdb2f2bd092fff87c99b3cf9,.deploy-control/p0/evidence/orq17-auth-tests-commit-9cf3296-rereview.md,evidence,2026-07-27T15:56:00Z,f2740ac2f6b8ae687be8c4048a7e7266a5384d9163f853cbf2ca7e059c65e3b5,ACTIVE,release-ledger:v1:ORQ-17:f2740ac2f6b8ae687be8c4048a7e7266a5384d9163f853cbf2ca7e059c65e3b5
release-ledger.v1,2026-07-27T16:33:11Z,ORQ-17,todo,high,agent:4069a041-9c68-416a-b0cf-52226c076c6c,BLOCK_STAGE3B_C1_C8_CREDENTIAL_CREATION_NOT_AUTHORIZED,Agy-P0-A8;Antigravity;Codex;Codex56#A;Codex56#B;Opus48#A,2026-07-27T11:29:21Z,2026-07-27T16:27:50Z,NOT_MEASURED,97,46,27,14,7,8,0,11,3,1,40909d85ee1962745e436cc540c2323f95e59820;9cf3296fcf2c8d5ff72f439df16492e6cd76c1fa,9cf3296fcf2c8d5ff72f439df16492e6cd76c1fa (CODE-ONLY; RELEASE NOT READY),Stage3B runbook/helper owner for C1-C8; independent reviewer; human Owner for later secret-safe credential provisioning/login; General-TL for exact seven mounts,"Correct Stage3B C1-C8 and obtain a new independent PASS before any credential resolution/creation; then provision credential through the approved path, apply exactly seven Serve mounts, and perform real Owner login.",Independent code-only SHA; release closure depends on credential provisioning and owner-authorized live login,Credential creation is not authorized: C1-C8 remain. Owner credential input/authorization and real login remain pending. Serve/Funnel are empty; frontend/backend are healthy; code-only 9cf3296 is MATCHED_EXACT but not release closure.,.deploy-control/p0/evidence/orq17-stage3b-independent-adversarial-review.md,4b7ebd805171f2f11fd804501086efe2c09cba8dcdb2f2bd092fff87c99b3cf9,.deploy-control/p0/checkins/CHECKOUT__Codex56-A__C__ORQ-17-FIX-REREVIEW__20260727T155700Z.json,checkin,2026-07-27T15:57:00Z,6624542da7d97b0a08a2be3965ed482e1f252fb1e42aa217ec9f4fd8133cfe94,ACTIVE,release-ledger:v1:ORQ-17:6624542da7d97b0a08a2be3965ed482e1f252fb1e42aa217ec9f4fd8133cfe94
release-ledger.v1,2026-07-27T16:33:11Z,ORQ-17,todo,high,agent:4069a041-9c68-416a-b0cf-52226c076c6c,BLOCK_STAGE3B_C1_C8_CREDENTIAL_CREATION_NOT_AUTHORIZED,Agy-P0-A8;Antigravity;Codex;Codex56#A;Codex56#B;Opus48#A,2026-07-27T11:29:21Z,2026-07-27T16:27:50Z,NOT_MEASURED,97,46,27,14,7,8,0,11,3,1,40909d85ee1962745e436cc540c2323f95e59820;9cf3296fcf2c8d5ff72f439df16492e6cd76c1fa,9cf3296fcf2c8d5ff72f439df16492e6cd76c1fa (CODE-ONLY; RELEASE NOT READY),Stage3B runbook/helper owner for C1-C8; independent reviewer; human Owner for later secret-safe credential provisioning/login; General-TL for exact seven mounts,"Correct Stage3B C1-C8 and obtain a new independent PASS before any credential resolution/creation; then provision credential through the approved path, apply exactly seven Serve mounts, and perform real Owner login.",Independent code-only SHA; release closure depends on credential provisioning and owner-authorized live login,Credential creation is not authorized: C1-C8 remain. Owner credential input/authorization and real login remain pending. Serve/Funnel are empty; frontend/backend are healthy; code-only 9cf3296 is MATCHED_EXACT but not release closure.,.deploy-control/p0/evidence/orq17-stage3b-independent-adversarial-review.md,4b7ebd805171f2f11fd804501086efe2c09cba8dcdb2f2bd092fff87c99b3cf9,.deploy-control/p0/checkins/CHECKOUT__Codex__ORQ-17-STAGE-2-AUTH-CONFIG-CUTOVER__20260727T155703Z.json,checkin,2026-07-27T15:57:03Z,cb2916ffdf5d70c5b2e9263b1ab0882cb4ad870f5f64a5f4b61d4596efd9ad7b,ACTIVE,release-ledger:v1:ORQ-17:cb2916ffdf5d70c5b2e9263b1ab0882cb4ad870f5f64a5f4b61d4596efd9ad7b
release-ledger.v1,2026-07-27T16:33:11Z,ORQ-17,todo,high,agent:4069a041-9c68-416a-b0cf-52226c076c6c,BLOCK_STAGE3B_C1_C8_CREDENTIAL_CREATION_NOT_AUTHORIZED,Agy-P0-A8;Antigravity;Codex;Codex56#A;Codex56#B;Opus48#A,2026-07-27T11:29:21Z,2026-07-27T16:27:50Z,NOT_MEASURED,97,46,27,14,7,8,0,11,3,1,40909d85ee1962745e436cc540c2323f95e59820;9cf3296fcf2c8d5ff72f439df16492e6cd76c1fa,9cf3296fcf2c8d5ff72f439df16492e6cd76c1fa (CODE-ONLY; RELEASE NOT READY),Stage3B runbook/helper owner for C1-C8; independent reviewer; human Owner for later secret-safe credential provisioning/login; General-TL for exact seven mounts,"Correct Stage3B C1-C8 and obtain a new independent PASS before any credential resolution/creation; then provision credential through the approved path, apply exactly seven Serve mounts, and perform real Owner login.",Independent code-only SHA; release closure depends on credential provisioning and owner-authorized live login,Credential creation is not authorized: C1-C8 remain. Owner credential input/authorization and real login remain pending. Serve/Funnel are empty; frontend/backend are healthy; code-only 9cf3296 is MATCHED_EXACT but not release closure.,.deploy-control/p0/evidence/orq17-stage3b-independent-adversarial-review.md,4b7ebd805171f2f11fd804501086efe2c09cba8dcdb2f2bd092fff87c99b3cf9,.deploy-control/p0/checkins/CHECKOUT__Antigravity__ORQ17-STAGE3-LOGIN-READINESS__20260727T160003Z.json,checkin,2026-07-27T16:00:03Z,aefb7106d17e35e45dd408e5c0657a6601c67ad91714bef36fd3d50bc4f7149e,ACTIVE,release-ledger:v1:ORQ-17:aefb7106d17e35e45dd408e5c0657a6601c67ad91714bef36fd3d50bc4f7149e
release-ledger.v1,2026-07-27T16:33:11Z,ORQ-17,todo,high,agent:4069a041-9c68-416a-b0cf-52226c076c6c,BLOCK_STAGE3B_C1_C8_CREDENTIAL_CREATION_NOT_AUTHORIZED,Agy-P0-A8;Antigravity;Codex;Codex56#A;Codex56#B;Opus48#A,2026-07-27T11:29:21Z,2026-07-27T16:27:50Z,NOT_MEASURED,97,46,27,14,7,8,0,11,3,1,40909d85ee1962745e436cc540c2323f95e59820;9cf3296fcf2c8d5ff72f439df16492e6cd76c1fa,9cf3296fcf2c8d5ff72f439df16492e6cd76c1fa (CODE-ONLY; RELEASE NOT READY),Stage3B runbook/helper owner for C1-C8; independent reviewer; human Owner for later secret-safe credential provisioning/login; General-TL for exact seven mounts,"Correct Stage3B C1-C8 and obtain a new independent PASS before any credential resolution/creation; then provision credential through the approved path, apply exactly seven Serve mounts, and perform real Owner login.",Independent code-only SHA; release closure depends on credential provisioning and owner-authorized live login,Credential creation is not authorized: C1-C8 remain. Owner credential input/authorization and real login remain pending. Serve/Funnel are empty; frontend/backend are healthy; code-only 9cf3296 is MATCHED_EXACT but not release closure.,.deploy-control/p0/evidence/orq17-stage3b-independent-adversarial-review.md,4b7ebd805171f2f11fd804501086efe2c09cba8dcdb2f2bd092fff87c99b3cf9,.deploy-control/p0/evidence/orq17-stage3-login-readiness.md,evidence,2026-07-27T16:02:00Z,279648342427d749964b9647b66dda8264391f96243f58aefa71e0a5a8215ddc,ACTIVE,release-ledger:v1:ORQ-17:279648342427d749964b9647b66dda8264391f96243f58aefa71e0a5a8215ddc
release-ledger.v1,2026-07-27T16:33:11Z,ORQ-17,todo,high,agent:4069a041-9c68-416a-b0cf-52226c076c6c,BLOCK_STAGE3B_C1_C8_CREDENTIAL_CREATION_NOT_AUTHORIZED,Agy-P0-A8;Antigravity;Codex;Codex56#A;Codex56#B;Opus48#A,2026-07-27T11:29:21Z,2026-07-27T16:27:50Z,NOT_MEASURED,97,46,27,14,7,8,0,11,3,1,40909d85ee1962745e436cc540c2323f95e59820;9cf3296fcf2c8d5ff72f439df16492e6cd76c1fa,9cf3296fcf2c8d5ff72f439df16492e6cd76c1fa (CODE-ONLY; RELEASE NOT READY),Stage3B runbook/helper owner for C1-C8; independent reviewer; human Owner for later secret-safe credential provisioning/login; General-TL for exact seven mounts,"Correct Stage3B C1-C8 and obtain a new independent PASS before any credential resolution/creation; then provision credential through the approved path, apply exactly seven Serve mounts, and perform real Owner login.",Independent code-only SHA; release closure depends on credential provisioning and owner-authorized live login,Credential creation is not authorized: C1-C8 remain. Owner credential input/authorization and real login remain pending. Serve/Funnel are empty; frontend/backend are healthy; code-only 9cf3296 is MATCHED_EXACT but not release closure.,.deploy-control/p0/evidence/orq17-stage3b-independent-adversarial-review.md,4b7ebd805171f2f11fd804501086efe2c09cba8dcdb2f2bd092fff87c99b3cf9,.deploy-control/p0/checkins/CHECKOUT__Antigravity__ORQ17-STAGE3-LOGIN-READINESS-CORRECTION__20260727T160212Z.json,checkin,2026-07-27T16:02:12Z,6f2f7c55882fc48b6b9791762411ff36ff89da7d4924d831e66b709ed94c89d9,ACTIVE,release-ledger:v1:ORQ-17:6f2f7c55882fc48b6b9791762411ff36ff89da7d4924d831e66b709ed94c89d9
release-ledger.v1,2026-07-27T16:33:11Z,ORQ-17,todo,high,agent:4069a041-9c68-416a-b0cf-52226c076c6c,BLOCK_STAGE3B_C1_C8_CREDENTIAL_CREATION_NOT_AUTHORIZED,Agy-P0-A8;Antigravity;Codex;Codex56#A;Codex56#B;Opus48#A,2026-07-27T11:29:21Z,2026-07-27T16:27:50Z,NOT_MEASURED,97,46,27,14,7,8,0,11,3,1,40909d85ee1962745e436cc540c2323f95e59820;9cf3296fcf2c8d5ff72f439df16492e6cd76c1fa,9cf3296fcf2c8d5ff72f439df16492e6cd76c1fa (CODE-ONLY; RELEASE NOT READY),Stage3B runbook/helper owner for C1-C8; independent reviewer; human Owner for later secret-safe credential provisioning/login; General-TL for exact seven mounts,"Correct Stage3B C1-C8 and obtain a new independent PASS before any credential resolution/creation; then provision credential through the approved path, apply exactly seven Serve mounts, and perform real Owner login.",Independent code-only SHA; release closure depends on credential provisioning and owner-authorized live login,Credential creation is not authorized: C1-C8 remain. Owner credential input/authorization and real login remain pending. Serve/Funnel are empty; frontend/backend are healthy; code-only 9cf3296 is MATCHED_EXACT but not release closure.,.deploy-control/p0/evidence/orq17-stage3b-independent-adversarial-review.md,4b7ebd805171f2f11fd804501086efe2c09cba8dcdb2f2bd092fff87c99b3cf9,.deploy-control/p0/evidence/orq17-sustained-post-cutover-monitor-and-7mount-checklist.md,evidence,2026-07-27T16:08:00Z,4b22742148bbfe0052bbe26df7f66c1de32415c9c029dbf102477063a0ba2c14,RETRACTED_V1_WRONG_HOST_AND_MOUNTS,release-ledger:v1:ORQ-17:4b22742148bbfe0052bbe26df7f66c1de32415c9c029dbf102477063a0ba2c14
release-ledger.v1,2026-07-27T16:33:11Z,ORQ-17,todo,high,agent:4069a041-9c68-416a-b0cf-52226c076c6c,BLOCK_STAGE3B_C1_C8_CREDENTIAL_CREATION_NOT_AUTHORIZED,Agy-P0-A8;Antigravity;Codex;Codex56#A;Codex56#B;Opus48#A,2026-07-27T11:29:21Z,2026-07-27T16:27:50Z,NOT_MEASURED,97,46,27,14,7,8,0,11,3,1,40909d85ee1962745e436cc540c2323f95e59820;9cf3296fcf2c8d5ff72f439df16492e6cd76c1fa,9cf3296fcf2c8d5ff72f439df16492e6cd76c1fa (CODE-ONLY; RELEASE NOT READY),Stage3B runbook/helper owner for C1-C8; independent reviewer; human Owner for later secret-safe credential provisioning/login; General-TL for exact seven mounts,"Correct Stage3B C1-C8 and obtain a new independent PASS before any credential resolution/creation; then provision credential through the approved path, apply exactly seven Serve mounts, and perform real Owner login.",Independent code-only SHA; release closure depends on credential provisioning and owner-authorized live login,Credential creation is not authorized: C1-C8 remain. Owner credential input/authorization and real login remain pending. Serve/Funnel are empty; frontend/backend are healthy; code-only 9cf3296 is MATCHED_EXACT but not release closure.,.deploy-control/p0/evidence/orq17-stage3b-independent-adversarial-review.md,4b7ebd805171f2f11fd804501086efe2c09cba8dcdb2f2bd092fff87c99b3cf9,.deploy-control/p0/checkins/CHECKOUT__Antigravity__ORQ17-SUSTAINED-POST-CUTOVER-MONITOR__20260727T160824Z.json,checkin,2026-07-27T16:08:24Z,40eee567c5d5ba9f9ad3d8d38d90ae65c3ecf025c196205ee7402c4a2c496321,ACTIVE,release-ledger:v1:ORQ-17:40eee567c5d5ba9f9ad3d8d38d90ae65c3ecf025c196205ee7402c4a2c496321
release-ledger.v1,2026-07-27T16:33:11Z,ORQ-17,todo,high,agent:4069a041-9c68-416a-b0cf-52226c076c6c,BLOCK_STAGE3B_C1_C8_CREDENTIAL_CREATION_NOT_AUTHORIZED,Agy-P0-A8;Antigravity;Codex;Codex56#A;Codex56#B;Opus48#A,2026-07-27T11:29:21Z,2026-07-27T16:27:50Z,NOT_MEASURED,97,46,27,14,7,8,0,11,3,1,40909d85ee1962745e436cc540c2323f95e59820;9cf3296fcf2c8d5ff72f439df16492e6cd76c1fa,9cf3296fcf2c8d5ff72f439df16492e6cd76c1fa (CODE-ONLY; RELEASE NOT READY),Stage3B runbook/helper owner for C1-C8; independent reviewer; human Owner for later secret-safe credential provisioning/login; General-TL for exact seven mounts,"Correct Stage3B C1-C8 and obtain a new independent PASS before any credential resolution/creation; then provision credential through the approved path, apply exactly seven Serve mounts, and perform real Owner login.",Independent code-only SHA; release closure depends on credential provisioning and owner-authorized live login,Credential creation is not authorized: C1-C8 remain. Owner credential input/authorization and real login remain pending. Serve/Funnel are empty; frontend/backend are healthy; code-only 9cf3296 is MATCHED_EXACT but not release closure.,.deploy-control/p0/evidence/orq17-stage3b-independent-adversarial-review.md,4b7ebd805171f2f11fd804501086efe2c09cba8dcdb2f2bd092fff87c99b3cf9,.deploy-control/p0/evidence/orq17-sustained-post-cutover-monitor-and-7mount-checklist-v2.md,evidence,2026-07-27T16:09:30Z,f1b30d7229b0e2b4ce0b2d2a56130669b3b8207fbd1c4cc66d13bf143849ad39,RETRACTED_V2_WRONG_HOST_AND_REDUNDANT_COMMANDS,release-ledger:v1:ORQ-17:f1b30d7229b0e2b4ce0b2d2a56130669b3b8207fbd1c4cc66d13bf143849ad39
release-ledger.v1,2026-07-27T16:33:11Z,ORQ-17,todo,high,agent:4069a041-9c68-416a-b0cf-52226c076c6c,BLOCK_STAGE3B_C1_C8_CREDENTIAL_CREATION_NOT_AUTHORIZED,Agy-P0-A8;Antigravity;Codex;Codex56#A;Codex56#B;Opus48#A,2026-07-27T11:29:21Z,2026-07-27T16:27:50Z,NOT_MEASURED,97,46,27,14,7,8,0,11,3,1,40909d85ee1962745e436cc540c2323f95e59820;9cf3296fcf2c8d5ff72f439df16492e6cd76c1fa,9cf3296fcf2c8d5ff72f439df16492e6cd76c1fa (CODE-ONLY; RELEASE NOT READY),Stage3B runbook/helper owner for C1-C8; independent reviewer; human Owner for later secret-safe credential provisioning/login; General-TL for exact seven mounts,"Correct Stage3B C1-C8 and obtain a new independent PASS before any credential resolution/creation; then provision credential through the approved path, apply exactly seven Serve mounts, and perform real Owner login.",Independent code-only SHA; release closure depends on credential provisioning and owner-authorized live login,Credential creation is not authorized: C1-C8 remain. Owner credential input/authorization and real login remain pending. Serve/Funnel are empty; frontend/backend are healthy; code-only 9cf3296 is MATCHED_EXACT but not release closure.,.deploy-control/p0/evidence/orq17-stage3b-independent-adversarial-review.md,4b7ebd805171f2f11fd804501086efe2c09cba8dcdb2f2bd092fff87c99b3cf9,.deploy-control/p0/checkins/CHECKOUT__Antigravity__ORQ17-7MOUNTS-RECONCILIATION-V2__20260727T160938Z.json,checkin,2026-07-27T16:09:38Z,aef3a900d0d60032ab8b4cab2ee506152e008f990c14236b691ce714b142ce16,ACTIVE,release-ledger:v1:ORQ-17:aef3a900d0d60032ab8b4cab2ee506152e008f990c14236b691ce714b142ce16
release-ledger.v1,2026-07-27T16:33:11Z,ORQ-17,todo,high,agent:4069a041-9c68-416a-b0cf-52226c076c6c,BLOCK_STAGE3B_C1_C8_CREDENTIAL_CREATION_NOT_AUTHORIZED,Agy-P0-A8;Antigravity;Codex;Codex56#A;Codex56#B;Opus48#A,2026-07-27T11:29:21Z,2026-07-27T16:27:50Z,NOT_MEASURED,97,46,27,14,7,8,0,11,3,1,40909d85ee1962745e436cc540c2323f95e59820;9cf3296fcf2c8d5ff72f439df16492e6cd76c1fa,9cf3296fcf2c8d5ff72f439df16492e6cd76c1fa (CODE-ONLY; RELEASE NOT READY),Stage3B runbook/helper owner for C1-C8; independent reviewer; human Owner for later secret-safe credential provisioning/login; General-TL for exact seven mounts,"Correct Stage3B C1-C8 and obtain a new independent PASS before any credential resolution/creation; then provision credential through the approved path, apply exactly seven Serve mounts, and perform real Owner login.",Independent code-only SHA; release closure depends on credential provisioning and owner-authorized live login,Credential creation is not authorized: C1-C8 remain. Owner credential input/authorization and real login remain pending. Serve/Funnel are empty; frontend/backend are healthy; code-only 9cf3296 is MATCHED_EXACT but not release closure.,.deploy-control/p0/evidence/orq17-stage3b-independent-adversarial-review.md,4b7ebd805171f2f11fd804501086efe2c09cba8dcdb2f2bd092fff87c99b3cf9,.deploy-control/p0/evidence/orq17-auth-cutover-v3-final-readiness.md,evidence,2026-07-27T16:10:30Z,9447a2df1098ab44522ca765d7c174918712d6acaf9d097110216419988e0b1d,APPROVED_READINESS_BASELINE,release-ledger:v1:ORQ-17:9447a2df1098ab44522ca765d7c174918712d6acaf9d097110216419988e0b1d
release-ledger.v1,2026-07-27T16:33:11Z,ORQ-17,todo,high,agent:4069a041-9c68-416a-b0cf-52226c076c6c,BLOCK_STAGE3B_C1_C8_CREDENTIAL_CREATION_NOT_AUTHORIZED,Agy-P0-A8;Antigravity;Codex;Codex56#A;Codex56#B;Opus48#A,2026-07-27T11:29:21Z,2026-07-27T16:27:50Z,NOT_MEASURED,97,46,27,14,7,8,0,11,3,1,40909d85ee1962745e436cc540c2323f95e59820;9cf3296fcf2c8d5ff72f439df16492e6cd76c1fa,9cf3296fcf2c8d5ff72f439df16492e6cd76c1fa (CODE-ONLY; RELEASE NOT READY),Stage3B runbook/helper owner for C1-C8; independent reviewer; human Owner for later secret-safe credential provisioning/login; General-TL for exact seven mounts,"Correct Stage3B C1-C8 and obtain a new independent PASS before any credential resolution/creation; then provision credential through the approved path, apply exactly seven Serve mounts, and perform real Owner login.",Independent code-only SHA; release closure depends on credential provisioning and owner-authorized live login,Credential creation is not authorized: C1-C8 remain. Owner credential input/authorization and real login remain pending. Serve/Funnel are empty; frontend/backend are healthy; code-only 9cf3296 is MATCHED_EXACT but not release closure.,.deploy-control/p0/evidence/orq17-stage3b-independent-adversarial-review.md,4b7ebd805171f2f11fd804501086efe2c09cba8dcdb2f2bd092fff87c99b3cf9,.deploy-control/p0/checkins/CHECKOUT__Codex__ORQ-17-STAGE-3B-CREDENTIAL-PROVISIONING-DESIGN__20260727T161040Z.json,checkin,2026-07-27T16:10:40Z,3fb268eab8915777fab6f885227b43cbcd5fd838eefe7fcaffe3f8bc643f1f27,ACTIVE,release-ledger:v1:ORQ-17:3fb268eab8915777fab6f885227b43cbcd5fd838eefe7fcaffe3f8bc643f1f27
release-ledger.v1,2026-07-27T16:33:11Z,ORQ-17,todo,high,agent:4069a041-9c68-416a-b0cf-52226c076c6c,BLOCK_STAGE3B_C1_C8_CREDENTIAL_CREATION_NOT_AUTHORIZED,Agy-P0-A8;Antigravity;Codex;Codex56#A;Codex56#B;Opus48#A,2026-07-27T11:29:21Z,2026-07-27T16:27:50Z,NOT_MEASURED,97,46,27,14,7,8,0,11,3,1,40909d85ee1962745e436cc540c2323f95e59820;9cf3296fcf2c8d5ff72f439df16492e6cd76c1fa,9cf3296fcf2c8d5ff72f439df16492e6cd76c1fa (CODE-ONLY; RELEASE NOT READY),Stage3B runbook/helper owner for C1-C8; independent reviewer; human Owner for later secret-safe credential provisioning/login; General-TL for exact seven mounts,"Correct Stage3B C1-C8 and obtain a new independent PASS before any credential resolution/creation; then provision credential through the approved path, apply exactly seven Serve mounts, and perform real Owner login.",Independent code-only SHA; release closure depends on credential provisioning and owner-authorized live login,Credential creation is not authorized: C1-C8 remain. Owner credential input/authorization and real login remain pending. Serve/Funnel are empty; frontend/backend are healthy; code-only 9cf3296 is MATCHED_EXACT but not release closure.,.deploy-control/p0/evidence/orq17-stage3b-independent-adversarial-review.md,4b7ebd805171f2f11fd804501086efe2c09cba8dcdb2f2bd092fff87c99b3cf9,.deploy-control/p0/checkins/CHECKOUT__Antigravity__ORQ17-V3-FINAL-READINESS__20260727T161042Z.json,checkin,2026-07-27T16:10:42Z,52b1d3c9ea1d55afa316b5c34ebf013460017840158c10bf786e62bf917cd4ff,ACTIVE,release-ledger:v1:ORQ-17:52b1d3c9ea1d55afa316b5c34ebf013460017840158c10bf786e62bf917cd4ff
release-ledger.v1,2026-07-27T16:33:11Z,ORQ-17,todo,high,agent:4069a041-9c68-416a-b0cf-52226c076c6c,BLOCK_STAGE3B_C1_C8_CREDENTIAL_CREATION_NOT_AUTHORIZED,Agy-P0-A8;Antigravity;Codex;Codex56#A;Codex56#B;Opus48#A,2026-07-27T11:29:21Z,2026-07-27T16:27:50Z,NOT_MEASURED,97,46,27,14,7,8,0,11,3,1,40909d85ee1962745e436cc540c2323f95e59820;9cf3296fcf2c8d5ff72f439df16492e6cd76c1fa,9cf3296fcf2c8d5ff72f439df16492e6cd76c1fa (CODE-ONLY; RELEASE NOT READY),Stage3B runbook/helper owner for C1-C8; independent reviewer; human Owner for later secret-safe credential provisioning/login; General-TL for exact seven mounts,"Correct Stage3B C1-C8 and obtain a new independent PASS before any credential resolution/creation; then provision credential through the approved path, apply exactly seven Serve mounts, and perform real Owner login.",Independent code-only SHA; release closure depends on credential provisioning and owner-authorized live login,Credential creation is not authorized: C1-C8 remain. Owner credential input/authorization and real login remain pending. Serve/Funnel are empty; frontend/backend are healthy; code-only 9cf3296 is MATCHED_EXACT but not release closure.,.deploy-control/p0/evidence/orq17-stage3b-independent-adversarial-review.md,4b7ebd805171f2f11fd804501086efe2c09cba8dcdb2f2bd092fff87c99b3cf9,.deploy-control/p0/evidence/orq17-mechanical-monitor-v4.md,evidence,2026-07-27T16:12:45Z,14517fff8c4286c4fe0f75edcf1828add4463271145e45f14b8b4ce91a43152b,APPROVED_STABILITY_MONITOR,release-ledger:v1:ORQ-17:14517fff8c4286c4fe0f75edcf1828add4463271145e45f14b8b4ce91a43152b
release-ledger.v1,2026-07-27T16:33:11Z,ORQ-17,todo,high,agent:4069a041-9c68-416a-b0cf-52226c076c6c,BLOCK_STAGE3B_C1_C8_CREDENTIAL_CREATION_NOT_AUTHORIZED,Agy-P0-A8;Antigravity;Codex;Codex56#A;Codex56#B;Opus48#A,2026-07-27T11:29:21Z,2026-07-27T16:27:50Z,NOT_MEASURED,97,46,27,14,7,8,0,11,3,1,40909d85ee1962745e436cc540c2323f95e59820;9cf3296fcf2c8d5ff72f439df16492e6cd76c1fa,9cf3296fcf2c8d5ff72f439df16492e6cd76c1fa (CODE-ONLY; RELEASE NOT READY),Stage3B runbook/helper owner for C1-C8; independent reviewer; human Owner for later secret-safe credential provisioning/login; General-TL for exact seven mounts,"Correct Stage3B C1-C8 and obtain a new independent PASS before any credential resolution/creation; then provision credential through the approved path, apply exactly seven Serve mounts, and perform real Owner login.",Independent code-only SHA; release closure depends on credential provisioning and owner-authorized live login,Credential creation is not authorized: C1-C8 remain. Owner credential input/authorization and real login remain pending. Serve/Funnel are empty; frontend/backend are healthy; code-only 9cf3296 is MATCHED_EXACT but not release closure.,.deploy-control/p0/evidence/orq17-stage3b-independent-adversarial-review.md,4b7ebd805171f2f11fd804501086efe2c09cba8dcdb2f2bd092fff87c99b3cf9,.deploy-control/p0/checkins/CHECKOUT__Antigravity__ORQ17-MECHANICAL-MONITOR-V4__20260727T161358Z.json,checkin,2026-07-27T16:13:58Z,7cc5a45cc2c10664385f8249afd66f4584159da900e7665256ff412c1e62b7e8,ACTIVE,release-ledger:v1:ORQ-17:7cc5a45cc2c10664385f8249afd66f4584159da900e7665256ff412c1e62b7e8
release-ledger.v1,2026-07-27T16:33:11Z,ORQ-17,todo,high,agent:4069a041-9c68-416a-b0cf-52226c076c6c,BLOCK_STAGE3B_C1_C8_CREDENTIAL_CREATION_NOT_AUTHORIZED,Agy-P0-A8;Antigravity;Codex;Codex56#A;Codex56#B;Opus48#A,2026-07-27T11:29:21Z,2026-07-27T16:27:50Z,NOT_MEASURED,97,46,27,14,7,8,0,11,3,1,40909d85ee1962745e436cc540c2323f95e59820;9cf3296fcf2c8d5ff72f439df16492e6cd76c1fa,9cf3296fcf2c8d5ff72f439df16492e6cd76c1fa (CODE-ONLY; RELEASE NOT READY),Stage3B runbook/helper owner for C1-C8; independent reviewer; human Owner for later secret-safe credential provisioning/login; General-TL for exact seven mounts,"Correct Stage3B C1-C8 and obtain a new independent PASS before any credential resolution/creation; then provision credential through the approved path, apply exactly seven Serve mounts, and perform real Owner login.",Independent code-only SHA; release closure depends on credential provisioning and owner-authorized live login,Credential creation is not authorized: C1-C8 remain. Owner credential input/authorization and real login remain pending. Serve/Funnel are empty; frontend/backend are healthy; code-only 9cf3296 is MATCHED_EXACT but not release closure.,.deploy-control/p0/evidence/orq17-stage3b-independent-adversarial-review.md,4b7ebd805171f2f11fd804501086efe2c09cba8dcdb2f2bd092fff87c99b3cf9,.deploy-control/p0/evidence/orq17-canonical-evidence-supersession-index.md,evidence,2026-07-27T16:14:30Z,80fd5a35899bb6becec8962627cbac393938f286b8673c409ad77d545f8877e8,ACTIVE_CANONICAL_INDEX,release-ledger:v1:ORQ-17:80fd5a35899bb6becec8962627cbac393938f286b8673c409ad77d545f8877e8
release-ledger.v1,2026-07-27T16:33:11Z,ORQ-17,todo,high,agent:4069a041-9c68-416a-b0cf-52226c076c6c,BLOCK_STAGE3B_C1_C8_CREDENTIAL_CREATION_NOT_AUTHORIZED,Agy-P0-A8;Antigravity;Codex;Codex56#A;Codex56#B;Opus48#A,2026-07-27T11:29:21Z,2026-07-27T16:27:50Z,NOT_MEASURED,97,46,27,14,7,8,0,11,3,1,40909d85ee1962745e436cc540c2323f95e59820;9cf3296fcf2c8d5ff72f439df16492e6cd76c1fa,9cf3296fcf2c8d5ff72f439df16492e6cd76c1fa (CODE-ONLY; RELEASE NOT READY),Stage3B runbook/helper owner for C1-C8; independent reviewer; human Owner for later secret-safe credential provisioning/login; General-TL for exact seven mounts,"Correct Stage3B C1-C8 and obtain a new independent PASS before any credential resolution/creation; then provision credential through the approved path, apply exactly seven Serve mounts, and perform real Owner login.",Independent code-only SHA; release closure depends on credential provisioning and owner-authorized live login,Credential creation is not authorized: C1-C8 remain. Owner credential input/authorization and real login remain pending. Serve/Funnel are empty; frontend/backend are healthy; code-only 9cf3296 is MATCHED_EXACT but not release closure.,.deploy-control/p0/evidence/orq17-stage3b-independent-adversarial-review.md,4b7ebd805171f2f11fd804501086efe2c09cba8dcdb2f2bd092fff87c99b3cf9,.deploy-control/p0/checkins/CHECKOUT__Antigravity__ORQ17-CANONICAL-SUPERSESSION-INDEX__20260727T161502Z.json,checkin,2026-07-27T16:15:02Z,f926ae2c3465d6a8bbe8f5b43e89e0c8c3eeb855f133f72f1ab75fa8c92f0498,ACTIVE,release-ledger:v1:ORQ-17:f926ae2c3465d6a8bbe8f5b43e89e0c8c3eeb855f133f72f1ab75fa8c92f0498
release-ledger.v1,2026-07-27T16:33:11Z,ORQ-17,todo,high,agent:4069a041-9c68-416a-b0cf-52226c076c6c,BLOCK_STAGE3B_C1_C8_CREDENTIAL_CREATION_NOT_AUTHORIZED,Agy-P0-A8;Antigravity;Codex;Codex56#A;Codex56#B;Opus48#A,2026-07-27T11:29:21Z,2026-07-27T16:27:50Z,NOT_MEASURED,97,46,27,14,7,8,0,11,3,1,40909d85ee1962745e436cc540c2323f95e59820;9cf3296fcf2c8d5ff72f439df16492e6cd76c1fa,9cf3296fcf2c8d5ff72f439df16492e6cd76c1fa (CODE-ONLY; RELEASE NOT READY),Stage3B runbook/helper owner for C1-C8; independent reviewer; human Owner for later secret-safe credential provisioning/login; General-TL for exact seven mounts,"Correct Stage3B C1-C8 and obtain a new independent PASS before any credential resolution/creation; then provision credential through the approved path, apply exactly seven Serve mounts, and perform real Owner login.",Independent code-only SHA; release closure depends on credential provisioning and owner-authorized live login,Credential creation is not authorized: C1-C8 remain. Owner credential input/authorization and real login remain pending. Serve/Funnel are empty; frontend/backend are healthy; code-only 9cf3296 is MATCHED_EXACT but not release closure.,.deploy-control/p0/evidence/orq17-stage3b-independent-adversarial-review.md,4b7ebd805171f2f11fd804501086efe2c09cba8dcdb2f2bd092fff87c99b3cf9,.deploy-control/p0/checkins/CHECKOUT__Kiro__ORQ-17__STAGE3B-INDEPENDENT-ADVERSARIAL-REVIEW__20260727T161839Z.json,checkin,2026-07-27T16:18:39Z,f614e20c090e95d207e04c9cde1bd5b365724936425724ee56598d3a54f4dd0a,DECISIVE_BLOCK_CREDENTIAL_CREATION_NOT_AUTHORIZED,release-ledger:v1:ORQ-17:f614e20c090e95d207e04c9cde1bd5b365724936425724ee56598d3a54f4dd0a
release-ledger.v1,2026-07-27T16:33:11Z,ORQ-17,todo,high,agent:4069a041-9c68-416a-b0cf-52226c076c6c,BLOCK_STAGE3B_C1_C8_CREDENTIAL_CREATION_NOT_AUTHORIZED,Agy-P0-A8;Antigravity;Codex;Codex56#A;Codex56#B;Opus48#A,2026-07-27T11:29:21Z,2026-07-27T16:27:50Z,NOT_MEASURED,97,46,27,14,7,8,0,11,3,1,40909d85ee1962745e436cc540c2323f95e59820;9cf3296fcf2c8d5ff72f439df16492e6cd76c1fa,9cf3296fcf2c8d5ff72f439df16492e6cd76c1fa (CODE-ONLY; RELEASE NOT READY),Stage3B runbook/helper owner for C1-C8; independent reviewer; human Owner for later secret-safe credential provisioning/login; General-TL for exact seven mounts,"Correct Stage3B C1-C8 and obtain a new independent PASS before any credential resolution/creation; then provision credential through the approved path, apply exactly seven Serve mounts, and perform real Owner login.",Independent code-only SHA; release closure depends on credential provisioning and owner-authorized live login,Credential creation is not authorized: C1-C8 remain. Owner credential input/authorization and real login remain pending. Serve/Funnel are empty; frontend/backend are healthy; code-only 9cf3296 is MATCHED_EXACT but not release closure.,.deploy-control/p0/evidence/orq17-stage3b-independent-adversarial-review.md,4b7ebd805171f2f11fd804501086efe2c09cba8dcdb2f2bd092fff87c99b3cf9,.deploy-control/p0/evidence/orq17-tailscale-acls-owner-evidence.md,evidence,2026-07-27T16:26:30Z,1b8265de1f80de41a937964fbc99d2d1908971f24b7c8de0c9cc353b0ebd778a,APPROVED_OWNER_ACL_EVIDENCE,release-ledger:v1:ORQ-17:1b8265de1f80de41a937964fbc99d2d1908971f24b7c8de0c9cc353b0ebd778a
release-ledger.v1,2026-07-27T16:33:11Z,ORQ-17,todo,high,agent:4069a041-9c68-416a-b0cf-52226c076c6c,BLOCK_STAGE3B_C1_C8_CREDENTIAL_CREATION_NOT_AUTHORIZED,Agy-P0-A8;Antigravity;Codex;Codex56#A;Codex56#B;Opus48#A,2026-07-27T11:29:21Z,2026-07-27T16:27:50Z,NOT_MEASURED,97,46,27,14,7,8,0,11,3,1,40909d85ee1962745e436cc540c2323f95e59820;9cf3296fcf2c8d5ff72f439df16492e6cd76c1fa,9cf3296fcf2c8d5ff72f439df16492e6cd76c1fa (CODE-ONLY; RELEASE NOT READY),Stage3B runbook/helper owner for C1-C8; independent reviewer; human Owner for later secret-safe credential provisioning/login; General-TL for exact seven mounts,"Correct Stage3B C1-C8 and obtain a new independent PASS before any credential resolution/creation; then provision credential through the approved path, apply exactly seven Serve mounts, and perform real Owner login.",Independent code-only SHA; release closure depends on credential provisioning and owner-authorized live login,Credential creation is not authorized: C1-C8 remain. Owner credential input/authorization and real login remain pending. Serve/Funnel are empty; frontend/backend are healthy; code-only 9cf3296 is MATCHED_EXACT but not release closure.,.deploy-control/p0/evidence/orq17-stage3b-independent-adversarial-review.md,4b7ebd805171f2f11fd804501086efe2c09cba8dcdb2f2bd092fff87c99b3cf9,.deploy-control/p0/checkins/CHECKOUT__Antigravity__ORQ17-TAILSCALE-ACLS-EVIDENCE__20260727T162708Z.json,checkin,2026-07-27T16:27:08Z,df61dd9d49f16fcdb2d4cdc482dd9f5b2e697ec8d93921155fbe277b4a05f361,APPROVED_OWNER_ACL_EVIDENCE_REGISTRATION,release-ledger:v1:ORQ-17:df61dd9d49f16fcdb2d4cdc482dd9f5b2e697ec8d93921155fbe277b4a05f361
release-ledger.v1,2026-07-27T16:33:11Z,ORQ-17,todo,high,agent:4069a041-9c68-416a-b0cf-52226c076c6c,BLOCK_STAGE3B_C1_C8_CREDENTIAL_CREATION_NOT_AUTHORIZED,Agy-P0-A8;Antigravity;Codex;Codex56#A;Codex56#B;Opus48#A,2026-07-27T11:29:21Z,2026-07-27T16:27:50Z,NOT_MEASURED,97,46,27,14,7,8,0,11,3,1,40909d85ee1962745e436cc540c2323f95e59820;9cf3296fcf2c8d5ff72f439df16492e6cd76c1fa,9cf3296fcf2c8d5ff72f439df16492e6cd76c1fa (CODE-ONLY; RELEASE NOT READY),Stage3B runbook/helper owner for C1-C8; independent reviewer; human Owner for later secret-safe credential provisioning/login; General-TL for exact seven mounts,"Correct Stage3B C1-C8 and obtain a new independent PASS before any credential resolution/creation; then provision credential through the approved path, apply exactly seven Serve mounts, and perform real Owner login.",Independent code-only SHA; release closure depends on credential provisioning and owner-authorized live login,Credential creation is not authorized: C1-C8 remain. Owner credential input/authorization and real login remain pending. Serve/Funnel are empty; frontend/backend are healthy; code-only 9cf3296 is MATCHED_EXACT but not release closure.,.deploy-control/p0/evidence/orq17-stage3b-independent-adversarial-review.md,4b7ebd805171f2f11fd804501086efe2c09cba8dcdb2f2bd092fff87c99b3cf9,.deploy-control/p0/checkins/CHECKOUT__Antigravity__ORQ17-CANONICAL-INDEX-ACL-UPDATE__20260727T162750Z.json,checkin,2026-07-27T16:27:50Z,599ce4b99f995ce89dd8151b5c71f11d0ea1d74eff43b0fd40cc4a4477710d8b,CANONICAL_INDEX_OWNER_ACL_UPDATE,release-ledger:v1:ORQ-17:599ce4b99f995ce89dd8151b5c71f11d0ea1d74eff43b0fd40cc4a4477710d8b
release-ledger.v1,2026-07-27T16:33:11Z,ORQ-17,todo,high,agent:4069a041-9c68-416a-b0cf-52226c076c6c,BLOCK_STAGE3B_C1_C8_CREDENTIAL_CREATION_NOT_AUTHORIZED,Agy-P0-A8;Antigravity;Codex;Codex56#A;Codex56#B;Opus48#A,2026-07-27T11:29:21Z,2026-07-27T16:27:50Z,NOT_MEASURED,97,46,27,14,7,8,0,11,3,1,40909d85ee1962745e436cc540c2323f95e59820;9cf3296fcf2c8d5ff72f439df16492e6cd76c1fa,9cf3296fcf2c8d5ff72f439df16492e6cd76c1fa (CODE-ONLY; RELEASE NOT READY),Stage3B runbook/helper owner for C1-C8; independent reviewer; human Owner for later secret-safe credential provisioning/login; General-TL for exact seven mounts,"Correct Stage3B C1-C8 and obtain a new independent PASS before any credential resolution/creation; then provision credential through the approved path, apply exactly seven Serve mounts, and perform real Owner login.",Independent code-only SHA; release closure depends on credential provisioning and owner-authorized live login,Credential creation is not authorized: C1-C8 remain. Owner credential input/authorization and real login remain pending. Serve/Funnel are empty; frontend/backend are healthy; code-only 9cf3296 is MATCHED_EXACT but not release closure.,.deploy-control/p0/evidence/orq17-stage3b-independent-adversarial-review.md,4b7ebd805171f2f11fd804501086efe2c09cba8dcdb2f2bd092fff87c99b3cf9,.deploy-control/p0/evidence/gtl-orq17-auth-remediation-peer-review.md,evidence,NOT_MEASURED,9fda5fe7cb313670abf2f87c225a7f889044d7e88f8cc9121a898406ffb2214b,ACTIVE,release-ledger:v1:ORQ-17:9fda5fe7cb313670abf2f87c225a7f889044d7e88f8cc9121a898406ffb2214b
release-ledger.v1,2026-07-27T16:33:11Z,ORQ-17,todo,high,agent:4069a041-9c68-416a-b0cf-52226c076c6c,BLOCK_STAGE3B_C1_C8_CREDENTIAL_CREATION_NOT_AUTHORIZED,Agy-P0-A8;Antigravity;Codex;Codex56#A;Codex56#B;Opus48#A,2026-07-27T11:29:21Z,2026-07-27T16:27:50Z,NOT_MEASURED,97,46,27,14,7,8,0,11,3,1,40909d85ee1962745e436cc540c2323f95e59820;9cf3296fcf2c8d5ff72f439df16492e6cd76c1fa,9cf3296fcf2c8d5ff72f439df16492e6cd76c1fa (CODE-ONLY; RELEASE NOT READY),Stage3B runbook/helper owner for C1-C8; independent reviewer; human Owner for later secret-safe credential provisioning/login; General-TL for exact seven mounts,"Correct Stage3B C1-C8 and obtain a new independent PASS before any credential resolution/creation; then provision credential through the approved path, apply exactly seven Serve mounts, and perform real Owner login.",Independent code-only SHA; release closure depends on credential provisioning and owner-authorized live login,Credential creation is not authorized: C1-C8 remain. Owner credential input/authorization and real login remain pending. Serve/Funnel are empty; frontend/backend are healthy; code-only 9cf3296 is MATCHED_EXACT but not release closure.,.deploy-control/p0/evidence/orq17-stage3b-independent-adversarial-review.md,4b7ebd805171f2f11fd804501086efe2c09cba8dcdb2f2bd092fff87c99b3cf9,.deploy-control/p0/evidence/gtl-orq17-gate-a-preflight-independent-review.md,evidence,NOT_MEASURED,3e0dd4c37d30cad0a96a2e721a97bfe2e2adc1b0405a8b71e1e2777e6a1057b1,ACTIVE,release-ledger:v1:ORQ-17:3e0dd4c37d30cad0a96a2e721a97bfe2e2adc1b0405a8b71e1e2777e6a1057b1
release-ledger.v1,2026-07-27T16:33:11Z,ORQ-17,todo,high,agent:4069a041-9c68-416a-b0cf-52226c076c6c,BLOCK_STAGE3B_C1_C8_CREDENTIAL_CREATION_NOT_AUTHORIZED,Agy-P0-A8;Antigravity;Codex;Codex56#A;Codex56#B;Opus48#A,2026-07-27T11:29:21Z,2026-07-27T16:27:50Z,NOT_MEASURED,97,46,27,14,7,8,0,11,3,1,40909d85ee1962745e436cc540c2323f95e59820;9cf3296fcf2c8d5ff72f439df16492e6cd76c1fa,9cf3296fcf2c8d5ff72f439df16492e6cd76c1fa (CODE-ONLY; RELEASE NOT READY),Stage3B runbook/helper owner for C1-C8; independent reviewer; human Owner for later secret-safe credential provisioning/login; General-TL for exact seven mounts,"Correct Stage3B C1-C8 and obtain a new independent PASS before any credential resolution/creation; then provision credential through the approved path, apply exactly seven Serve mounts, and perform real Owner login.",Independent code-only SHA; release closure depends on credential provisioning and owner-authorized live login,Credential creation is not authorized: C1-C8 remain. Owner credential input/authorization and real login remain pending. Serve/Funnel are empty; frontend/backend are healthy; code-only 9cf3296 is MATCHED_EXACT but not release closure.,.deploy-control/p0/evidence/orq17-stage3b-independent-adversarial-review.md,4b7ebd805171f2f11fd804501086efe2c09cba8dcdb2f2bd092fff87c99b3cf9,.deploy-control/p0/evidence/gtl-orq17-lan-auth-readiness.md,evidence,NOT_MEASURED,84dc4d953a9d4b4707ae1d2ae64421ff1aaed380cf4448e792ed489a3791bf12,ACTIVE,release-ledger:v1:ORQ-17:84dc4d953a9d4b4707ae1d2ae64421ff1aaed380cf4448e792ed489a3791bf12
release-ledger.v1,2026-07-27T16:33:11Z,ORQ-17,todo,high,agent:4069a041-9c68-416a-b0cf-52226c076c6c,BLOCK_STAGE3B_C1_C8_CREDENTIAL_CREATION_NOT_AUTHORIZED,Agy-P0-A8;Antigravity;Codex;Codex56#A;Codex56#B;Opus48#A,2026-07-27T11:29:21Z,2026-07-27T16:27:50Z,NOT_MEASURED,97,46,27,14,7,8,0,11,3,1,40909d85ee1962745e436cc540c2323f95e59820;9cf3296fcf2c8d5ff72f439df16492e6cd76c1fa,9cf3296fcf2c8d5ff72f439df16492e6cd76c1fa (CODE-ONLY; RELEASE NOT READY),Stage3B runbook/helper owner for C1-C8; independent reviewer; human Owner for later secret-safe credential provisioning/login; General-TL for exact seven mounts,"Correct Stage3B C1-C8 and obtain a new independent PASS before any credential resolution/creation; then provision credential through the approved path, apply exactly seven Serve mounts, and perform real Owner login.",Independent code-only SHA; release closure depends on credential provisioning and owner-authorized live login,Credential creation is not authorized: C1-C8 remain. Owner credential input/authorization and real login remain pending. Serve/Funnel are empty; frontend/backend are healthy; code-only 9cf3296 is MATCHED_EXACT but not release closure.,.deploy-control/p0/evidence/orq17-stage3b-independent-adversarial-review.md,4b7ebd805171f2f11fd804501086efe2c09cba8dcdb2f2bd092fff87c99b3cf9,.deploy-control/p0/evidence/orq17-architecture-as-is-to-be.md,evidence,NOT_MEASURED,5105dee6cb156355307d9f474afbc50fc31fafa829c2d8695ecd7e76cc827c09,ACTIVE,release-ledger:v1:ORQ-17:5105dee6cb156355307d9f474afbc50fc31fafa829c2d8695ecd7e76cc827c09
release-ledger.v1,2026-07-27T16:33:11Z,ORQ-17,todo,high,agent:4069a041-9c68-416a-b0cf-52226c076c6c,BLOCK_STAGE3B_C1_C8_CREDENTIAL_CREATION_NOT_AUTHORIZED,Agy-P0-A8;Antigravity;Codex;Codex56#A;Codex56#B;Opus48#A,2026-07-27T11:29:21Z,2026-07-27T16:27:50Z,NOT_MEASURED,97,46,27,14,7,8,0,11,3,1,40909d85ee1962745e436cc540c2323f95e59820;9cf3296fcf2c8d5ff72f439df16492e6cd76c1fa,9cf3296fcf2c8d5ff72f439df16492e6cd76c1fa (CODE-ONLY; RELEASE NOT READY),Stage3B runbook/helper owner for C1-C8; independent reviewer; human Owner for later secret-safe credential provisioning/login; General-TL for exact seven mounts,"Correct Stage3B C1-C8 and obtain a new independent PASS before any credential resolution/creation; then provision credential through the approved path, apply exactly seven Serve mounts, and perform real Owner login.",Independent code-only SHA; release closure depends on credential provisioning and owner-authorized live login,Credential creation is not authorized: C1-C8 remain. Owner credential input/authorization and real login remain pending. Serve/Funnel are empty; frontend/backend are healthy; code-only 9cf3296 is MATCHED_EXACT but not release closure.,.deploy-control/p0/evidence/orq17-stage3b-independent-adversarial-review.md,4b7ebd805171f2f11fd804501086efe2c09cba8dcdb2f2bd092fff87c99b3cf9,.deploy-control/p0/evidence/orq17-stage1-safety-monitor.md,evidence,NOT_MEASURED,6192e82f851bfdd1147a54680fdb97f1215ee0b309cbf39230c2633f31c19d85,ACTIVE,release-ledger:v1:ORQ-17:6192e82f851bfdd1147a54680fdb97f1215ee0b309cbf39230c2633f31c19d85
release-ledger.v1,2026-07-27T16:33:11Z,ORQ-17,todo,high,agent:4069a041-9c68-416a-b0cf-52226c076c6c,BLOCK_STAGE3B_C1_C8_CREDENTIAL_CREATION_NOT_AUTHORIZED,Agy-P0-A8;Antigravity;Codex;Codex56#A;Codex56#B;Opus48#A,2026-07-27T11:29:21Z,2026-07-27T16:27:50Z,NOT_MEASURED,97,46,27,14,7,8,0,11,3,1,40909d85ee1962745e436cc540c2323f95e59820;9cf3296fcf2c8d5ff72f439df16492e6cd76c1fa,9cf3296fcf2c8d5ff72f439df16492e6cd76c1fa (CODE-ONLY; RELEASE NOT READY),Stage3B runbook/helper owner for C1-C8; independent reviewer; human Owner for later secret-safe credential provisioning/login; General-TL for exact seven mounts,"Correct Stage3B C1-C8 and obtain a new independent PASS before any credential resolution/creation; then provision credential through the approved path, apply exactly seven Serve mounts, and perform real Owner login.",Independent code-only SHA; release closure depends on credential provisioning and owner-authorized live login,Credential creation is not authorized: C1-C8 remain. Owner credential input/authorization and real login remain pending. Serve/Funnel are empty; frontend/backend are healthy; code-only 9cf3296 is MATCHED_EXACT but not release closure.,.deploy-control/p0/evidence/orq17-stage3b-independent-adversarial-review.md,4b7ebd805171f2f11fd804501086efe2c09cba8dcdb2f2bd092fff87c99b3cf9,.deploy-control/p0/evidence/orq17-stage2-auth-config-cutover-execution.md,evidence,NOT_MEASURED,8848546f41c54f3543ecadc33c14969f391805e3c8a2222189f6df7d92094804,ACTIVE,release-ledger:v1:ORQ-17:8848546f41c54f3543ecadc33c14969f391805e3c8a2222189f6df7d92094804
release-ledger.v1,2026-07-27T16:33:11Z,ORQ-17,todo,high,agent:4069a041-9c68-416a-b0cf-52226c076c6c,BLOCK_STAGE3B_C1_C8_CREDENTIAL_CREATION_NOT_AUTHORIZED,Agy-P0-A8;Antigravity;Codex;Codex56#A;Codex56#B;Opus48#A,2026-07-27T11:29:21Z,2026-07-27T16:27:50Z,NOT_MEASURED,97,46,27,14,7,8,0,11,3,1,40909d85ee1962745e436cc540c2323f95e59820;9cf3296fcf2c8d5ff72f439df16492e6cd76c1fa,9cf3296fcf2c8d5ff72f439df16492e6cd76c1fa (CODE-ONLY; RELEASE NOT READY),Stage3B runbook/helper owner for C1-C8; independent reviewer; human Owner for later secret-safe credential provisioning/login; General-TL for exact seven mounts,"Correct Stage3B C1-C8 and obtain a new independent PASS before any credential resolution/creation; then provision credential through the approved path, apply exactly seven Serve mounts, and perform real Owner login.",Independent code-only SHA; release closure depends on credential provisioning and owner-authorized live login,Credential creation is not authorized: C1-C8 remain. Owner credential input/authorization and real login remain pending. Serve/Funnel are empty; frontend/backend are healthy; code-only 9cf3296 is MATCHED_EXACT but not release closure.,.deploy-control/p0/evidence/orq17-stage3b-independent-adversarial-review.md,4b7ebd805171f2f11fd804501086efe2c09cba8dcdb2f2bd092fff87c99b3cf9,.deploy-control/p0/evidence/orq17-stage2-postcutover-verification.md,evidence,NOT_MEASURED,65421650e6ffaf1639687bf7706369e54e0e4262fdbe0da5555c2137ce07c52b,ACTIVE,release-ledger:v1:ORQ-17:65421650e6ffaf1639687bf7706369e54e0e4262fdbe0da5555c2137ce07c52b
release-ledger.v1,2026-07-27T16:33:11Z,ORQ-17,todo,high,agent:4069a041-9c68-416a-b0cf-52226c076c6c,BLOCK_STAGE3B_C1_C8_CREDENTIAL_CREATION_NOT_AUTHORIZED,Agy-P0-A8;Antigravity;Codex;Codex56#A;Codex56#B;Opus48#A,2026-07-27T11:29:21Z,2026-07-27T16:27:50Z,NOT_MEASURED,97,46,27,14,7,8,0,11,3,1,40909d85ee1962745e436cc540c2323f95e59820;9cf3296fcf2c8d5ff72f439df16492e6cd76c1fa,9cf3296fcf2c8d5ff72f439df16492e6cd76c1fa (CODE-ONLY; RELEASE NOT READY),Stage3B runbook/helper owner for C1-C8; independent reviewer; human Owner for later secret-safe credential provisioning/login; General-TL for exact seven mounts,"Correct Stage3B C1-C8 and obtain a new independent PASS before any credential resolution/creation; then provision credential through the approved path, apply exactly seven Serve mounts, and perform real Owner login.",Independent code-only SHA; release closure depends on credential provisioning and owner-authorized live login,Credential creation is not authorized: C1-C8 remain. Owner credential input/authorization and real login remain pending. Serve/Funnel are empty; frontend/backend are healthy; code-only 9cf3296 is MATCHED_EXACT but not release closure.,.deploy-control/p0/evidence/orq17-stage3b-independent-adversarial-review.md,4b7ebd805171f2f11fd804501086efe2c09cba8dcdb2f2bd092fff87c99b3cf9,.deploy-control/p0/evidence/orq17-stage2-safety-monitor.md,evidence,NOT_MEASURED,4f56ec5241c8aa6a3361e796177b4c2c0f5f8a5c1c9a0d97bbea684204186271,ACTIVE,release-ledger:v1:ORQ-17:4f56ec5241c8aa6a3361e796177b4c2c0f5f8a5c1c9a0d97bbea684204186271
release-ledger.v1,2026-07-27T16:33:11Z,ORQ-17,todo,high,agent:4069a041-9c68-416a-b0cf-52226c076c6c,BLOCK_STAGE3B_C1_C8_CREDENTIAL_CREATION_NOT_AUTHORIZED,Agy-P0-A8;Antigravity;Codex;Codex56#A;Codex56#B;Opus48#A,2026-07-27T11:29:21Z,2026-07-27T16:27:50Z,NOT_MEASURED,97,46,27,14,7,8,0,11,3,1,40909d85ee1962745e436cc540c2323f95e59820;9cf3296fcf2c8d5ff72f439df16492e6cd76c1fa,9cf3296fcf2c8d5ff72f439df16492e6cd76c1fa (CODE-ONLY; RELEASE NOT READY),Stage3B runbook/helper owner for C1-C8; independent reviewer; human Owner for later secret-safe credential provisioning/login; General-TL for exact seven mounts,"Correct Stage3B C1-C8 and obtain a new independent PASS before any credential resolution/creation; then provision credential through the approved path, apply exactly seven Serve mounts, and perform real Owner login.",Independent code-only SHA; release closure depends on credential provisioning and owner-authorized live login,Credential creation is not authorized: C1-C8 remain. Owner credential input/authorization and real login remain pending. Serve/Funnel are empty; frontend/backend are healthy; code-only 9cf3296 is MATCHED_EXACT but not release closure.,.deploy-control/p0/evidence/orq17-stage3b-independent-adversarial-review.md,4b7ebd805171f2f11fd804501086efe2c09cba8dcdb2f2bd092fff87c99b3cf9,.deploy-control/p0/evidence/orq17-stage3b-bootstrap-helper.go.txt,evidence,NOT_MEASURED,24777e12428078f45631f252ccbc08873626f7390b6dbb5bd41bd7b4f290f04d,ACTIVE,release-ledger:v1:ORQ-17:24777e12428078f45631f252ccbc08873626f7390b6dbb5bd41bd7b4f290f04d
release-ledger.v1,2026-07-27T16:33:11Z,ORQ-17,todo,high,agent:4069a041-9c68-416a-b0cf-52226c076c6c,BLOCK_STAGE3B_C1_C8_CREDENTIAL_CREATION_NOT_AUTHORIZED,Agy-P0-A8;Antigravity;Codex;Codex56#A;Codex56#B;Opus48#A,2026-07-27T11:29:21Z,2026-07-27T16:27:50Z,NOT_MEASURED,97,46,27,14,7,8,0,11,3,1,40909d85ee1962745e436cc540c2323f95e59820;9cf3296fcf2c8d5ff72f439df16492e6cd76c1fa,9cf3296fcf2c8d5ff72f439df16492e6cd76c1fa (CODE-ONLY; RELEASE NOT READY),Stage3B runbook/helper owner for C1-C8; independent reviewer; human Owner for later secret-safe credential provisioning/login; General-TL for exact seven mounts,"Correct Stage3B C1-C8 and obtain a new independent PASS before any credential resolution/creation; then provision credential through the approved path, apply exactly seven Serve mounts, and perform real Owner login.",Independent code-only SHA; release closure depends on credential provisioning and owner-authorized live login,Credential creation is not authorized: C1-C8 remain. Owner credential input/authorization and real login remain pending. Serve/Funnel are empty; frontend/backend are healthy; code-only 9cf3296 is MATCHED_EXACT but not release closure.,.deploy-control/p0/evidence/orq17-stage3b-independent-adversarial-review.md,4b7ebd805171f2f11fd804501086efe2c09cba8dcdb2f2bd092fff87c99b3cf9,.deploy-control/p0/evidence/orq17-stage3b-helper-go.mod.txt,evidence,NOT_MEASURED,b3411a64ef6828177e9ad55ff425c92515419046431ab81f3918d238629d2127,ACTIVE,release-ledger:v1:ORQ-17:b3411a64ef6828177e9ad55ff425c92515419046431ab81f3918d238629d2127
release-ledger.v1,2026-07-27T16:33:11Z,ORQ-17,todo,high,agent:4069a041-9c68-416a-b0cf-52226c076c6c,BLOCK_STAGE3B_C1_C8_CREDENTIAL_CREATION_NOT_AUTHORIZED,Agy-P0-A8;Antigravity;Codex;Codex56#A;Codex56#B;Opus48#A,2026-07-27T11:29:21Z,2026-07-27T16:27:50Z,NOT_MEASURED,97,46,27,14,7,8,0,11,3,1,40909d85ee1962745e436cc540c2323f95e59820;9cf3296fcf2c8d5ff72f439df16492e6cd76c1fa,9cf3296fcf2c8d5ff72f439df16492e6cd76c1fa (CODE-ONLY; RELEASE NOT READY),Stage3B runbook/helper owner for C1-C8; independent reviewer; human Owner for later secret-safe credential provisioning/login; General-TL for exact seven mounts,"Correct Stage3B C1-C8 and obtain a new independent PASS before any credential resolution/creation; then provision credential through the approved path, apply exactly seven Serve mounts, and perform real Owner login.",Independent code-only SHA; release closure depends on credential provisioning and owner-authorized live login,Credential creation is not authorized: C1-C8 remain. Owner credential input/authorization and real login remain pending. Serve/Funnel are empty; frontend/backend are healthy; code-only 9cf3296 is MATCHED_EXACT but not release closure.,.deploy-control/p0/evidence/orq17-stage3b-independent-adversarial-review.md,4b7ebd805171f2f11fd804501086efe2c09cba8dcdb2f2bd092fff87c99b3cf9,.deploy-control/p0/evidence/orq17-stage3b-independent-adversarial-review.md,evidence,NOT_MEASURED,4b7ebd805171f2f11fd804501086efe2c09cba8dcdb2f2bd092fff87c99b3cf9,DECISIVE_BLOCK_CREDENTIAL_CREATION_NOT_AUTHORIZED,release-ledger:v1:ORQ-17:4b7ebd805171f2f11fd804501086efe2c09cba8dcdb2f2bd092fff87c99b3cf9
release-ledger.v1,2026-07-27T16:33:11Z,ORQ-17,todo,high,agent:4069a041-9c68-416a-b0cf-52226c076c6c,BLOCK_STAGE3B_C1_C8_CREDENTIAL_CREATION_NOT_AUTHORIZED,Agy-P0-A8;Antigravity;Codex;Codex56#A;Codex56#B;Opus48#A,2026-07-27T11:29:21Z,2026-07-27T16:27:50Z,NOT_MEASURED,97,46,27,14,7,8,0,11,3,1,40909d85ee1962745e436cc540c2323f95e59820;9cf3296fcf2c8d5ff72f439df16492e6cd76c1fa,9cf3296fcf2c8d5ff72f439df16492e6cd76c1fa (CODE-ONLY; RELEASE NOT READY),Stage3B runbook/helper owner for C1-C8; independent reviewer; human Owner for later secret-safe credential provisioning/login; General-TL for exact seven mounts,"Correct Stage3B C1-C8 and obtain a new independent PASS before any credential resolution/creation; then provision credential through the approved path, apply exactly seven Serve mounts, and perform real Owner login.",Independent code-only SHA; release closure depends on credential provisioning and owner-authorized live login,Credential creation is not authorized: C1-C8 remain. Owner credential input/authorization and real login remain pending. Serve/Funnel are empty; frontend/backend are healthy; code-only 9cf3296 is MATCHED_EXACT but not release closure.,.deploy-control/p0/evidence/orq17-stage3b-independent-adversarial-review.md,4b7ebd805171f2f11fd804501086efe2c09cba8dcdb2f2bd092fff87c99b3cf9,.deploy-control/p0/evidence/orq17-stage3b-owner-credential-provisioning-runbook.md,evidence,NOT_MEASURED,19cacf19409d5eb2e174b11f545a7f83eedfa0299bc310f7a223fb70bdcb935c,ACTIVE,release-ledger:v1:ORQ-17:19cacf19409d5eb2e174b11f545a7f83eedfa0299bc310f7a223fb70bdcb935c
release-ledger.v1,2026-07-27T16:33:11Z,ORQ-26,in_progress,urgent,NONE,BLOCKED_AUTH,Agy-P0-A8;Antigravity;Codex56#A;Codex56#B;Opus48#B,2026-07-27T10:20:00Z,2026-07-27T15:05:30Z,NOT_MEASURED,48,22,11,6,0,0,0,11,0,0,d2447183c5fb7d93c07ca4afdd86d4ab9ac374ee,NOT_READY,Human GitHub authentication owner + Codex56-TL/General-TL push authorizer,Provision secret-safe GitHub authentication and authorize exactly one new push of ci/orq26-db-gate; then consume immutable official CI results before any promotion.,ORQ-26 official CI -> ORQ-39 workflow/file-lock closure,"No GitHub auth, remote branch absent, no CI run; a second push requires new authorization.",.deploy-control/p0/evidence/gtl-orq26-official-ci-execution.md,0c6a7f5678249c0905e4563f9d3167149ea4a1c012aeed0f2e7088c1730a91f7,.deploy-control/p0/checkins/CHECKOUT__Codex56-A__C__T4-KANBAN-ORQ26-READONLY-AUDIT__20260727T102000Z.json,checkin,2026-07-27T10:20:00Z,37063a4d53ab605d551644d6ca74eb7c7a5d197d21d4ee58c0a8761a9cf34d4a,ACTIVE,release-ledger:v1:ORQ-26:37063a4d53ab605d551644d6ca74eb7c7a5d197d21d4ee58c0a8761a9cf34d4a
release-ledger.v1,2026-07-27T16:33:11Z,ORQ-26,in_progress,urgent,NONE,BLOCKED_AUTH,Agy-P0-A8;Antigravity;Codex56#A;Codex56#B;Opus48#B,2026-07-27T10:20:00Z,2026-07-27T15:05:30Z,NOT_MEASURED,48,22,11,6,0,0,0,11,0,0,d2447183c5fb7d93c07ca4afdd86d4ab9ac374ee,NOT_READY,Human GitHub authentication owner + Codex56-TL/General-TL push authorizer,Provision secret-safe GitHub authentication and authorize exactly one new push of ci/orq26-db-gate; then consume immutable official CI results before any promotion.,ORQ-26 official CI -> ORQ-39 workflow/file-lock closure,"No GitHub auth, remote branch absent, no CI run; a second push requires new authorization.",.deploy-control/p0/evidence/gtl-orq26-official-ci-execution.md,0c6a7f5678249c0905e4563f9d3167149ea4a1c012aeed0f2e7088c1730a91f7,.deploy-control/p0/evidence/audit-t4-kanban-orq26-readonly-20260727.md,evidence,2026-07-27T10:20:00Z,b7c3aed3e7088e30ceca8e583695dda3559833b2b97a91172727a44126e9cfed,ACTIVE,release-ledger:v1:ORQ-26:b7c3aed3e7088e30ceca8e583695dda3559833b2b97a91172727a44126e9cfed
release-ledger.v1,2026-07-27T16:33:11Z,ORQ-26,in_progress,urgent,NONE,BLOCKED_AUTH,Agy-P0-A8;Antigravity;Codex56#A;Codex56#B;Opus48#B,2026-07-27T10:20:00Z,2026-07-27T15:05:30Z,NOT_MEASURED,48,22,11,6,0,0,0,11,0,0,d2447183c5fb7d93c07ca4afdd86d4ab9ac374ee,NOT_READY,Human GitHub authentication owner + Codex56-TL/General-TL push authorizer,Provision secret-safe GitHub authentication and authorize exactly one new push of ci/orq26-db-gate; then consume immutable official CI results before any promotion.,ORQ-26 official CI -> ORQ-39 workflow/file-lock closure,"No GitHub auth, remote branch absent, no CI run; a second push requires new authorization.",.deploy-control/p0/evidence/gtl-orq26-official-ci-execution.md,0c6a7f5678249c0905e4563f9d3167149ea4a1c012aeed0f2e7088c1730a91f7,.deploy-control/p0/evidence/orq26-uploadfile-root-cause.md,evidence,2026-07-27T11:06:00Z,063c1bcc2a7401089ccb2c0185efaef09f5a2fa89d2445d7e0b44c5a2753f16a,ACTIVE,release-ledger:v1:ORQ-26:063c1bcc2a7401089ccb2c0185efaef09f5a2fa89d2445d7e0b44c5a2753f16a
release-ledger.v1,2026-07-27T16:33:11Z,ORQ-26,in_progress,urgent,NONE,BLOCKED_AUTH,Agy-P0-A8;Antigravity;Codex56#A;Codex56#B;Opus48#B,2026-07-27T10:20:00Z,2026-07-27T15:05:30Z,NOT_MEASURED,48,22,11,6,0,0,0,11,0,0,d2447183c5fb7d93c07ca4afdd86d4ab9ac374ee,NOT_READY,Human GitHub authentication owner + Codex56-TL/General-TL push authorizer,Provision secret-safe GitHub authentication and authorize exactly one new push of ci/orq26-db-gate; then consume immutable official CI results before any promotion.,ORQ-26 official CI -> ORQ-39 workflow/file-lock closure,"No GitHub auth, remote branch absent, no CI run; a second push requires new authorization.",.deploy-control/p0/evidence/gtl-orq26-official-ci-execution.md,0c6a7f5678249c0905e4563f9d3167149ea4a1c012aeed0f2e7088c1730a91f7,.deploy-control/p0/checkins/CHECKOUT__Opus48-B__ORQ-26__ORQ26-UPLOADFILE-ROOT-CAUSE__20260727T110800Z.json,checkin,2026-07-27T11:08:00Z,bbb9d5e9118c481a68b029edf6227fdf587b96f1fa5ff634e6d795c05f442135,ACTIVE,release-ledger:v1:ORQ-26:bbb9d5e9118c481a68b029edf6227fdf587b96f1fa5ff634e6d795c05f442135
release-ledger.v1,2026-07-27T16:33:11Z,ORQ-26,in_progress,urgent,NONE,BLOCKED_AUTH,Agy-P0-A8;Antigravity;Codex56#A;Codex56#B;Opus48#B,2026-07-27T10:20:00Z,2026-07-27T15:05:30Z,NOT_MEASURED,48,22,11,6,0,0,0,11,0,0,d2447183c5fb7d93c07ca4afdd86d4ab9ac374ee,NOT_READY,Human GitHub authentication owner + Codex56-TL/General-TL push authorizer,Provision secret-safe GitHub authentication and authorize exactly one new push of ci/orq26-db-gate; then consume immutable official CI results before any promotion.,ORQ-26 official CI -> ORQ-39 workflow/file-lock closure,"No GitHub auth, remote branch absent, no CI run; a second push requires new authorization.",.deploy-control/p0/evidence/gtl-orq26-official-ci-execution.md,0c6a7f5678249c0905e4563f9d3167149ea4a1c012aeed0f2e7088c1730a91f7,.deploy-control/p0/checkins/CHECKOUT__Codex56-B__ORQ-26-UPLOAD-FALLBACK-AUDIT__20260727T111840Z.json,checkin,2026-07-27T11:18:40Z,f6564c5e4d7a3475dd740ee0a57362ae7a689fc0a2f7dd19841d46923fcb8196,ACTIVE,release-ledger:v1:ORQ-26:f6564c5e4d7a3475dd740ee0a57362ae7a689fc0a2f7dd19841d46923fcb8196
release-ledger.v1,2026-07-27T16:33:11Z,ORQ-26,in_progress,urgent,NONE,BLOCKED_AUTH,Agy-P0-A8;Antigravity;Codex56#A;Codex56#B;Opus48#B,2026-07-27T10:20:00Z,2026-07-27T15:05:30Z,NOT_MEASURED,48,22,11,6,0,0,0,11,0,0,d2447183c5fb7d93c07ca4afdd86d4ab9ac374ee,NOT_READY,Human GitHub authentication owner + Codex56-TL/General-TL push authorizer,Provision secret-safe GitHub authentication and authorize exactly one new push of ci/orq26-db-gate; then consume immutable official CI results before any promotion.,ORQ-26 official CI -> ORQ-39 workflow/file-lock closure,"No GitHub auth, remote branch absent, no CI run; a second push requires new authorization.",.deploy-control/p0/evidence/gtl-orq26-official-ci-execution.md,0c6a7f5678249c0905e4563f9d3167149ea4a1c012aeed0f2e7088c1730a91f7,.deploy-control/p0/checkins/CHECKOUT__Agy-P0-A8__gtl-orq26-gate-preflight__20260727T113727Z.json,checkin,2026-07-27T11:37:27Z,6395c19f994bca3058dd39fac94bf6de68d56a0996ed5cf3759632445e4ae6da,ACTIVE,release-ledger:v1:ORQ-26:6395c19f994bca3058dd39fac94bf6de68d56a0996ed5cf3759632445e4ae6da
release-ledger.v1,2026-07-27T16:33:11Z,ORQ-26,in_progress,urgent,NONE,BLOCKED_AUTH,Agy-P0-A8;Antigravity;Codex56#A;Codex56#B;Opus48#B,2026-07-27T10:20:00Z,2026-07-27T15:05:30Z,NOT_MEASURED,48,22,11,6,0,0,0,11,0,0,d2447183c5fb7d93c07ca4afdd86d4ab9ac374ee,NOT_READY,Human GitHub authentication owner + Codex56-TL/General-TL push authorizer,Provision secret-safe GitHub authentication and authorize exactly one new push of ci/orq26-db-gate; then consume immutable official CI results before any promotion.,ORQ-26 official CI -> ORQ-39 workflow/file-lock closure,"No GitHub auth, remote branch absent, no CI run; a second push requires new authorization.",.deploy-control/p0/evidence/gtl-orq26-official-ci-execution.md,0c6a7f5678249c0905e4563f9d3167149ea4a1c012aeed0f2e7088c1730a91f7,.deploy-control/p0/evidence/gtl-orq26-gate-preflight.md,evidence,2026-07-27T11:37:27Z,87edbc57f20ef1f170893219b983103d82dfcd1188d5261a8b7c0ae9d7ecd7e4,ACTIVE,release-ledger:v1:ORQ-26:87edbc57f20ef1f170893219b983103d82dfcd1188d5261a8b7c0ae9d7ecd7e4
release-ledger.v1,2026-07-27T16:33:11Z,ORQ-26,in_progress,urgent,NONE,BLOCKED_AUTH,Agy-P0-A8;Antigravity;Codex56#A;Codex56#B;Opus48#B,2026-07-27T10:20:00Z,2026-07-27T15:05:30Z,NOT_MEASURED,48,22,11,6,0,0,0,11,0,0,d2447183c5fb7d93c07ca4afdd86d4ab9ac374ee,NOT_READY,Human GitHub authentication owner + Codex56-TL/General-TL push authorizer,Provision secret-safe GitHub authentication and authorize exactly one new push of ci/orq26-db-gate; then consume immutable official CI results before any promotion.,ORQ-26 official CI -> ORQ-39 workflow/file-lock closure,"No GitHub auth, remote branch absent, no CI run; a second push requires new authorization.",.deploy-control/p0/evidence/gtl-orq26-official-ci-execution.md,0c6a7f5678249c0905e4563f9d3167149ea4a1c012aeed0f2e7088c1730a91f7,.deploy-control/p0/checkins/CHECKOUT__Antigravity__GTL-R02-ORQ26-CONSUMER-REVIEW__20260727T113905Z.json,checkin,2026-07-27T11:39:05Z,c6f24946a5bbaabce0035d06a7b67d4cf63c2b064b35fdcbe9c2f8781941d16d,ACTIVE,release-ledger:v1:ORQ-26:c6f24946a5bbaabce0035d06a7b67d4cf63c2b064b35fdcbe9c2f8781941d16d
release-ledger.v1,2026-07-27T16:33:11Z,ORQ-26,in_progress,urgent,NONE,BLOCKED_AUTH,Agy-P0-A8;Antigravity;Codex56#A;Codex56#B;Opus48#B,2026-07-27T10:20:00Z,2026-07-27T15:05:30Z,NOT_MEASURED,48,22,11,6,0,0,0,11,0,0,d2447183c5fb7d93c07ca4afdd86d4ab9ac374ee,NOT_READY,Human GitHub authentication owner + Codex56-TL/General-TL push authorizer,Provision secret-safe GitHub authentication and authorize exactly one new push of ci/orq26-db-gate; then consume immutable official CI results before any promotion.,ORQ-26 official CI -> ORQ-39 workflow/file-lock closure,"No GitHub auth, remote branch absent, no CI run; a second push requires new authorization.",.deploy-control/p0/evidence/gtl-orq26-official-ci-execution.md,0c6a7f5678249c0905e4563f9d3167149ea4a1c012aeed0f2e7088c1730a91f7,.deploy-control/p0/checkins/CHECKOUT__Antigravity__GTL-33-ORQ26-PREFLIGHT-PEER-REVIEW__20260727T113944Z.json,checkin,2026-07-27T11:39:44Z,9c102868ac833a7729c11f5640208b7987a359f8e8a85778d43420d75ea6a209,ACTIVE,release-ledger:v1:ORQ-26:9c102868ac833a7729c11f5640208b7987a359f8e8a85778d43420d75ea6a209
release-ledger.v1,2026-07-27T16:33:11Z,ORQ-26,in_progress,urgent,NONE,BLOCKED_AUTH,Agy-P0-A8;Antigravity;Codex56#A;Codex56#B;Opus48#B,2026-07-27T10:20:00Z,2026-07-27T15:05:30Z,NOT_MEASURED,48,22,11,6,0,0,0,11,0,0,d2447183c5fb7d93c07ca4afdd86d4ab9ac374ee,NOT_READY,Human GitHub authentication owner + Codex56-TL/General-TL push authorizer,Provision secret-safe GitHub authentication and authorize exactly one new push of ci/orq26-db-gate; then consume immutable official CI results before any promotion.,ORQ-26 official CI -> ORQ-39 workflow/file-lock closure,"No GitHub auth, remote branch absent, no CI run; a second push requires new authorization.",.deploy-control/p0/evidence/gtl-orq26-official-ci-execution.md,0c6a7f5678249c0905e4563f9d3167149ea4a1c012aeed0f2e7088c1730a91f7,.deploy-control/p0/checkins/CHECKOUT__Agy-P0-A8__gtl-orq26-code-review__20260727T114057Z.json,checkin,2026-07-27T11:40:57Z,a4d51feb1bb0fead064f373d2e6c41b07c41c911dfafe994f7e0bc12ab5874b3,ACTIVE,release-ledger:v1:ORQ-26:a4d51feb1bb0fead064f373d2e6c41b07c41c911dfafe994f7e0bc12ab5874b3
release-ledger.v1,2026-07-27T16:33:11Z,ORQ-26,in_progress,urgent,NONE,BLOCKED_AUTH,Agy-P0-A8;Antigravity;Codex56#A;Codex56#B;Opus48#B,2026-07-27T10:20:00Z,2026-07-27T15:05:30Z,NOT_MEASURED,48,22,11,6,0,0,0,11,0,0,d2447183c5fb7d93c07ca4afdd86d4ab9ac374ee,NOT_READY,Human GitHub authentication owner + Codex56-TL/General-TL push authorizer,Provision secret-safe GitHub authentication and authorize exactly one new push of ci/orq26-db-gate; then consume immutable official CI results before any promotion.,ORQ-26 official CI -> ORQ-39 workflow/file-lock closure,"No GitHub auth, remote branch absent, no CI run; a second push requires new authorization.",.deploy-control/p0/evidence/gtl-orq26-official-ci-execution.md,0c6a7f5678249c0905e4563f9d3167149ea4a1c012aeed0f2e7088c1730a91f7,.deploy-control/p0/evidence/gtl-orq26-code-review.md,evidence,2026-07-27T11:40:57Z,2876a31d39e859010427bdd674fb0cfe6a7e5427c6ec1505dc9cbc3b79e21b26,ACTIVE,release-ledger:v1:ORQ-26:2876a31d39e859010427bdd674fb0cfe6a7e5427c6ec1505dc9cbc3b79e21b26
release-ledger.v1,2026-07-27T16:33:11Z,ORQ-26,in_progress,urgent,NONE,BLOCKED_AUTH,Agy-P0-A8;Antigravity;Codex56#A;Codex56#B;Opus48#B,2026-07-27T10:20:00Z,2026-07-27T15:05:30Z,NOT_MEASURED,48,22,11,6,0,0,0,11,0,0,d2447183c5fb7d93c07ca4afdd86d4ab9ac374ee,NOT_READY,Human GitHub authentication owner + Codex56-TL/General-TL push authorizer,Provision secret-safe GitHub authentication and authorize exactly one new push of ci/orq26-db-gate; then consume immutable official CI results before any promotion.,ORQ-26 official CI -> ORQ-39 workflow/file-lock closure,"No GitHub auth, remote branch absent, no CI run; a second push requires new authorization.",.deploy-control/p0/evidence/gtl-orq26-official-ci-execution.md,0c6a7f5678249c0905e4563f9d3167149ea4a1c012aeed0f2e7088c1730a91f7,.deploy-control/p0/evidence/gtl-orq26-gates-run.md,evidence,2026-07-27T11:42:28Z,7321c889b5ba69e40ae74dfb448b584b145995ffc113f457a7af1f658997f622,ACTIVE,release-ledger:v1:ORQ-26:7321c889b5ba69e40ae74dfb448b584b145995ffc113f457a7af1f658997f622
release-ledger.v1,2026-07-27T16:33:11Z,ORQ-26,in_progress,urgent,NONE,BLOCKED_AUTH,Agy-P0-A8;Antigravity;Codex56#A;Codex56#B;Opus48#B,2026-07-27T10:20:00Z,2026-07-27T15:05:30Z,NOT_MEASURED,48,22,11,6,0,0,0,11,0,0,d2447183c5fb7d93c07ca4afdd86d4ab9ac374ee,NOT_READY,Human GitHub authentication owner + Codex56-TL/General-TL push authorizer,Provision secret-safe GitHub authentication and authorize exactly one new push of ci/orq26-db-gate; then consume immutable official CI results before any promotion.,ORQ-26 official CI -> ORQ-39 workflow/file-lock closure,"No GitHub auth, remote branch absent, no CI run; a second push requires new authorization.",.deploy-control/p0/evidence/gtl-orq26-official-ci-execution.md,0c6a7f5678249c0905e4563f9d3167149ea4a1c012aeed0f2e7088c1730a91f7,.deploy-control/p0/checkins/CHECKOUT__Agy-P0-A8__gtl-orq26-integration-preflight__20260727T114247Z.json,checkin,2026-07-27T11:42:47Z,b7dd5d34227a4f1d1719fe020d41b0ac0c767bef558d078da4d8e9dc3cfd34be,ACTIVE,release-ledger:v1:ORQ-26:b7dd5d34227a4f1d1719fe020d41b0ac0c767bef558d078da4d8e9dc3cfd34be
release-ledger.v1,2026-07-27T16:33:11Z,ORQ-26,in_progress,urgent,NONE,BLOCKED_AUTH,Agy-P0-A8;Antigravity;Codex56#A;Codex56#B;Opus48#B,2026-07-27T10:20:00Z,2026-07-27T15:05:30Z,NOT_MEASURED,48,22,11,6,0,0,0,11,0,0,d2447183c5fb7d93c07ca4afdd86d4ab9ac374ee,NOT_READY,Human GitHub authentication owner + Codex56-TL/General-TL push authorizer,Provision secret-safe GitHub authentication and authorize exactly one new push of ci/orq26-db-gate; then consume immutable official CI results before any promotion.,ORQ-26 official CI -> ORQ-39 workflow/file-lock closure,"No GitHub auth, remote branch absent, no CI run; a second push requires new authorization.",.deploy-control/p0/evidence/gtl-orq26-official-ci-execution.md,0c6a7f5678249c0905e4563f9d3167149ea4a1c012aeed0f2e7088c1730a91f7,.deploy-control/p0/evidence/gtl-orq26-integration-preflight.md,evidence,2026-07-27T11:42:47Z,093943c56b452fa99cdf7d9866ff144a8885b0fcac1714755a6776e3d3f04bb8,ACTIVE,release-ledger:v1:ORQ-26:093943c56b452fa99cdf7d9866ff144a8885b0fcac1714755a6776e3d3f04bb8
release-ledger.v1,2026-07-27T16:33:11Z,ORQ-26,in_progress,urgent,NONE,BLOCKED_AUTH,Agy-P0-A8;Antigravity;Codex56#A;Codex56#B;Opus48#B,2026-07-27T10:20:00Z,2026-07-27T15:05:30Z,NOT_MEASURED,48,22,11,6,0,0,0,11,0,0,d2447183c5fb7d93c07ca4afdd86d4ab9ac374ee,NOT_READY,Human GitHub authentication owner + Codex56-TL/General-TL push authorizer,Provision secret-safe GitHub authentication and authorize exactly one new push of ci/orq26-db-gate; then consume immutable official CI results before any promotion.,ORQ-26 official CI -> ORQ-39 workflow/file-lock closure,"No GitHub auth, remote branch absent, no CI run; a second push requires new authorization.",.deploy-control/p0/evidence/gtl-orq26-official-ci-execution.md,0c6a7f5678249c0905e4563f9d3167149ea4a1c012aeed0f2e7088c1730a91f7,.deploy-control/p0/checkins/CHECKOUT__Antigravity__GTL-G01-ORQ26-GATES-RUN__20260727T114304Z.json,checkin,2026-07-27T11:43:04Z,c9687d265184847813708512d9dba22de0fcdebcc383f5d1a48481e8a4e332af,ACTIVE,release-ledger:v1:ORQ-26:c9687d265184847813708512d9dba22de0fcdebcc383f5d1a48481e8a4e332af
release-ledger.v1,2026-07-27T16:33:11Z,ORQ-26,in_progress,urgent,NONE,BLOCKED_AUTH,Agy-P0-A8;Antigravity;Codex56#A;Codex56#B;Opus48#B,2026-07-27T10:20:00Z,2026-07-27T15:05:30Z,NOT_MEASURED,48,22,11,6,0,0,0,11,0,0,d2447183c5fb7d93c07ca4afdd86d4ab9ac374ee,NOT_READY,Human GitHub authentication owner + Codex56-TL/General-TL push authorizer,Provision secret-safe GitHub authentication and authorize exactly one new push of ci/orq26-db-gate; then consume immutable official CI results before any promotion.,ORQ-26 official CI -> ORQ-39 workflow/file-lock closure,"No GitHub auth, remote branch absent, no CI run; a second push requires new authorization.",.deploy-control/p0/evidence/gtl-orq26-official-ci-execution.md,0c6a7f5678249c0905e4563f9d3167149ea4a1c012aeed0f2e7088c1730a91f7,.deploy-control/p0/evidence/gtl-orq26-consumer-tests-impl.md,evidence,2026-07-27T11:47:44Z,8800d250347d1ca7d1489af63f877d811cb9e00c7a9e1bff285e9319953c2a22,ACTIVE,release-ledger:v1:ORQ-26:8800d250347d1ca7d1489af63f877d811cb9e00c7a9e1bff285e9319953c2a22
release-ledger.v1,2026-07-27T16:33:11Z,ORQ-26,in_progress,urgent,NONE,BLOCKED_AUTH,Agy-P0-A8;Antigravity;Codex56#A;Codex56#B;Opus48#B,2026-07-27T10:20:00Z,2026-07-27T15:05:30Z,NOT_MEASURED,48,22,11,6,0,0,0,11,0,0,d2447183c5fb7d93c07ca4afdd86d4ab9ac374ee,NOT_READY,Human GitHub authentication owner + Codex56-TL/General-TL push authorizer,Provision secret-safe GitHub authentication and authorize exactly one new push of ci/orq26-db-gate; then consume immutable official CI results before any promotion.,ORQ-26 official CI -> ORQ-39 workflow/file-lock closure,"No GitHub auth, remote branch absent, no CI run; a second push requires new authorization.",.deploy-control/p0/evidence/gtl-orq26-official-ci-execution.md,0c6a7f5678249c0905e4563f9d3167149ea4a1c012aeed0f2e7088c1730a91f7,.deploy-control/p0/checkins/CHECKOUT__Codex56-B__GTL-R03-ORQ26-GATE-VERIFY__20260727T114750Z.json,checkin,2026-07-27T11:47:50Z,af259e4d231635d51f219f5367561a3ed648152d382e756260c54a577fadc032,ACTIVE,release-ledger:v1:ORQ-26:af259e4d231635d51f219f5367561a3ed648152d382e756260c54a577fadc032
release-ledger.v1,2026-07-27T16:33:11Z,ORQ-26,in_progress,urgent,NONE,BLOCKED_AUTH,Agy-P0-A8;Antigravity;Codex56#A;Codex56#B;Opus48#B,2026-07-27T10:20:00Z,2026-07-27T15:05:30Z,NOT_MEASURED,48,22,11,6,0,0,0,11,0,0,d2447183c5fb7d93c07ca4afdd86d4ab9ac374ee,NOT_READY,Human GitHub authentication owner + Codex56-TL/General-TL push authorizer,Provision secret-safe GitHub authentication and authorize exactly one new push of ci/orq26-db-gate; then consume immutable official CI results before any promotion.,ORQ-26 official CI -> ORQ-39 workflow/file-lock closure,"No GitHub auth, remote branch absent, no CI run; a second push requires new authorization.",.deploy-control/p0/evidence/gtl-orq26-official-ci-execution.md,0c6a7f5678249c0905e4563f9d3167149ea4a1c012aeed0f2e7088c1730a91f7,.deploy-control/p0/evidence/gtl-orq26-gates-independent-verify.md,evidence,2026-07-27T11:47:50Z,82c49dcb440e672a032cdf43358a17cd3b7ca356a751aee1d6554f371193d7a2,ACTIVE,release-ledger:v1:ORQ-26:82c49dcb440e672a032cdf43358a17cd3b7ca356a751aee1d6554f371193d7a2
release-ledger.v1,2026-07-27T16:33:11Z,ORQ-26,in_progress,urgent,NONE,BLOCKED_AUTH,Agy-P0-A8;Antigravity;Codex56#A;Codex56#B;Opus48#B,2026-07-27T10:20:00Z,2026-07-27T15:05:30Z,NOT_MEASURED,48,22,11,6,0,0,0,11,0,0,d2447183c5fb7d93c07ca4afdd86d4ab9ac374ee,NOT_READY,Human GitHub authentication owner + Codex56-TL/General-TL push authorizer,Provision secret-safe GitHub authentication and authorize exactly one new push of ci/orq26-db-gate; then consume immutable official CI results before any promotion.,ORQ-26 official CI -> ORQ-39 workflow/file-lock closure,"No GitHub auth, remote branch absent, no CI run; a second push requires new authorization.",.deploy-control/p0/evidence/gtl-orq26-official-ci-execution.md,0c6a7f5678249c0905e4563f9d3167149ea4a1c012aeed0f2e7088c1730a91f7,.deploy-control/p0/checkins/CHECKOUT__Antigravity__GTL-I02-ORQ26-CONSUMER-TESTS-IMPL__20260727T114819Z.json,checkin,2026-07-27T11:48:19Z,96f92a3e0f94430f0f7147536f79b3aebd1216bbbda76f376886a4f420b8b457,ACTIVE,release-ledger:v1:ORQ-26:96f92a3e0f94430f0f7147536f79b3aebd1216bbbda76f376886a4f420b8b457
release-ledger.v1,2026-07-27T16:33:11Z,ORQ-26,in_progress,urgent,NONE,BLOCKED_AUTH,Agy-P0-A8;Antigravity;Codex56#A;Codex56#B;Opus48#B,2026-07-27T10:20:00Z,2026-07-27T15:05:30Z,NOT_MEASURED,48,22,11,6,0,0,0,11,0,0,d2447183c5fb7d93c07ca4afdd86d4ab9ac374ee,NOT_READY,Human GitHub authentication owner + Codex56-TL/General-TL push authorizer,Provision secret-safe GitHub authentication and authorize exactly one new push of ci/orq26-db-gate; then consume immutable official CI results before any promotion.,ORQ-26 official CI -> ORQ-39 workflow/file-lock closure,"No GitHub auth, remote branch absent, no CI run; a second push requires new authorization.",.deploy-control/p0/evidence/gtl-orq26-official-ci-execution.md,0c6a7f5678249c0905e4563f9d3167149ea4a1c012aeed0f2e7088c1730a91f7,.deploy-control/p0/evidence/gtl-orq26-consumer-tests-peer-review.md,evidence,2026-07-27T11:50:00Z,24f6f536a8dfc05b2c4ec733d4c3b1af3f2fc86de3ad40880c95136439aa0415,ACTIVE,release-ledger:v1:ORQ-26:24f6f536a8dfc05b2c4ec733d4c3b1af3f2fc86de3ad40880c95136439aa0415
release-ledger.v1,2026-07-27T16:33:11Z,ORQ-26,in_progress,urgent,NONE,BLOCKED_AUTH,Agy-P0-A8;Antigravity;Codex56#A;Codex56#B;Opus48#B,2026-07-27T10:20:00Z,2026-07-27T15:05:30Z,NOT_MEASURED,48,22,11,6,0,0,0,11,0,0,d2447183c5fb7d93c07ca4afdd86d4ab9ac374ee,NOT_READY,Human GitHub authentication owner + Codex56-TL/General-TL push authorizer,Provision secret-safe GitHub authentication and authorize exactly one new push of ci/orq26-db-gate; then consume immutable official CI results before any promotion.,ORQ-26 official CI -> ORQ-39 workflow/file-lock closure,"No GitHub auth, remote branch absent, no CI run; a second push requires new authorization.",.deploy-control/p0/evidence/gtl-orq26-official-ci-execution.md,0c6a7f5678249c0905e4563f9d3167149ea4a1c012aeed0f2e7088c1730a91f7,.deploy-control/p0/checkins/Antigravity__GTL-ORQ26-CONSUMER-TESTS-PEER-REVIEW__20260727T115014Z.json,checkin,2026-07-27T11:50:14Z,ce22650d0f00084f2f8fda5dc7fb5e8be9c6b2aacd1da6045570aa0b93a668d6,ACTIVE,release-ledger:v1:ORQ-26:ce22650d0f00084f2f8fda5dc7fb5e8be9c6b2aacd1da6045570aa0b93a668d6
release-ledger.v1,2026-07-27T16:33:11Z,ORQ-26,in_progress,urgent,NONE,BLOCKED_AUTH,Agy-P0-A8;Antigravity;Codex56#A;Codex56#B;Opus48#B,2026-07-27T10:20:00Z,2026-07-27T15:05:30Z,NOT_MEASURED,48,22,11,6,0,0,0,11,0,0,d2447183c5fb7d93c07ca4afdd86d4ab9ac374ee,NOT_READY,Human GitHub authentication owner + Codex56-TL/General-TL push authorizer,Provision secret-safe GitHub authentication and authorize exactly one new push of ci/orq26-db-gate; then consume immutable official CI results before any promotion.,ORQ-26 official CI -> ORQ-39 workflow/file-lock closure,"No GitHub auth, remote branch absent, no CI run; a second push requires new authorization.",.deploy-control/p0/evidence/gtl-orq26-official-ci-execution.md,0c6a7f5678249c0905e4563f9d3167149ea4a1c012aeed0f2e7088c1730a91f7,.deploy-control/p0/evidence/gtl-r03-orq26-gate-execution.md,evidence,2026-07-27T11:54:00Z,fa7619be000fc657ee17caebbce7308877168557669f74c5287966c4d5111486,ACTIVE,release-ledger:v1:ORQ-26:fa7619be000fc657ee17caebbce7308877168557669f74c5287966c4d5111486
release-ledger.v1,2026-07-27T16:33:11Z,ORQ-26,in_progress,urgent,NONE,BLOCKED_AUTH,Agy-P0-A8;Antigravity;Codex56#A;Codex56#B;Opus48#B,2026-07-27T10:20:00Z,2026-07-27T15:05:30Z,NOT_MEASURED,48,22,11,6,0,0,0,11,0,0,d2447183c5fb7d93c07ca4afdd86d4ab9ac374ee,NOT_READY,Human GitHub authentication owner + Codex56-TL/General-TL push authorizer,Provision secret-safe GitHub authentication and authorize exactly one new push of ci/orq26-db-gate; then consume immutable official CI results before any promotion.,ORQ-26 official CI -> ORQ-39 workflow/file-lock closure,"No GitHub auth, remote branch absent, no CI run; a second push requires new authorization.",.deploy-control/p0/evidence/gtl-orq26-official-ci-execution.md,0c6a7f5678249c0905e4563f9d3167149ea4a1c012aeed0f2e7088c1730a91f7,.deploy-control/p0/checkins/CHECKOUT__Codex56-B__GTL-51-ORQ26-DB-GATE-HARNESS__20260727T115428Z.json,checkin,2026-07-27T11:54:28Z,47f15c0a64a8e48b716b81d1b640703ba04f9a9674799a0a3b623059091c3cef,ACTIVE,release-ledger:v1:ORQ-26:47f15c0a64a8e48b716b81d1b640703ba04f9a9674799a0a3b623059091c3cef
release-ledger.v1,2026-07-27T16:33:11Z,ORQ-26,in_progress,urgent,NONE,BLOCKED_AUTH,Agy-P0-A8;Antigravity;Codex56#A;Codex56#B;Opus48#B,2026-07-27T10:20:00Z,2026-07-27T15:05:30Z,NOT_MEASURED,48,22,11,6,0,0,0,11,0,0,d2447183c5fb7d93c07ca4afdd86d4ab9ac374ee,NOT_READY,Human GitHub authentication owner + Codex56-TL/General-TL push authorizer,Provision secret-safe GitHub authentication and authorize exactly one new push of ci/orq26-db-gate; then consume immutable official CI results before any promotion.,ORQ-26 official CI -> ORQ-39 workflow/file-lock closure,"No GitHub auth, remote branch absent, no CI run; a second push requires new authorization.",.deploy-control/p0/evidence/gtl-orq26-official-ci-execution.md,0c6a7f5678249c0905e4563f9d3167149ea4a1c012aeed0f2e7088c1730a91f7,.deploy-control/p0/evidence/gtl-orq26-ephemeral-db-runner.md,evidence,2026-07-27T11:56:10Z,7462ecdea4eadeb84e03d6ec317eef6d944deca0fb18d801f76fea01659ae099,ACTIVE,release-ledger:v1:ORQ-26:7462ecdea4eadeb84e03d6ec317eef6d944deca0fb18d801f76fea01659ae099
release-ledger.v1,2026-07-27T16:33:11Z,ORQ-26,in_progress,urgent,NONE,BLOCKED_AUTH,Agy-P0-A8;Antigravity;Codex56#A;Codex56#B;Opus48#B,2026-07-27T10:20:00Z,2026-07-27T15:05:30Z,NOT_MEASURED,48,22,11,6,0,0,0,11,0,0,d2447183c5fb7d93c07ca4afdd86d4ab9ac374ee,NOT_READY,Human GitHub authentication owner + Codex56-TL/General-TL push authorizer,Provision secret-safe GitHub authentication and authorize exactly one new push of ci/orq26-db-gate; then consume immutable official CI results before any promotion.,ORQ-26 official CI -> ORQ-39 workflow/file-lock closure,"No GitHub auth, remote branch absent, no CI run; a second push requires new authorization.",.deploy-control/p0/evidence/gtl-orq26-official-ci-execution.md,0c6a7f5678249c0905e4563f9d3167149ea4a1c012aeed0f2e7088c1730a91f7,.deploy-control/p0/checkins/CHECKOUT__Antigravity__GTL-61-EPHEMERAL-DB-RUNNER__20260727T115705Z.json,checkin,2026-07-27T11:57:05Z,ff13f549eb1519bc7c76add10ae0fe5274cd135b08009bf40f4511b9c15eb66c,ACTIVE,release-ledger:v1:ORQ-26:ff13f549eb1519bc7c76add10ae0fe5274cd135b08009bf40f4511b9c15eb66c
release-ledger.v1,2026-07-27T16:33:11Z,ORQ-26,in_progress,urgent,NONE,BLOCKED_AUTH,Agy-P0-A8;Antigravity;Codex56#A;Codex56#B;Opus48#B,2026-07-27T10:20:00Z,2026-07-27T15:05:30Z,NOT_MEASURED,48,22,11,6,0,0,0,11,0,0,d2447183c5fb7d93c07ca4afdd86d4ab9ac374ee,NOT_READY,Human GitHub authentication owner + Codex56-TL/General-TL push authorizer,Provision secret-safe GitHub authentication and authorize exactly one new push of ci/orq26-db-gate; then consume immutable official CI results before any promotion.,ORQ-26 official CI -> ORQ-39 workflow/file-lock closure,"No GitHub auth, remote branch absent, no CI run; a second push requires new authorization.",.deploy-control/p0/evidence/gtl-orq26-official-ci-execution.md,0c6a7f5678249c0905e4563f9d3167149ea4a1c012aeed0f2e7088c1730a91f7,.deploy-control/p0/checkins/CHECKOUT__Agy-P0-A8__gtl-orq26-ephemeral-db-runner-peer-review__20260727T115737Z.json,checkin,2026-07-27T11:57:37Z,fa144896cbf85edfbe1827dbf455a8d9b5a9da3b2910369e14011a514f85fc94,ACTIVE,release-ledger:v1:ORQ-26:fa144896cbf85edfbe1827dbf455a8d9b5a9da3b2910369e14011a514f85fc94
release-ledger.v1,2026-07-27T16:33:11Z,ORQ-26,in_progress,urgent,NONE,BLOCKED_AUTH,Agy-P0-A8;Antigravity;Codex56#A;Codex56#B;Opus48#B,2026-07-27T10:20:00Z,2026-07-27T15:05:30Z,NOT_MEASURED,48,22,11,6,0,0,0,11,0,0,d2447183c5fb7d93c07ca4afdd86d4ab9ac374ee,NOT_READY,Human GitHub authentication owner + Codex56-TL/General-TL push authorizer,Provision secret-safe GitHub authentication and authorize exactly one new push of ci/orq26-db-gate; then consume immutable official CI results before any promotion.,ORQ-26 official CI -> ORQ-39 workflow/file-lock closure,"No GitHub auth, remote branch absent, no CI run; a second push requires new authorization.",.deploy-control/p0/evidence/gtl-orq26-official-ci-execution.md,0c6a7f5678249c0905e4563f9d3167149ea4a1c012aeed0f2e7088c1730a91f7,.deploy-control/p0/evidence/gtl-orq26-ephemeral-db-runner-peer-review.md,evidence,2026-07-27T11:57:37Z,f257707db6504f7b62db262d67a3e819132cc42f1ba6b843a80f46989d83c44a,ACTIVE,release-ledger:v1:ORQ-26:f257707db6504f7b62db262d67a3e819132cc42f1ba6b843a80f46989d83c44a
release-ledger.v1,2026-07-27T16:33:11Z,ORQ-26,in_progress,urgent,NONE,BLOCKED_AUTH,Agy-P0-A8;Antigravity;Codex56#A;Codex56#B;Opus48#B,2026-07-27T10:20:00Z,2026-07-27T15:05:30Z,NOT_MEASURED,48,22,11,6,0,0,0,11,0,0,d2447183c5fb7d93c07ca4afdd86d4ab9ac374ee,NOT_READY,Human GitHub authentication owner + Codex56-TL/General-TL push authorizer,Provision secret-safe GitHub authentication and authorize exactly one new push of ci/orq26-db-gate; then consume immutable official CI results before any promotion.,ORQ-26 official CI -> ORQ-39 workflow/file-lock closure,"No GitHub auth, remote branch absent, no CI run; a second push requires new authorization.",.deploy-control/p0/evidence/gtl-orq26-official-ci-execution.md,0c6a7f5678249c0905e4563f9d3167149ea4a1c012aeed0f2e7088c1730a91f7,.deploy-control/p0/evidence/gtl-orq26-official-ci-gate-plan.md,evidence,2026-07-27T12:01:00Z,e777f94bc98f80a7e8474eb3d10666376f996cd0d2dc0776033744d3b55d3e55,ACTIVE,release-ledger:v1:ORQ-26:e777f94bc98f80a7e8474eb3d10666376f996cd0d2dc0776033744d3b55d3e55
release-ledger.v1,2026-07-27T16:33:11Z,ORQ-26,in_progress,urgent,NONE,BLOCKED_AUTH,Agy-P0-A8;Antigravity;Codex56#A;Codex56#B;Opus48#B,2026-07-27T10:20:00Z,2026-07-27T15:05:30Z,NOT_MEASURED,48,22,11,6,0,0,0,11,0,0,d2447183c5fb7d93c07ca4afdd86d4ab9ac374ee,NOT_READY,Human GitHub authentication owner + Codex56-TL/General-TL push authorizer,Provision secret-safe GitHub authentication and authorize exactly one new push of ci/orq26-db-gate; then consume immutable official CI results before any promotion.,ORQ-26 official CI -> ORQ-39 workflow/file-lock closure,"No GitHub auth, remote branch absent, no CI run; a second push requires new authorization.",.deploy-control/p0/evidence/gtl-orq26-official-ci-execution.md,0c6a7f5678249c0905e4563f9d3167149ea4a1c012aeed0f2e7088c1730a91f7,.deploy-control/p0/checkins/CHECKOUT__Agy-P0-A8__gtl-orq26-official-ci-gate-peer-review__20260727T120224Z.json,checkin,2026-07-27T12:02:24Z,57fdeda73af3b266e60f4b51d96c4bed8abba2d0177122835ff10d0bd7f0743d,ACTIVE,release-ledger:v1:ORQ-26:57fdeda73af3b266e60f4b51d96c4bed8abba2d0177122835ff10d0bd7f0743d
release-ledger.v1,2026-07-27T16:33:11Z,ORQ-26,in_progress,urgent,NONE,BLOCKED_AUTH,Agy-P0-A8;Antigravity;Codex56#A;Codex56#B;Opus48#B,2026-07-27T10:20:00Z,2026-07-27T15:05:30Z,NOT_MEASURED,48,22,11,6,0,0,0,11,0,0,d2447183c5fb7d93c07ca4afdd86d4ab9ac374ee,NOT_READY,Human GitHub authentication owner + Codex56-TL/General-TL push authorizer,Provision secret-safe GitHub authentication and authorize exactly one new push of ci/orq26-db-gate; then consume immutable official CI results before any promotion.,ORQ-26 official CI -> ORQ-39 workflow/file-lock closure,"No GitHub auth, remote branch absent, no CI run; a second push requires new authorization.",.deploy-control/p0/evidence/gtl-orq26-official-ci-execution.md,0c6a7f5678249c0905e4563f9d3167149ea4a1c012aeed0f2e7088c1730a91f7,.deploy-control/p0/checkins/CHECKOUT__Antigravity__GTL-64-OFFICIAL-CI-GATE-PLAN__20260727T120224Z.json,checkin,2026-07-27T12:02:24Z,97e86267b85c29529bf3c78e6dde66df8d661fcf442545d6e9e36112f643ec86,ACTIVE,release-ledger:v1:ORQ-26:97e86267b85c29529bf3c78e6dde66df8d661fcf442545d6e9e36112f643ec86
release-ledger.v1,2026-07-27T16:33:11Z,ORQ-26,in_progress,urgent,NONE,BLOCKED_AUTH,Agy-P0-A8;Antigravity;Codex56#A;Codex56#B;Opus48#B,2026-07-27T10:20:00Z,2026-07-27T15:05:30Z,NOT_MEASURED,48,22,11,6,0,0,0,11,0,0,d2447183c5fb7d93c07ca4afdd86d4ab9ac374ee,NOT_READY,Human GitHub authentication owner + Codex56-TL/General-TL push authorizer,Provision secret-safe GitHub authentication and authorize exactly one new push of ci/orq26-db-gate; then consume immutable official CI results before any promotion.,ORQ-26 official CI -> ORQ-39 workflow/file-lock closure,"No GitHub auth, remote branch absent, no CI run; a second push requires new authorization.",.deploy-control/p0/evidence/gtl-orq26-official-ci-execution.md,0c6a7f5678249c0905e4563f9d3167149ea4a1c012aeed0f2e7088c1730a91f7,.deploy-control/p0/evidence/gtl-orq26-official-ci-gate-peer-review.md,evidence,2026-07-27T12:02:24Z,a28b35e143d2265ef940cd2b19fa43e77ae8789290a8b55b2016db7f8b71c1ad,ACTIVE,release-ledger:v1:ORQ-26:a28b35e143d2265ef940cd2b19fa43e77ae8789290a8b55b2016db7f8b71c1ad
release-ledger.v1,2026-07-27T16:33:11Z,ORQ-26,in_progress,urgent,NONE,BLOCKED_AUTH,Agy-P0-A8;Antigravity;Codex56#A;Codex56#B;Opus48#B,2026-07-27T10:20:00Z,2026-07-27T15:05:30Z,NOT_MEASURED,48,22,11,6,0,0,0,11,0,0,d2447183c5fb7d93c07ca4afdd86d4ab9ac374ee,NOT_READY,Human GitHub authentication owner + Codex56-TL/General-TL push authorizer,Provision secret-safe GitHub authentication and authorize exactly one new push of ci/orq26-db-gate; then consume immutable official CI results before any promotion.,ORQ-26 official CI -> ORQ-39 workflow/file-lock closure,"No GitHub auth, remote branch absent, no CI run; a second push requires new authorization.",.deploy-control/p0/evidence/gtl-orq26-official-ci-execution.md,0c6a7f5678249c0905e4563f9d3167149ea4a1c012aeed0f2e7088c1730a91f7,.deploy-control/p0/evidence/gtl-orq26-root-ci-manifest-peer-review.md,evidence,2026-07-27T12:07:00Z,41612d28a9aacb81cf57a9312004da557948870dfe1851d275e4f9d640ba055e,ACTIVE,release-ledger:v1:ORQ-26:41612d28a9aacb81cf57a9312004da557948870dfe1851d275e4f9d640ba055e
release-ledger.v1,2026-07-27T16:33:11Z,ORQ-26,in_progress,urgent,NONE,BLOCKED_AUTH,Agy-P0-A8;Antigravity;Codex56#A;Codex56#B;Opus48#B,2026-07-27T10:20:00Z,2026-07-27T15:05:30Z,NOT_MEASURED,48,22,11,6,0,0,0,11,0,0,d2447183c5fb7d93c07ca4afdd86d4ab9ac374ee,NOT_READY,Human GitHub authentication owner + Codex56-TL/General-TL push authorizer,Provision secret-safe GitHub authentication and authorize exactly one new push of ci/orq26-db-gate; then consume immutable official CI results before any promotion.,ORQ-26 official CI -> ORQ-39 workflow/file-lock closure,"No GitHub auth, remote branch absent, no CI run; a second push requires new authorization.",.deploy-control/p0/evidence/gtl-orq26-official-ci-execution.md,0c6a7f5678249c0905e4563f9d3167149ea4a1c012aeed0f2e7088c1730a91f7,.deploy-control/p0/checkins/Antigravity__GTL-ORQ26-CI-MANIFEST-PEER-REVIEW__20260727T120736Z.json,checkin,2026-07-27T12:07:36Z,2858868489b66bb1bc5bcec85b3332d38189bef02de32f9c55d1821b6f9cc3c3,ACTIVE,release-ledger:v1:ORQ-26:2858868489b66bb1bc5bcec85b3332d38189bef02de32f9c55d1821b6f9cc3c3
release-ledger.v1,2026-07-27T16:33:11Z,ORQ-26,in_progress,urgent,NONE,BLOCKED_AUTH,Agy-P0-A8;Antigravity;Codex56#A;Codex56#B;Opus48#B,2026-07-27T10:20:00Z,2026-07-27T15:05:30Z,NOT_MEASURED,48,22,11,6,0,0,0,11,0,0,d2447183c5fb7d93c07ca4afdd86d4ab9ac374ee,NOT_READY,Human GitHub authentication owner + Codex56-TL/General-TL push authorizer,Provision secret-safe GitHub authentication and authorize exactly one new push of ci/orq26-db-gate; then consume immutable official CI results before any promotion.,ORQ-26 official CI -> ORQ-39 workflow/file-lock closure,"No GitHub auth, remote branch absent, no CI run; a second push requires new authorization.",.deploy-control/p0/evidence/gtl-orq26-official-ci-execution.md,0c6a7f5678249c0905e4563f9d3167149ea4a1c012aeed0f2e7088c1730a91f7,.deploy-control/p0/checkins/CHECKOUT__Agy-P0-A8__gtl-orq26-root-ci-manifest-v2-peer-review__20260727T121453Z.json,checkin,2026-07-27T12:14:53Z,8cbf571fee103e8d689a114e7a68a93eee0fdec8c61d515195263a5ee2eb706c,ACTIVE,release-ledger:v1:ORQ-26:8cbf571fee103e8d689a114e7a68a93eee0fdec8c61d515195263a5ee2eb706c
release-ledger.v1,2026-07-27T16:33:11Z,ORQ-26,in_progress,urgent,NONE,BLOCKED_AUTH,Agy-P0-A8;Antigravity;Codex56#A;Codex56#B;Opus48#B,2026-07-27T10:20:00Z,2026-07-27T15:05:30Z,NOT_MEASURED,48,22,11,6,0,0,0,11,0,0,d2447183c5fb7d93c07ca4afdd86d4ab9ac374ee,NOT_READY,Human GitHub authentication owner + Codex56-TL/General-TL push authorizer,Provision secret-safe GitHub authentication and authorize exactly one new push of ci/orq26-db-gate; then consume immutable official CI results before any promotion.,ORQ-26 official CI -> ORQ-39 workflow/file-lock closure,"No GitHub auth, remote branch absent, no CI run; a second push requires new authorization.",.deploy-control/p0/evidence/gtl-orq26-official-ci-execution.md,0c6a7f5678249c0905e4563f9d3167149ea4a1c012aeed0f2e7088c1730a91f7,.deploy-control/p0/evidence/gtl-orq26-root-ci-manifest-v2-peer-review.md,evidence,2026-07-27T12:14:53Z,d4f6bca0f12cb14f20032b210889dc34a44d22958c3ed1c16d23daccfc4586f6,ACTIVE,release-ledger:v1:ORQ-26:d4f6bca0f12cb14f20032b210889dc34a44d22958c3ed1c16d23daccfc4586f6
release-ledger.v1,2026-07-27T16:33:11Z,ORQ-26,in_progress,urgent,NONE,BLOCKED_AUTH,Agy-P0-A8;Antigravity;Codex56#A;Codex56#B;Opus48#B,2026-07-27T10:20:00Z,2026-07-27T15:05:30Z,NOT_MEASURED,48,22,11,6,0,0,0,11,0,0,d2447183c5fb7d93c07ca4afdd86d4ab9ac374ee,NOT_READY,Human GitHub authentication owner + Codex56-TL/General-TL push authorizer,Provision secret-safe GitHub authentication and authorize exactly one new push of ci/orq26-db-gate; then consume immutable official CI results before any promotion.,ORQ-26 official CI -> ORQ-39 workflow/file-lock closure,"No GitHub auth, remote branch absent, no CI run; a second push requires new authorization.",.deploy-control/p0/evidence/gtl-orq26-official-ci-execution.md,0c6a7f5678249c0905e4563f9d3167149ea4a1c012aeed0f2e7088c1730a91f7,.deploy-control/p0/checkins/CHECKOUT__Codex56-B__ORQ-26-OFFICIAL-CI-EXECUTION-BLOCKED-AUTH__20260727T123646Z.json,checkin,2026-07-27T12:36:46Z,396151658be6073945e2b84ed9a34ad4f55c995cf5e23423f091352f50c9d142,ACTIVE,release-ledger:v1:ORQ-26:396151658be6073945e2b84ed9a34ad4f55c995cf5e23423f091352f50c9d142
release-ledger.v1,2026-07-27T16:33:11Z,ORQ-26,in_progress,urgent,NONE,BLOCKED_AUTH,Agy-P0-A8;Antigravity;Codex56#A;Codex56#B;Opus48#B,2026-07-27T10:20:00Z,2026-07-27T15:05:30Z,NOT_MEASURED,48,22,11,6,0,0,0,11,0,0,d2447183c5fb7d93c07ca4afdd86d4ab9ac374ee,NOT_READY,Human GitHub authentication owner + Codex56-TL/General-TL push authorizer,Provision secret-safe GitHub authentication and authorize exactly one new push of ci/orq26-db-gate; then consume immutable official CI results before any promotion.,ORQ-26 official CI -> ORQ-39 workflow/file-lock closure,"No GitHub auth, remote branch absent, no CI run; a second push requires new authorization.",.deploy-control/p0/evidence/gtl-orq26-official-ci-execution.md,0c6a7f5678249c0905e4563f9d3167149ea4a1c012aeed0f2e7088c1730a91f7,.deploy-control/p0/checkins/CHECKOUT__Codex56-B__ORQ-26-GITHUB-AUTH-UNBLOCK-RUNBOOK__20260727T133951Z.json,checkin,2026-07-27T13:39:51Z,bfacb0f0c77aff503f7a104789c1fb77ebc1ceb22af73fd1597fead4b57265ac,ACTIVE,release-ledger:v1:ORQ-26:bfacb0f0c77aff503f7a104789c1fb77ebc1ceb22af73fd1597fead4b57265ac
release-ledger.v1,2026-07-27T16:33:11Z,ORQ-26,in_progress,urgent,NONE,BLOCKED_AUTH,Agy-P0-A8;Antigravity;Codex56#A;Codex56#B;Opus48#B,2026-07-27T10:20:00Z,2026-07-27T15:05:30Z,NOT_MEASURED,48,22,11,6,0,0,0,11,0,0,d2447183c5fb7d93c07ca4afdd86d4ab9ac374ee,NOT_READY,Human GitHub authentication owner + Codex56-TL/General-TL push authorizer,Provision secret-safe GitHub authentication and authorize exactly one new push of ci/orq26-db-gate; then consume immutable official CI results before any promotion.,ORQ-26 official CI -> ORQ-39 workflow/file-lock closure,"No GitHub auth, remote branch absent, no CI run; a second push requires new authorization.",.deploy-control/p0/evidence/gtl-orq26-official-ci-execution.md,0c6a7f5678249c0905e4563f9d3167149ea4a1c012aeed0f2e7088c1730a91f7,.deploy-control/p0/checkins/CHECKOUT__Antigravity__ORQ26-GITHUB-AUTH-UNBLOCK-RUNBOOK-PEER-REVIEW__20260727T141547Z.json,checkin,2026-07-27T14:15:47Z,3eb40179a948348a0a8111735c47a28a071cf9d671d035a63664fe71c456ca0f,ACTIVE,release-ledger:v1:ORQ-26:3eb40179a948348a0a8111735c47a28a071cf9d671d035a63664fe71c456ca0f
release-ledger.v1,2026-07-27T16:33:11Z,ORQ-26,in_progress,urgent,NONE,BLOCKED_AUTH,Agy-P0-A8;Antigravity;Codex56#A;Codex56#B;Opus48#B,2026-07-27T10:20:00Z,2026-07-27T15:05:30Z,NOT_MEASURED,48,22,11,6,0,0,0,11,0,0,d2447183c5fb7d93c07ca4afdd86d4ab9ac374ee,NOT_READY,Human GitHub authentication owner + Codex56-TL/General-TL push authorizer,Provision secret-safe GitHub authentication and authorize exactly one new push of ci/orq26-db-gate; then consume immutable official CI results before any promotion.,ORQ-26 official CI -> ORQ-39 workflow/file-lock closure,"No GitHub auth, remote branch absent, no CI run; a second push requires new authorization.",.deploy-control/p0/evidence/gtl-orq26-official-ci-execution.md,0c6a7f5678249c0905e4563f9d3167149ea4a1c012aeed0f2e7088c1730a91f7,.deploy-control/p0/evidence/gtl-orq26-github-auth-unblock-runbook-peer-review.md,evidence,2026-07-27T14:16:00Z,685388a593e486b6888030e0e9c056b9cdfdf07b8beb68746fd3b47d2c93dceb,ACTIVE,release-ledger:v1:ORQ-26:685388a593e486b6888030e0e9c056b9cdfdf07b8beb68746fd3b47d2c93dceb
release-ledger.v1,2026-07-27T16:33:11Z,ORQ-26,in_progress,urgent,NONE,BLOCKED_AUTH,Agy-P0-A8;Antigravity;Codex56#A;Codex56#B;Opus48#B,2026-07-27T10:20:00Z,2026-07-27T15:05:30Z,NOT_MEASURED,48,22,11,6,0,0,0,11,0,0,d2447183c5fb7d93c07ca4afdd86d4ab9ac374ee,NOT_READY,Human GitHub authentication owner + Codex56-TL/General-TL push authorizer,Provision secret-safe GitHub authentication and authorize exactly one new push of ci/orq26-db-gate; then consume immutable official CI results before any promotion.,ORQ-26 official CI -> ORQ-39 workflow/file-lock closure,"No GitHub auth, remote branch absent, no CI run; a second push requires new authorization.",.deploy-control/p0/evidence/gtl-orq26-official-ci-execution.md,0c6a7f5678249c0905e4563f9d3167149ea4a1c012aeed0f2e7088c1730a91f7,.deploy-control/p0/checkins/CHECKOUT__Codex56-B__ORQ-26-GH-AUTH-STATUS__20260727T150530Z.json,checkin,2026-07-27T15:05:30Z,12987c4fd27141e687f86057a6fe0f6e00332feab0ce539e139d8cc3ceb3c1dc,ACTIVE,release-ledger:v1:ORQ-26:12987c4fd27141e687f86057a6fe0f6e00332feab0ce539e139d8cc3ceb3c1dc
release-ledger.v1,2026-07-27T16:33:11Z,ORQ-26,in_progress,urgent,NONE,BLOCKED_AUTH,Agy-P0-A8;Antigravity;Codex56#A;Codex56#B;Opus48#B,2026-07-27T10:20:00Z,2026-07-27T15:05:30Z,NOT_MEASURED,48,22,11,6,0,0,0,11,0,0,d2447183c5fb7d93c07ca4afdd86d4ab9ac374ee,NOT_READY,Human GitHub authentication owner + Codex56-TL/General-TL push authorizer,Provision secret-safe GitHub authentication and authorize exactly one new push of ci/orq26-db-gate; then consume immutable official CI results before any promotion.,ORQ-26 official CI -> ORQ-39 workflow/file-lock closure,"No GitHub auth, remote branch absent, no CI run; a second push requires new authorization.",.deploy-control/p0/evidence/gtl-orq26-official-ci-execution.md,0c6a7f5678249c0905e4563f9d3167149ea4a1c012aeed0f2e7088c1730a91f7,.deploy-control/p0/evidence/gtl-orq26-ci-commit-manifest.md,evidence,NOT_MEASURED,f4d234135807b3b68345b0cbff66bb7a7050939e20daad3a758aa50836671b25,ACTIVE,release-ledger:v1:ORQ-26:f4d234135807b3b68345b0cbff66bb7a7050939e20daad3a758aa50836671b25
release-ledger.v1,2026-07-27T16:33:11Z,ORQ-26,in_progress,urgent,NONE,BLOCKED_AUTH,Agy-P0-A8;Antigravity;Codex56#A;Codex56#B;Opus48#B,2026-07-27T10:20:00Z,2026-07-27T15:05:30Z,NOT_MEASURED,48,22,11,6,0,0,0,11,0,0,d2447183c5fb7d93c07ca4afdd86d4ab9ac374ee,NOT_READY,Human GitHub authentication owner + Codex56-TL/General-TL push authorizer,Provision secret-safe GitHub authentication and authorize exactly one new push of ci/orq26-db-gate; then consume immutable official CI results before any promotion.,ORQ-26 official CI -> ORQ-39 workflow/file-lock closure,"No GitHub auth, remote branch absent, no CI run; a second push requires new authorization.",.deploy-control/p0/evidence/gtl-orq26-official-ci-execution.md,0c6a7f5678249c0905e4563f9d3167149ea4a1c012aeed0f2e7088c1730a91f7,.deploy-control/p0/evidence/gtl-orq26-consumer-review.md,evidence,NOT_MEASURED,0097bdf0605791d6bb383c444a6778a7c6184b9559fabf68fa6bdf10664d2fc7,ACTIVE,release-ledger:v1:ORQ-26:0097bdf0605791d6bb383c444a6778a7c6184b9559fabf68fa6bdf10664d2fc7
release-ledger.v1,2026-07-27T16:33:11Z,ORQ-26,in_progress,urgent,NONE,BLOCKED_AUTH,Agy-P0-A8;Antigravity;Codex56#A;Codex56#B;Opus48#B,2026-07-27T10:20:00Z,2026-07-27T15:05:30Z,NOT_MEASURED,48,22,11,6,0,0,0,11,0,0,d2447183c5fb7d93c07ca4afdd86d4ab9ac374ee,NOT_READY,Human GitHub authentication owner + Codex56-TL/General-TL push authorizer,Provision secret-safe GitHub authentication and authorize exactly one new push of ci/orq26-db-gate; then consume immutable official CI results before any promotion.,ORQ-26 official CI -> ORQ-39 workflow/file-lock closure,"No GitHub auth, remote branch absent, no CI run; a second push requires new authorization.",.deploy-control/p0/evidence/gtl-orq26-official-ci-execution.md,0c6a7f5678249c0905e4563f9d3167149ea4a1c012aeed0f2e7088c1730a91f7,.deploy-control/p0/evidence/gtl-orq26-contract-review.md,evidence,NOT_MEASURED,b34a164267c6be2398d28ebe9dc5022a14242224adc82d0636d7c0ed63e52625,ACTIVE,release-ledger:v1:ORQ-26:b34a164267c6be2398d28ebe9dc5022a14242224adc82d0636d7c0ed63e52625
release-ledger.v1,2026-07-27T16:33:11Z,ORQ-26,in_progress,urgent,NONE,BLOCKED_AUTH,Agy-P0-A8;Antigravity;Codex56#A;Codex56#B;Opus48#B,2026-07-27T10:20:00Z,2026-07-27T15:05:30Z,NOT_MEASURED,48,22,11,6,0,0,0,11,0,0,d2447183c5fb7d93c07ca4afdd86d4ab9ac374ee,NOT_READY,Human GitHub authentication owner + Codex56-TL/General-TL push authorizer,Provision secret-safe GitHub authentication and authorize exactly one new push of ci/orq26-db-gate; then consume immutable official CI results before any promotion.,ORQ-26 official CI -> ORQ-39 workflow/file-lock closure,"No GitHub auth, remote branch absent, no CI run; a second push requires new authorization.",.deploy-control/p0/evidence/gtl-orq26-official-ci-execution.md,0c6a7f5678249c0905e4563f9d3167149ea4a1c012aeed0f2e7088c1730a91f7,.deploy-control/p0/evidence/gtl-orq26-db-gate-harness.md,evidence,NOT_MEASURED,72907e0ddefcab058d20c93ef2d93dfd089024930dffda95d4c5bab55bbc9938,ACTIVE,release-ledger:v1:ORQ-26:72907e0ddefcab058d20c93ef2d93dfd089024930dffda95d4c5bab55bbc9938
release-ledger.v1,2026-07-27T16:33:11Z,ORQ-26,in_progress,urgent,NONE,BLOCKED_AUTH,Agy-P0-A8;Antigravity;Codex56#A;Codex56#B;Opus48#B,2026-07-27T10:20:00Z,2026-07-27T15:05:30Z,NOT_MEASURED,48,22,11,6,0,0,0,11,0,0,d2447183c5fb7d93c07ca4afdd86d4ab9ac374ee,NOT_READY,Human GitHub authentication owner + Codex56-TL/General-TL push authorizer,Provision secret-safe GitHub authentication and authorize exactly one new push of ci/orq26-db-gate; then consume immutable official CI results before any promotion.,ORQ-26 official CI -> ORQ-39 workflow/file-lock closure,"No GitHub auth, remote branch absent, no CI run; a second push requires new authorization.",.deploy-control/p0/evidence/gtl-orq26-official-ci-execution.md,0c6a7f5678249c0905e4563f9d3167149ea4a1c012aeed0f2e7088c1730a91f7,.deploy-control/p0/evidence/gtl-orq26-gate-preflight-peer-review.md,evidence,NOT_MEASURED,ee55cf303d222f747a115b9b0c2bf9da73e172c5262e0aa86a843d95cd96d793,ACTIVE,release-ledger:v1:ORQ-26:ee55cf303d222f747a115b9b0c2bf9da73e172c5262e0aa86a843d95cd96d793
release-ledger.v1,2026-07-27T16:33:11Z,ORQ-26,in_progress,urgent,NONE,BLOCKED_AUTH,Agy-P0-A8;Antigravity;Codex56#A;Codex56#B;Opus48#B,2026-07-27T10:20:00Z,2026-07-27T15:05:30Z,NOT_MEASURED,48,22,11,6,0,0,0,11,0,0,d2447183c5fb7d93c07ca4afdd86d4ab9ac374ee,NOT_READY,Human GitHub authentication owner + Codex56-TL/General-TL push authorizer,Provision secret-safe GitHub authentication and authorize exactly one new push of ci/orq26-db-gate; then consume immutable official CI results before any promotion.,ORQ-26 official CI -> ORQ-39 workflow/file-lock closure,"No GitHub auth, remote branch absent, no CI run; a second push requires new authorization.",.deploy-control/p0/evidence/gtl-orq26-official-ci-execution.md,0c6a7f5678249c0905e4563f9d3167149ea4a1c012aeed0f2e7088c1730a91f7,.deploy-control/p0/evidence/gtl-orq26-official-ci-execution.md,evidence,NOT_MEASURED,0c6a7f5678249c0905e4563f9d3167149ea4a1c012aeed0f2e7088c1730a91f7,ACTIVE,release-ledger:v1:ORQ-26:0c6a7f5678249c0905e4563f9d3167149ea4a1c012aeed0f2e7088c1730a91f7
release-ledger.v1,2026-07-27T16:33:11Z,ORQ-26,in_progress,urgent,NONE,BLOCKED_AUTH,Agy-P0-A8;Antigravity;Codex56#A;Codex56#B;Opus48#B,2026-07-27T10:20:00Z,2026-07-27T15:05:30Z,NOT_MEASURED,48,22,11,6,0,0,0,11,0,0,d2447183c5fb7d93c07ca4afdd86d4ab9ac374ee,NOT_READY,Human GitHub authentication owner + Codex56-TL/General-TL push authorizer,Provision secret-safe GitHub authentication and authorize exactly one new push of ci/orq26-db-gate; then consume immutable official CI results before any promotion.,ORQ-26 official CI -> ORQ-39 workflow/file-lock closure,"No GitHub auth, remote branch absent, no CI run; a second push requires new authorization.",.deploy-control/p0/evidence/gtl-orq26-official-ci-execution.md,0c6a7f5678249c0905e4563f9d3167149ea4a1c012aeed0f2e7088c1730a91f7,.deploy-control/p0/evidence/orq26-gh-auth-status-readonly.md,evidence,NOT_MEASURED,7d4c94e456c0d091dac589c4d4cd9de9c2419a2298e277189d0c8bda2f057d19,ACTIVE,release-ledger:v1:ORQ-26:7d4c94e456c0d091dac589c4d4cd9de9c2419a2298e277189d0c8bda2f057d19
release-ledger.v1,2026-07-27T16:33:11Z,ORQ-26,in_progress,urgent,NONE,BLOCKED_AUTH,Agy-P0-A8;Antigravity;Codex56#A;Codex56#B;Opus48#B,2026-07-27T10:20:00Z,2026-07-27T15:05:30Z,NOT_MEASURED,48,22,11,6,0,0,0,11,0,0,d2447183c5fb7d93c07ca4afdd86d4ab9ac374ee,NOT_READY,Human GitHub authentication owner + Codex56-TL/General-TL push authorizer,Provision secret-safe GitHub authentication and authorize exactly one new push of ci/orq26-db-gate; then consume immutable official CI results before any promotion.,ORQ-26 official CI -> ORQ-39 workflow/file-lock closure,"No GitHub auth, remote branch absent, no CI run; a second push requires new authorization.",.deploy-control/p0/evidence/gtl-orq26-official-ci-execution.md,0c6a7f5678249c0905e4563f9d3167149ea4a1c012aeed0f2e7088c1730a91f7,.deploy-control/p0/evidence/orq26-github-auth-unblock-runbook.md,evidence,NOT_MEASURED,a109b5720ea441493a701bf29a53ea70cf9b8b6941ac0f11c3f9a93a8ab44e68,ACTIVE,release-ledger:v1:ORQ-26:a109b5720ea441493a701bf29a53ea70cf9b8b6941ac0f11c3f9a93a8ab44e68
release-ledger.v1,2026-07-27T16:33:11Z,ORQ-32,cancelled,urgent,NONE,DONE_NONDEFECT_CANCELLED,Agy-P0-A8;Antigravity;Codex56#A;Kiro;Opus48#A,2026-07-27T13:39:00Z,2026-07-27T15:34:48Z,NOT_MEASURED,12,5,1,2,0,0,0,2,0,0,NONE,NOT_APPLICABLE,NONE (technical closure complete; Kanban already cancelled),No execution. Preserve cancelled status and the exact non-defect wording; do not rotate or create a handshake/rev secret.,Real credential work remains separate in ORQ-42/43/44 and ORQ-36,NONE for technical closure.,.deploy-control/p0/evidence/orq32-independent-closure-audit.md,c4172fb1fb0f1067c7256bcf3354a319d80a66d9c696f68e570b9f21132eef09,.deploy-control/p0/evidence/orq32-handshake-token-rotation-runbook.md,evidence,2026-07-27T13:39:00Z,5b8666634540b7b0b561e306d65314c6bb5e854ecfd2cfb5224e2d8c1ddffdfe,ACTIVE,release-ledger:v1:ORQ-32:5b8666634540b7b0b561e306d65314c6bb5e854ecfd2cfb5224e2d8c1ddffdfe
release-ledger.v1,2026-07-27T16:33:11Z,ORQ-32,cancelled,urgent,NONE,DONE_NONDEFECT_CANCELLED,Agy-P0-A8;Antigravity;Codex56#A;Kiro;Opus48#A,2026-07-27T13:39:00Z,2026-07-27T15:34:48Z,NOT_MEASURED,12,5,1,2,0,0,0,2,0,0,NONE,NOT_APPLICABLE,NONE (technical closure complete; Kanban already cancelled),No execution. Preserve cancelled status and the exact non-defect wording; do not rotate or create a handshake/rev secret.,Real credential work remains separate in ORQ-42/43/44 and ORQ-36,NONE for technical closure.,.deploy-control/p0/evidence/orq32-independent-closure-audit.md,c4172fb1fb0f1067c7256bcf3354a319d80a66d9c696f68e570b9f21132eef09,.deploy-control/p0/checkins/CHECKOUT__Antigravity__ORQ32-HANDSHAKE-TOKEN-ROTATION-RUNBOOK__20260727T133921Z.json,checkin,2026-07-27T13:39:21Z,1e2633e27b83180acafa06027e98e01e0d22fafb49fa69b92cf965a801dbf5f6,ACTIVE,release-ledger:v1:ORQ-32:1e2633e27b83180acafa06027e98e01e0d22fafb49fa69b92cf965a801dbf5f6
release-ledger.v1,2026-07-27T16:33:11Z,ORQ-32,cancelled,urgent,NONE,DONE_NONDEFECT_CANCELLED,Agy-P0-A8;Antigravity;Codex56#A;Kiro;Opus48#A,2026-07-27T13:39:00Z,2026-07-27T15:34:48Z,NOT_MEASURED,12,5,1,2,0,0,0,2,0,0,NONE,NOT_APPLICABLE,NONE (technical closure complete; Kanban already cancelled),No execution. Preserve cancelled status and the exact non-defect wording; do not rotate or create a handshake/rev secret.,Real credential work remains separate in ORQ-42/43/44 and ORQ-36,NONE for technical closure.,.deploy-control/p0/evidence/orq32-independent-closure-audit.md,c4172fb1fb0f1067c7256bcf3354a319d80a66d9c696f68e570b9f21132eef09,.deploy-control/p0/checkins/CHECKOUT__Agy-P0-A8__orq32-handshake-token-rotation-runbook-peer-review__20260727T133952Z.json,checkin,2026-07-27T13:39:52Z,e15afffa35e199e244682197b3e52c2c5730d04ed8a14ef2a9946662fad3dca9,ACTIVE,release-ledger:v1:ORQ-32:e15afffa35e199e244682197b3e52c2c5730d04ed8a14ef2a9946662fad3dca9
release-ledger.v1,2026-07-27T16:33:11Z,ORQ-32,cancelled,urgent,NONE,DONE_NONDEFECT_CANCELLED,Agy-P0-A8;Antigravity;Codex56#A;Kiro;Opus48#A,2026-07-27T13:39:00Z,2026-07-27T15:34:48Z,NOT_MEASURED,12,5,1,2,0,0,0,2,0,0,NONE,NOT_APPLICABLE,NONE (technical closure complete; Kanban already cancelled),No execution. Preserve cancelled status and the exact non-defect wording; do not rotate or create a handshake/rev secret.,Real credential work remains separate in ORQ-42/43/44 and ORQ-36,NONE for technical closure.,.deploy-control/p0/evidence/orq32-independent-closure-audit.md,c4172fb1fb0f1067c7256bcf3354a319d80a66d9c696f68e570b9f21132eef09,.deploy-control/p0/evidence/orq32-handshake-token-rotation-runbook-peer-review.md,evidence,2026-07-27T13:39:52Z,77f333f061766fc74369ac8bcebd6ba9125f168878e6b7318fd1f13e0503e805,ACTIVE,release-ledger:v1:ORQ-32:77f333f061766fc74369ac8bcebd6ba9125f168878e6b7318fd1f13e0503e805
release-ledger.v1,2026-07-27T16:33:11Z,ORQ-32,cancelled,urgent,NONE,DONE_NONDEFECT_CANCELLED,Agy-P0-A8;Antigravity;Codex56#A;Kiro;Opus48#A,2026-07-27T13:39:00Z,2026-07-27T15:34:48Z,NOT_MEASURED,12,5,1,2,0,0,0,2,0,0,NONE,NOT_APPLICABLE,NONE (technical closure complete; Kanban already cancelled),No execution. Preserve cancelled status and the exact non-defect wording; do not rotate or create a handshake/rev secret.,Real credential work remains separate in ORQ-42/43/44 and ORQ-36,NONE for technical closure.,.deploy-control/p0/evidence/orq32-independent-closure-audit.md,c4172fb1fb0f1067c7256bcf3354a319d80a66d9c696f68e570b9f21132eef09,.deploy-control/p0/checkins/CHECKOUT__Opus48#A__A__ORQ32-HANDSHAKE-ROTATION-SECOND-REVIEW__20260727T142200Z.json,checkin,2026-07-27T14:22:00Z,9fee6baa308839458a866fe91af3b56d66edddf6697ec68aeb6de56d2e417ed2,ACTIVE,release-ledger:v1:ORQ-32:9fee6baa308839458a866fe91af3b56d66edddf6697ec68aeb6de56d2e417ed2
release-ledger.v1,2026-07-27T16:33:11Z,ORQ-32,cancelled,urgent,NONE,DONE_NONDEFECT_CANCELLED,Agy-P0-A8;Antigravity;Codex56#A;Kiro;Opus48#A,2026-07-27T13:39:00Z,2026-07-27T15:34:48Z,NOT_MEASURED,12,5,1,2,0,0,0,2,0,0,NONE,NOT_APPLICABLE,NONE (technical closure complete; Kanban already cancelled),No execution. Preserve cancelled status and the exact non-defect wording; do not rotate or create a handshake/rev secret.,Real credential work remains separate in ORQ-42/43/44 and ORQ-36,NONE for technical closure.,.deploy-control/p0/evidence/orq32-independent-closure-audit.md,c4172fb1fb0f1067c7256bcf3354a319d80a66d9c696f68e570b9f21132eef09,.deploy-control/p0/evidence/orq32-handshake-rotation-second-review.md,evidence,2026-07-27T14:22:00Z,241c6f94afab102a2c94b318602624d94be534cbbaa3bbb8967cbeef376cf472,ACTIVE,release-ledger:v1:ORQ-32:241c6f94afab102a2c94b318602624d94be534cbbaa3bbb8967cbeef376cf472
release-ledger.v1,2026-07-27T16:33:11Z,ORQ-32,cancelled,urgent,NONE,DONE_NONDEFECT_CANCELLED,Agy-P0-A8;Antigravity;Codex56#A;Kiro;Opus48#A,2026-07-27T13:39:00Z,2026-07-27T15:34:48Z,NOT_MEASURED,12,5,1,2,0,0,0,2,0,0,NONE,NOT_APPLICABLE,NONE (technical closure complete; Kanban already cancelled),No execution. Preserve cancelled status and the exact non-defect wording; do not rotate or create a handshake/rev secret.,Real credential work remains separate in ORQ-42/43/44 and ORQ-36,NONE for technical closure.,.deploy-control/p0/evidence/orq32-independent-closure-audit.md,c4172fb1fb0f1067c7256bcf3354a319d80a66d9c696f68e570b9f21132eef09,.deploy-control/p0/evidence/orq32-handshake-token-discovery-map.md,evidence,2026-07-27T15:08:00Z,05662ead8d718e2a1ca3009c7aac2edb0ee010aaf20ac07c9c12053e68d66f73,ACTIVE,release-ledger:v1:ORQ-32:05662ead8d718e2a1ca3009c7aac2edb0ee010aaf20ac07c9c12053e68d66f73
release-ledger.v1,2026-07-27T16:33:11Z,ORQ-32,cancelled,urgent,NONE,DONE_NONDEFECT_CANCELLED,Agy-P0-A8;Antigravity;Codex56#A;Kiro;Opus48#A,2026-07-27T13:39:00Z,2026-07-27T15:34:48Z,NOT_MEASURED,12,5,1,2,0,0,0,2,0,0,NONE,NOT_APPLICABLE,NONE (technical closure complete; Kanban already cancelled),No execution. Preserve cancelled status and the exact non-defect wording; do not rotate or create a handshake/rev secret.,Real credential work remains separate in ORQ-42/43/44 and ORQ-36,NONE for technical closure.,.deploy-control/p0/evidence/orq32-independent-closure-audit.md,c4172fb1fb0f1067c7256bcf3354a319d80a66d9c696f68e570b9f21132eef09,.deploy-control/p0/checkins/CHECKOUT__Codex56-A__C__ORQ-32-HANDSHAKE-TOKEN-DISCOVERY__20260727T150900Z.json,checkin,2026-07-27T15:09:00Z,f75df6f4af3fdfc88c8dd68c878705cd67c0969b0cf96e499da928558ad9c428,ACTIVE,release-ledger:v1:ORQ-32:f75df6f4af3fdfc88c8dd68c878705cd67c0969b0cf96e499da928558ad9c428
release-ledger.v1,2026-07-27T16:33:11Z,ORQ-32,cancelled,urgent,NONE,DONE_NONDEFECT_CANCELLED,Agy-P0-A8;Antigravity;Codex56#A;Kiro;Opus48#A,2026-07-27T13:39:00Z,2026-07-27T15:34:48Z,NOT_MEASURED,12,5,1,2,0,0,0,2,0,0,NONE,NOT_APPLICABLE,NONE (technical closure complete; Kanban already cancelled),No execution. Preserve cancelled status and the exact non-defect wording; do not rotate or create a handshake/rev secret.,Real credential work remains separate in ORQ-42/43/44 and ORQ-36,NONE for technical closure.,.deploy-control/p0/evidence/orq32-independent-closure-audit.md,c4172fb1fb0f1067c7256bcf3354a319d80a66d9c696f68e570b9f21132eef09,.deploy-control/p0/evidence/orq32-33-related-secret-cards-triage.md,evidence,2026-07-27T15:12:00Z,0c2d56e7571f860095751ec6e656f5a53b69c2d689adfa80dc504b5edb68eb93,ACTIVE,release-ledger:v1:ORQ-32:0c2d56e7571f860095751ec6e656f5a53b69c2d689adfa80dc504b5edb68eb93
release-ledger.v1,2026-07-27T16:33:11Z,ORQ-32,cancelled,urgent,NONE,DONE_NONDEFECT_CANCELLED,Agy-P0-A8;Antigravity;Codex56#A;Kiro;Opus48#A,2026-07-27T13:39:00Z,2026-07-27T15:34:48Z,NOT_MEASURED,12,5,1,2,0,0,0,2,0,0,NONE,NOT_APPLICABLE,NONE (technical closure complete; Kanban already cancelled),No execution. Preserve cancelled status and the exact non-defect wording; do not rotate or create a handshake/rev secret.,Real credential work remains separate in ORQ-42/43/44 and ORQ-36,NONE for technical closure.,.deploy-control/p0/evidence/orq32-independent-closure-audit.md,c4172fb1fb0f1067c7256bcf3354a319d80a66d9c696f68e570b9f21132eef09,.deploy-control/p0/checkins/CHECKOUT__Codex56-A__C__ORQ-32-33-SECRET-CARDS-TRIAGE__20260727T151300Z.json,checkin,2026-07-27T15:13:00Z,a077a85f2d1aa1bca8a90ae672f9c49f41b0da8bb45125dd43b3a1e84398d6a9,ACTIVE,release-ledger:v1:ORQ-32:a077a85f2d1aa1bca8a90ae672f9c49f41b0da8bb45125dd43b3a1e84398d6a9
release-ledger.v1,2026-07-27T16:33:11Z,ORQ-32,cancelled,urgent,NONE,DONE_NONDEFECT_CANCELLED,Agy-P0-A8;Antigravity;Codex56#A;Kiro;Opus48#A,2026-07-27T13:39:00Z,2026-07-27T15:34:48Z,NOT_MEASURED,12,5,1,2,0,0,0,2,0,0,NONE,NOT_APPLICABLE,NONE (technical closure complete; Kanban already cancelled),No execution. Preserve cancelled status and the exact non-defect wording; do not rotate or create a handshake/rev secret.,Real credential work remains separate in ORQ-42/43/44 and ORQ-36,NONE for technical closure.,.deploy-control/p0/evidence/orq32-independent-closure-audit.md,c4172fb1fb0f1067c7256bcf3354a319d80a66d9c696f68e570b9f21132eef09,.deploy-control/p0/evidence/orq32-independent-closure-audit.md,evidence,2026-07-27T15:16:00Z,c4172fb1fb0f1067c7256bcf3354a319d80a66d9c696f68e570b9f21132eef09,ACTIVE,release-ledger:v1:ORQ-32:c4172fb1fb0f1067c7256bcf3354a319d80a66d9c696f68e570b9f21132eef09
release-ledger.v1,2026-07-27T16:33:11Z,ORQ-32,cancelled,urgent,NONE,DONE_NONDEFECT_CANCELLED,Agy-P0-A8;Antigravity;Codex56#A;Kiro;Opus48#A,2026-07-27T13:39:00Z,2026-07-27T15:34:48Z,NOT_MEASURED,12,5,1,2,0,0,0,2,0,0,NONE,NOT_APPLICABLE,NONE (technical closure complete; Kanban already cancelled),No execution. Preserve cancelled status and the exact non-defect wording; do not rotate or create a handshake/rev secret.,Real credential work remains separate in ORQ-42/43/44 and ORQ-36,NONE for technical closure.,.deploy-control/p0/evidence/orq32-independent-closure-audit.md,c4172fb1fb0f1067c7256bcf3354a319d80a66d9c696f68e570b9f21132eef09,.deploy-control/p0/checkins/CHECKOUT__Kiro__ORQ-32__NONDEFECT-CLOSURE__20260727T153448Z.json,checkin,2026-07-27T15:34:48Z,4b75e2c3907ac97ec42c7cc80adada882830bec6e1a70f33b9d34be1fcc986ba,ACTIVE,release-ledger:v1:ORQ-32:4b75e2c3907ac97ec42c7cc80adada882830bec6e1a70f33b9d34be1fcc986ba
release-ledger.v1,2026-07-27T16:33:11Z,ORQ-38,todo,high,NONE,REWORK_IMPLEMENTATION_UNCOMMITTED,Antigravity;Codex56#A,2026-07-27T13:41:00Z,2026-07-27T15:17:19Z,NOT_MEASURED,5,2,1,0,0,0,0,2,0,0,NONE,NOT_READY,ORQ-38 implementation owner (Kanban currently unassigned),"Freeze the six-file worktree delta into one reviewable commit, run the approved fail-closed server/client/CLI tests with explicit no-skip proof, then obtain independent review.",Independent of DB chain; must avoid ORQ-26 file locks,Six uncommitted files; plan PASS is not implementation PASS; original server-null-object defect was a non-defect.,.deploy-control/p0/evidence/orq38-get-issue-fail-closed-peer-review.md,5441f5c302934c0233928c929ed437f6aeb11a8c9e2e02f2e1160a96a9f64d08,.deploy-control/p0/evidence/orq38-issue-get-workspace-contract-audit.md,evidence,2026-07-27T13:41:00Z,4e955a7bfed1be5944b917c7f8582feb0e3e7274d911ed93fad06efde377abd5,ACTIVE,release-ledger:v1:ORQ-38:4e955a7bfed1be5944b917c7f8582feb0e3e7274d911ed93fad06efde377abd5
release-ledger.v1,2026-07-27T16:33:11Z,ORQ-38,todo,high,NONE,REWORK_IMPLEMENTATION_UNCOMMITTED,Antigravity;Codex56#A,2026-07-27T13:41:00Z,2026-07-27T15:17:19Z,NOT_MEASURED,5,2,1,0,0,0,0,2,0,0,NONE,NOT_READY,ORQ-38 implementation owner (Kanban currently unassigned),"Freeze the six-file worktree delta into one reviewable commit, run the approved fail-closed server/client/CLI tests with explicit no-skip proof, then obtain independent review.",Independent of DB chain; must avoid ORQ-26 file locks,Six uncommitted files; plan PASS is not implementation PASS; original server-null-object defect was a non-defect.,.deploy-control/p0/evidence/orq38-get-issue-fail-closed-peer-review.md,5441f5c302934c0233928c929ed437f6aeb11a8c9e2e02f2e1160a96a9f64d08,.deploy-control/p0/checkins/CHECKOUT__Codex56-A__C__ORQ-38-ISSUE-GET-CONTRACT-AUDIT__20260727T134200Z.json,checkin,2026-07-27T13:42:00Z,b51b25d0692f57213cd2ea1291696068f062e003ef39ced333cc852d816ed9d3,ACTIVE,release-ledger:v1:ORQ-38:b51b25d0692f57213cd2ea1291696068f062e003ef39ced333cc852d816ed9d3
release-ledger.v1,2026-07-27T16:33:11Z,ORQ-38,todo,high,NONE,REWORK_IMPLEMENTATION_UNCOMMITTED,Antigravity;Codex56#A,2026-07-27T13:41:00Z,2026-07-27T15:17:19Z,NOT_MEASURED,5,2,1,0,0,0,0,2,0,0,NONE,NOT_READY,ORQ-38 implementation owner (Kanban currently unassigned),"Freeze the six-file worktree delta into one reviewable commit, run the approved fail-closed server/client/CLI tests with explicit no-skip proof, then obtain independent review.",Independent of DB chain; must avoid ORQ-26 file locks,Six uncommitted files; plan PASS is not implementation PASS; original server-null-object defect was a non-defect.,.deploy-control/p0/evidence/orq38-get-issue-fail-closed-peer-review.md,5441f5c302934c0233928c929ed437f6aeb11a8c9e2e02f2e1160a96a9f64d08,.deploy-control/p0/evidence/orq38-get-issue-fail-closed-test-plan.md,evidence,2026-07-27T15:05:00Z,356f2c3d9b523876ea75301d3a88eaf756c2164782bafc85894cb35d6e635eef,ACTIVE,release-ledger:v1:ORQ-38:356f2c3d9b523876ea75301d3a88eaf756c2164782bafc85894cb35d6e635eef
release-ledger.v1,2026-07-27T16:33:11Z,ORQ-38,todo,high,NONE,REWORK_IMPLEMENTATION_UNCOMMITTED,Antigravity;Codex56#A,2026-07-27T13:41:00Z,2026-07-27T15:17:19Z,NOT_MEASURED,5,2,1,0,0,0,0,2,0,0,NONE,NOT_READY,ORQ-38 implementation owner (Kanban currently unassigned),"Freeze the six-file worktree delta into one reviewable commit, run the approved fail-closed server/client/CLI tests with explicit no-skip proof, then obtain independent review.",Independent of DB chain; must avoid ORQ-26 file locks,Six uncommitted files; plan PASS is not implementation PASS; original server-null-object defect was a non-defect.,.deploy-control/p0/evidence/orq38-get-issue-fail-closed-peer-review.md,5441f5c302934c0233928c929ed437f6aeb11a8c9e2e02f2e1160a96a9f64d08,.deploy-control/p0/evidence/orq38-get-issue-fail-closed-peer-review.md,evidence,2026-07-27T15:17:00Z,5441f5c302934c0233928c929ed437f6aeb11a8c9e2e02f2e1160a96a9f64d08,ACTIVE,release-ledger:v1:ORQ-38:5441f5c302934c0233928c929ed437f6aeb11a8c9e2e02f2e1160a96a9f64d08
release-ledger.v1,2026-07-27T16:33:11Z,ORQ-38,todo,high,NONE,REWORK_IMPLEMENTATION_UNCOMMITTED,Antigravity;Codex56#A,2026-07-27T13:41:00Z,2026-07-27T15:17:19Z,NOT_MEASURED,5,2,1,0,0,0,0,2,0,0,NONE,NOT_READY,ORQ-38 implementation owner (Kanban currently unassigned),"Freeze the six-file worktree delta into one reviewable commit, run the approved fail-closed server/client/CLI tests with explicit no-skip proof, then obtain independent review.",Independent of DB chain; must avoid ORQ-26 file locks,Six uncommitted files; plan PASS is not implementation PASS; original server-null-object defect was a non-defect.,.deploy-control/p0/evidence/orq38-get-issue-fail-closed-peer-review.md,5441f5c302934c0233928c929ed437f6aeb11a8c9e2e02f2e1160a96a9f64d08,.deploy-control/p0/checkins/CHECKOUT__Antigravity__ORQ38-GET-ISSUE-FAIL-CLOSED-PEER-REVIEW__20260727T151719Z.json,checkin,2026-07-27T15:17:19Z,52e600c46d145dc1eddeabd501b7e8c369dfd3dc2ce9069c6e509f7a160fecf8,ACTIVE,release-ledger:v1:ORQ-38:52e600c46d145dc1eddeabd501b7e8c369dfd3dc2ce9069c6e509f7a160fecf8
release-ledger.v1,2026-07-27T16:33:11Z,ORQ-39,blocked,high,NONE,BLOCK_REWORK,Agy-P0-A8;Antigravity;Codex56#A;Kiro;Opus48#B,2026-07-27T12:47:00Z,2026-07-27T16:10:09Z,NOT_MEASURED,16,7,1,2,4,0,0,2,1,0,NONE,NOT_READY,ORQ-39 V4 author for six fixes; General-TL for trigger ruling; ORQ-26 owner for shared-lock release,"Apply all six V4 fixes, align trigger with ephemeral push ruling, remove ORQ-26 lock collision, then obtain a fresh independent review before any workflow file or push.",ORQ-26 disposition/lock -> ORQ-39 browser QA gate,Latest independent review BLOCK; six workflow defects; ambiguous partial effects from cancelled task; owner authorization still required.,.deploy-control/p0/evidence/orq39-browser-qa-v4-peer-review.md,8d8f96089ee08d5833e1adfee0bab17a445cbde99994a10c2bac8a744da08e80,.deploy-control/p0/checkins/HOLD__Opus48-B__BROWSER-QA__ORQ31-CITATION-INVALID__20260727T124700Z.json,checkin,2026-07-27T12:47:00Z,9013b8c16fca73c0b1761870d2ac4a3dd99ebf90d3744b5a0060f8aacdd282e9,ACTIVE,release-ledger:v1:ORQ-39:9013b8c16fca73c0b1761870d2ac4a3dd99ebf90d3744b5a0060f8aacdd282e9
release-ledger.v1,2026-07-27T16:33:11Z,ORQ-39,blocked,high,NONE,BLOCK_REWORK,Agy-P0-A8;Antigravity;Codex56#A;Kiro;Opus48#B,2026-07-27T12:47:00Z,2026-07-27T16:10:09Z,NOT_MEASURED,16,7,1,2,4,0,0,2,1,0,NONE,NOT_READY,ORQ-39 V4 author for six fixes; General-TL for trigger ruling; ORQ-26 owner for shared-lock release,"Apply all six V4 fixes, align trigger with ephemeral push ruling, remove ORQ-26 lock collision, then obtain a fresh independent review before any workflow file or push.",ORQ-26 disposition/lock -> ORQ-39 browser QA gate,Latest independent review BLOCK; six workflow defects; ambiguous partial effects from cancelled task; owner authorization still required.,.deploy-control/p0/evidence/orq39-browser-qa-v4-peer-review.md,8d8f96089ee08d5833e1adfee0bab17a445cbde99994a10c2bac8a744da08e80,.deploy-control/p0/checkins/CHECKOUT__Opus48-B__ORQ-31__GTL-ORQ31-V2-PLAN-CORRECTION__20260727T125200Z.json,checkin,2026-07-27T12:52:00Z,46f84a943c3fb10114d53278d0539cc9939d3aa78daf303d7b254a22dd067d07,ACTIVE,release-ledger:v1:ORQ-39:46f84a943c3fb10114d53278d0539cc9939d3aa78daf303d7b254a22dd067d07
release-ledger.v1,2026-07-27T16:33:11Z,ORQ-39,blocked,high,NONE,BLOCK_REWORK,Agy-P0-A8;Antigravity;Codex56#A;Kiro;Opus48#B,2026-07-27T12:47:00Z,2026-07-27T16:10:09Z,NOT_MEASURED,16,7,1,2,4,0,0,2,1,0,NONE,NOT_READY,ORQ-39 V4 author for six fixes; General-TL for trigger ruling; ORQ-26 owner for shared-lock release,"Apply all six V4 fixes, align trigger with ephemeral push ruling, remove ORQ-26 lock collision, then obtain a fresh independent review before any workflow file or push.",ORQ-26 disposition/lock -> ORQ-39 browser QA gate,Latest independent review BLOCK; six workflow defects; ambiguous partial effects from cancelled task; owner authorization still required.,.deploy-control/p0/evidence/orq39-browser-qa-v4-peer-review.md,8d8f96089ee08d5833e1adfee0bab17a445cbde99994a10c2bac8a744da08e80,.deploy-control/p0/checkins/CHECKOUT__Codex56-A__C__GTL-K05-BROWSER-QA-CARD-REGISTRATION__20260727T125500Z.json,checkin,2026-07-27T12:55:00Z,1e73f438636b64e3732c6de0711a49d164ead76082883a9c1763473c162fb6e1,ACTIVE,release-ledger:v1:ORQ-39:1e73f438636b64e3732c6de0711a49d164ead76082883a9c1763473c162fb6e1
release-ledger.v1,2026-07-27T16:33:11Z,ORQ-39,blocked,high,NONE,BLOCK_REWORK,Agy-P0-A8;Antigravity;Codex56#A;Kiro;Opus48#B,2026-07-27T12:47:00Z,2026-07-27T16:10:09Z,NOT_MEASURED,16,7,1,2,4,0,0,2,1,0,NONE,NOT_READY,ORQ-39 V4 author for six fixes; General-TL for trigger ruling; ORQ-26 owner for shared-lock release,"Apply all six V4 fixes, align trigger with ephemeral push ruling, remove ORQ-26 lock collision, then obtain a fresh independent review before any workflow file or push.",ORQ-26 disposition/lock -> ORQ-39 browser QA gate,Latest independent review BLOCK; six workflow defects; ambiguous partial effects from cancelled task; owner authorization still required.,.deploy-control/p0/evidence/orq39-browser-qa-v4-peer-review.md,8d8f96089ee08d5833e1adfee0bab17a445cbde99994a10c2bac8a744da08e80,.deploy-control/p0/checkins/CHECKOUT__Opus48-B__ORQ-39__ORQ39-CITATION-REPAIR-ONLY__20260727T130400Z.json,checkin,2026-07-27T13:04:00Z,ee90afc241e996d4955aeb2fd6bfe4f8e9985a52949b2f8c9a0a048603e5f9cb,ACTIVE,release-ledger:v1:ORQ-39:ee90afc241e996d4955aeb2fd6bfe4f8e9985a52949b2f8c9a0a048603e5f9cb
release-ledger.v1,2026-07-27T16:33:11Z,ORQ-39,blocked,high,NONE,BLOCK_REWORK,Agy-P0-A8;Antigravity;Codex56#A;Kiro;Opus48#B,2026-07-27T12:47:00Z,2026-07-27T16:10:09Z,NOT_MEASURED,16,7,1,2,4,0,0,2,1,0,NONE,NOT_READY,ORQ-39 V4 author for six fixes; General-TL for trigger ruling; ORQ-26 owner for shared-lock release,"Apply all six V4 fixes, align trigger with ephemeral push ruling, remove ORQ-26 lock collision, then obtain a fresh independent review before any workflow file or push.",ORQ-26 disposition/lock -> ORQ-39 browser QA gate,Latest independent review BLOCK; six workflow defects; ambiguous partial effects from cancelled task; owner authorization still required.,.deploy-control/p0/evidence/orq39-browser-qa-v4-peer-review.md,8d8f96089ee08d5833e1adfee0bab17a445cbde99994a10c2bac8a744da08e80,.deploy-control/p0/evidence/gtl-orq39-browser-qa-v2-peer-review.md,evidence,2026-07-27T13:05:00Z,7223e2fd10c538e0d1f3eff7d5627f74643d41e323080b9d382b216428be0ca9,ACTIVE,release-ledger:v1:ORQ-39:7223e2fd10c538e0d1f3eff7d5627f74643d41e323080b9d382b216428be0ca9
release-ledger.v1,2026-07-27T16:33:11Z,ORQ-39,blocked,high,NONE,BLOCK_REWORK,Agy-P0-A8;Antigravity;Codex56#A;Kiro;Opus48#B,2026-07-27T12:47:00Z,2026-07-27T16:10:09Z,NOT_MEASURED,16,7,1,2,4,0,0,2,1,0,NONE,NOT_READY,ORQ-39 V4 author for six fixes; General-TL for trigger ruling; ORQ-26 owner for shared-lock release,"Apply all six V4 fixes, align trigger with ephemeral push ruling, remove ORQ-26 lock collision, then obtain a fresh independent review before any workflow file or push.",ORQ-26 disposition/lock -> ORQ-39 browser QA gate,Latest independent review BLOCK; six workflow defects; ambiguous partial effects from cancelled task; owner authorization still required.,.deploy-control/p0/evidence/orq39-browser-qa-v4-peer-review.md,8d8f96089ee08d5833e1adfee0bab17a445cbde99994a10c2bac8a744da08e80,.deploy-control/p0/checkins/ACK__Opus48-B__ORQ-39__ASSIGNMENT-COMMENT-FREEZE__20260727T130900Z.json,checkin,2026-07-27T13:09:00Z,a0946165c7abfd082927db47c38269df41f56a69cdbbd922248b793d5ee84365,ACTIVE,release-ledger:v1:ORQ-39:a0946165c7abfd082927db47c38269df41f56a69cdbbd922248b793d5ee84365
release-ledger.v1,2026-07-27T16:33:11Z,ORQ-39,blocked,high,NONE,BLOCK_REWORK,Agy-P0-A8;Antigravity;Codex56#A;Kiro;Opus48#B,2026-07-27T12:47:00Z,2026-07-27T16:10:09Z,NOT_MEASURED,16,7,1,2,4,0,0,2,1,0,NONE,NOT_READY,ORQ-39 V4 author for six fixes; General-TL for trigger ruling; ORQ-26 owner for shared-lock release,"Apply all six V4 fixes, align trigger with ephemeral push ruling, remove ORQ-26 lock collision, then obtain a fresh independent review before any workflow file or push.",ORQ-26 disposition/lock -> ORQ-39 browser QA gate,Latest independent review BLOCK; six workflow defects; ambiguous partial effects from cancelled task; owner authorization still required.,.deploy-control/p0/evidence/orq39-browser-qa-v4-peer-review.md,8d8f96089ee08d5833e1adfee0bab17a445cbde99994a10c2bac8a744da08e80,.deploy-control/p0/checkins/REVIEW__Opus48-B__ORQ-39__DESIGN-PASS-CORRECTIONS-QUEUED__20260727T131400Z.json,checkin,2026-07-27T13:14:00Z,c707a7cc2c09fa211bdec3062885b3bc85079991c0f8cb9ef1f2e806e167acd8,ACTIVE,release-ledger:v1:ORQ-39:c707a7cc2c09fa211bdec3062885b3bc85079991c0f8cb9ef1f2e806e167acd8
release-ledger.v1,2026-07-27T16:33:11Z,ORQ-39,blocked,high,NONE,BLOCK_REWORK,Agy-P0-A8;Antigravity;Codex56#A;Kiro;Opus48#B,2026-07-27T12:47:00Z,2026-07-27T16:10:09Z,NOT_MEASURED,16,7,1,2,4,0,0,2,1,0,NONE,NOT_READY,ORQ-39 V4 author for six fixes; General-TL for trigger ruling; ORQ-26 owner for shared-lock release,"Apply all six V4 fixes, align trigger with ephemeral push ruling, remove ORQ-26 lock collision, then obtain a fresh independent review before any workflow file or push.",ORQ-26 disposition/lock -> ORQ-39 browser QA gate,Latest independent review BLOCK; six workflow defects; ambiguous partial effects from cancelled task; owner authorization still required.,.deploy-control/p0/evidence/orq39-browser-qa-v4-peer-review.md,8d8f96089ee08d5833e1adfee0bab17a445cbde99994a10c2bac8a744da08e80,.deploy-control/p0/checkins/CHECKOUT__Agy-P0-A8__orq39-browser-qa-plan-v3__20260727T150513Z.json,checkin,2026-07-27T15:05:13Z,1e82751581239d2e5bdd324555fa1f927a1445928a3d87b6efdfa5f0d2391c2e,ACTIVE,release-ledger:v1:ORQ-39:1e82751581239d2e5bdd324555fa1f927a1445928a3d87b6efdfa5f0d2391c2e
release-ledger.v1,2026-07-27T16:33:11Z,ORQ-39,blocked,high,NONE,BLOCK_REWORK,Agy-P0-A8;Antigravity;Codex56#A;Kiro;Opus48#B,2026-07-27T12:47:00Z,2026-07-27T16:10:09Z,NOT_MEASURED,16,7,1,2,4,0,0,2,1,0,NONE,NOT_READY,ORQ-39 V4 author for six fixes; General-TL for trigger ruling; ORQ-26 owner for shared-lock release,"Apply all six V4 fixes, align trigger with ephemeral push ruling, remove ORQ-26 lock collision, then obtain a fresh independent review before any workflow file or push.",ORQ-26 disposition/lock -> ORQ-39 browser QA gate,Latest independent review BLOCK; six workflow defects; ambiguous partial effects from cancelled task; owner authorization still required.,.deploy-control/p0/evidence/orq39-browser-qa-v4-peer-review.md,8d8f96089ee08d5833e1adfee0bab17a445cbde99994a10c2bac8a744da08e80,.deploy-control/p0/evidence/orq39-browser-qa-plan-v3.md,evidence,2026-07-27T15:05:13Z,bf2cf56592948b519fcfbd919501a266d3f3398e8b448ab4f9562e3c67e8a29b,ACTIVE,release-ledger:v1:ORQ-39:bf2cf56592948b519fcfbd919501a266d3f3398e8b448ab4f9562e3c67e8a29b
release-ledger.v1,2026-07-27T16:33:11Z,ORQ-39,blocked,high,NONE,BLOCK_REWORK,Agy-P0-A8;Antigravity;Codex56#A;Kiro;Opus48#B,2026-07-27T12:47:00Z,2026-07-27T16:10:09Z,NOT_MEASURED,16,7,1,2,4,0,0,2,1,0,NONE,NOT_READY,ORQ-39 V4 author for six fixes; General-TL for trigger ruling; ORQ-26 owner for shared-lock release,"Apply all six V4 fixes, align trigger with ephemeral push ruling, remove ORQ-26 lock collision, then obtain a fresh independent review before any workflow file or push.",ORQ-26 disposition/lock -> ORQ-39 browser QA gate,Latest independent review BLOCK; six workflow defects; ambiguous partial effects from cancelled task; owner authorization still required.,.deploy-control/p0/evidence/orq39-browser-qa-v4-peer-review.md,8d8f96089ee08d5833e1adfee0bab17a445cbde99994a10c2bac8a744da08e80,.deploy-control/p0/evidence/orq39-browser-qa-v4-amendment-design.md,evidence,2026-07-27T15:35:00Z,67dd5d652636187731df44d62706dda1e65e5ee0a2ff19962adb1d771652ed3c,ACTIVE,release-ledger:v1:ORQ-39:67dd5d652636187731df44d62706dda1e65e5ee0a2ff19962adb1d771652ed3c
release-ledger.v1,2026-07-27T16:33:11Z,ORQ-39,blocked,high,NONE,BLOCK_REWORK,Agy-P0-A8;Antigravity;Codex56#A;Kiro;Opus48#B,2026-07-27T12:47:00Z,2026-07-27T16:10:09Z,NOT_MEASURED,16,7,1,2,4,0,0,2,1,0,NONE,NOT_READY,ORQ-39 V4 author for six fixes; General-TL for trigger ruling; ORQ-26 owner for shared-lock release,"Apply all six V4 fixes, align trigger with ephemeral push ruling, remove ORQ-26 lock collision, then obtain a fresh independent review before any workflow file or push.",ORQ-26 disposition/lock -> ORQ-39 browser QA gate,Latest independent review BLOCK; six workflow defects; ambiguous partial effects from cancelled task; owner authorization still required.,.deploy-control/p0/evidence/orq39-browser-qa-v4-peer-review.md,8d8f96089ee08d5833e1adfee0bab17a445cbde99994a10c2bac8a744da08e80,.deploy-control/p0/checkins/CHECKOUT__Antigravity__ORQ39-BROWSER-QA-V4-AMENDMENT-DESIGN__20260727T153550Z.json,checkin,2026-07-27T15:35:50Z,c628308298a5be9175b2b63ab15160106ad441108752027c147b92751fb34dc5,ACTIVE,release-ledger:v1:ORQ-39:c628308298a5be9175b2b63ab15160106ad441108752027c147b92751fb34dc5
release-ledger.v1,2026-07-27T16:33:11Z,ORQ-39,blocked,high,NONE,BLOCK_REWORK,Agy-P0-A8;Antigravity;Codex56#A;Kiro;Opus48#B,2026-07-27T12:47:00Z,2026-07-27T16:10:09Z,NOT_MEASURED,16,7,1,2,4,0,0,2,1,0,NONE,NOT_READY,ORQ-39 V4 author for six fixes; General-TL for trigger ruling; ORQ-26 owner for shared-lock release,"Apply all six V4 fixes, align trigger with ephemeral push ruling, remove ORQ-26 lock collision, then obtain a fresh independent review before any workflow file or push.",ORQ-26 disposition/lock -> ORQ-39 browser QA gate,Latest independent review BLOCK; six workflow defects; ambiguous partial effects from cancelled task; owner authorization still required.,.deploy-control/p0/evidence/orq39-browser-qa-v4-peer-review.md,8d8f96089ee08d5833e1adfee0bab17a445cbde99994a10c2bac8a744da08e80,.deploy-control/p0/evidence/orq39-browser-qa-v4-peer-review.md,evidence,2026-07-27T15:43:00Z,8d8f96089ee08d5833e1adfee0bab17a445cbde99994a10c2bac8a744da08e80,ACTIVE,release-ledger:v1:ORQ-39:8d8f96089ee08d5833e1adfee0bab17a445cbde99994a10c2bac8a744da08e80
release-ledger.v1,2026-07-27T16:33:11Z,ORQ-39,blocked,high,NONE,BLOCK_REWORK,Agy-P0-A8;Antigravity;Codex56#A;Kiro;Opus48#B,2026-07-27T12:47:00Z,2026-07-27T16:10:09Z,NOT_MEASURED,16,7,1,2,4,0,0,2,1,0,NONE,NOT_READY,ORQ-39 V4 author for six fixes; General-TL for trigger ruling; ORQ-26 owner for shared-lock release,"Apply all six V4 fixes, align trigger with ephemeral push ruling, remove ORQ-26 lock collision, then obtain a fresh independent review before any workflow file or push.",ORQ-26 disposition/lock -> ORQ-39 browser QA gate,Latest independent review BLOCK; six workflow defects; ambiguous partial effects from cancelled task; owner authorization still required.,.deploy-control/p0/evidence/orq39-browser-qa-v4-peer-review.md,8d8f96089ee08d5833e1adfee0bab17a445cbde99994a10c2bac8a744da08e80,.deploy-control/p0/checkins/CHECKOUT__Codex56-A__C__ORQ-39-V4-PEER-REVIEW__20260727T154400Z.json,checkin,2026-07-27T15:44:00Z,9ac47b4c78304f02d0dce39d607a04877fa14bd58847d5ce0a03c4ba7457c281,ACTIVE,release-ledger:v1:ORQ-39:9ac47b4c78304f02d0dce39d607a04877fa14bd58847d5ce0a03c4ba7457c281
release-ledger.v1,2026-07-27T16:33:11Z,ORQ-39,blocked,high,NONE,BLOCK_REWORK,Agy-P0-A8;Antigravity;Codex56#A;Kiro;Opus48#B,2026-07-27T12:47:00Z,2026-07-27T16:10:09Z,NOT_MEASURED,16,7,1,2,4,0,0,2,1,0,NONE,NOT_READY,ORQ-39 V4 author for six fixes; General-TL for trigger ruling; ORQ-26 owner for shared-lock release,"Apply all six V4 fixes, align trigger with ephemeral push ruling, remove ORQ-26 lock collision, then obtain a fresh independent review before any workflow file or push.",ORQ-26 disposition/lock -> ORQ-39 browser QA gate,Latest independent review BLOCK; six workflow defects; ambiguous partial effects from cancelled task; owner authorization still required.,.deploy-control/p0/evidence/orq39-browser-qa-v4-peer-review.md,8d8f96089ee08d5833e1adfee0bab17a445cbde99994a10c2bac8a744da08e80,.deploy-control/p0/checkins/CHECKOUT__Kiro__ORQ-39__ORQ39-BROWSER-QA-V5-CORRECTION__20260727T161009Z.json,checkin,2026-07-27T16:10:09Z,056e46548304aa46692aabf26648004d0c838638a293e49ee94e77e3346be0f4,ACTIVE,release-ledger:v1:ORQ-39:056e46548304aa46692aabf26648004d0c838638a293e49ee94e77e3346be0f4
release-ledger.v1,2026-07-27T16:33:11Z,ORQ-39,blocked,high,NONE,BLOCK_REWORK,Agy-P0-A8;Antigravity;Codex56#A;Kiro;Opus48#B,2026-07-27T12:47:00Z,2026-07-27T16:10:09Z,NOT_MEASURED,16,7,1,2,4,0,0,2,1,0,NONE,NOT_READY,ORQ-39 V4 author for six fixes; General-TL for trigger ruling; ORQ-26 owner for shared-lock release,"Apply all six V4 fixes, align trigger with ephemeral push ruling, remove ORQ-26 lock collision, then obtain a fresh independent review before any workflow file or push.",ORQ-26 disposition/lock -> ORQ-39 browser QA gate,Latest independent review BLOCK; six workflow defects; ambiguous partial effects from cancelled task; owner authorization still required.,.deploy-control/p0/evidence/orq39-browser-qa-v4-peer-review.md,8d8f96089ee08d5833e1adfee0bab17a445cbde99994a10c2bac8a744da08e80,.deploy-control/p0/evidence/orq39-browser-qa-plan-v3-independent-peer-review.md,evidence,NOT_MEASURED,5e8ed0b2bc9335287193818753d72156290c2b592415331b1c8c1d9a7846169c,ACTIVE,release-ledger:v1:ORQ-39:5e8ed0b2bc9335287193818753d72156290c2b592415331b1c8c1d9a7846169c
release-ledger.v1,2026-07-27T16:33:11Z,ORQ-39,blocked,high,NONE,BLOCK_REWORK,Agy-P0-A8;Antigravity;Codex56#A;Kiro;Opus48#B,2026-07-27T12:47:00Z,2026-07-27T16:10:09Z,NOT_MEASURED,16,7,1,2,4,0,0,2,1,0,NONE,NOT_READY,ORQ-39 V4 author for six fixes; General-TL for trigger ruling; ORQ-26 owner for shared-lock release,"Apply all six V4 fixes, align trigger with ephemeral push ruling, remove ORQ-26 lock collision, then obtain a fresh independent review before any workflow file or push.",ORQ-26 disposition/lock -> ORQ-39 browser QA gate,Latest independent review BLOCK; six workflow defects; ambiguous partial effects from cancelled task; owner authorization still required.,.deploy-control/p0/evidence/orq39-browser-qa-v4-peer-review.md,8d8f96089ee08d5833e1adfee0bab17a445cbde99994a10c2bac8a744da08e80,.deploy-control/p0/evidence/orq39-browser-qa-v5-correction.md,evidence,NOT_MEASURED,5f2bf39c86fbe62f10d17cd8b9561871b9e3285d4a9c1ad05d95307a74b55add,ACTIVE,release-ledger:v1:ORQ-39:5f2bf39c86fbe62f10d17cd8b9561871b9e3285d4a9c1ad05d95307a74b55add
release-ledger.v1,2026-07-27T16:33:11Z,ORQ-41,todo,high,NONE,CODE_PASS_EVIDENCE_GATE_RUNNING,Agy-P0-A8;Antigravity;Codex56#A;Codex56#B;Codex56-Z;Opus48#A,2026-07-27T13:07:00Z,2026-07-27T16:33:11Z,NOT_MEASURED,49,29,7,11,6,2,1,12,2,0,e0b0155d0f0d46a9da3724ecbfc51a5167bd2ebe (CODE_PASS; supersedes c047c0b7ed710f260e76a6ee50257b2a5f96dc70),NOT_READY,Private ephemeral-DB gate executor and independent evidence reviewer; LANE-DB/W2 owners for later armed behavior,"Run the already-authorized exact private DB-backed handler race gate now; require all three exact named PASS lines and zero `Skipping tests:` output, remove private caches afterward, then submit immutable output for independent evidence acceptance.",ORQ-13 SQLC/DB lane -> ORQ-41 generated/persistence work,"Storage containment is complete: root 93->89%, /tmp 97->5%, memory available 7.7G, swap used 4.0->1.5G; no worktree/evidence/credential deletion. The evidence gate is running. Merge remains blocked until the exact three nominal PASS plus zero-skip output is independently accepted.",.deploy-control/p0/evidence/orq41-w4-e0b0155-adversarial-review.md,c53b5a9fdee8f02945f4e49934a65f357c4fa4d4dccc28bf1f30b93753adc48b,.deploy-control/p0/checkins/CHECKOUT__Codex56-A__C__GTL-K08-DOC-COMMENT-SAFETY-CARD__20260727T130700Z.json,checkin,2026-07-27T13:07:00Z,8d21a3999d5218eb0ee19dacfb1c0ee13eaa8b7f4959d36dd7ae7908b3f13aea,ACTIVE,release-ledger:v1:ORQ-41:8d21a3999d5218eb0ee19dacfb1c0ee13eaa8b7f4959d36dd7ae7908b3f13aea
release-ledger.v1,2026-07-27T16:33:11Z,ORQ-41,todo,high,NONE,CODE_PASS_EVIDENCE_GATE_RUNNING,Agy-P0-A8;Antigravity;Codex56#A;Codex56#B;Codex56-Z;Opus48#A,2026-07-27T13:07:00Z,2026-07-27T16:33:11Z,NOT_MEASURED,49,29,7,11,6,2,1,12,2,0,e0b0155d0f0d46a9da3724ecbfc51a5167bd2ebe (CODE_PASS; supersedes c047c0b7ed710f260e76a6ee50257b2a5f96dc70),NOT_READY,Private ephemeral-DB gate executor and independent evidence reviewer; LANE-DB/W2 owners for later armed behavior,"Run the already-authorized exact private DB-backed handler race gate now; require all three exact named PASS lines and zero `Skipping tests:` output, remove private caches afterward, then submit immutable output for independent evidence acceptance.",ORQ-13 SQLC/DB lane -> ORQ-41 generated/persistence work,"Storage containment is complete: root 93->89%, /tmp 97->5%, memory available 7.7G, swap used 4.0->1.5G; no worktree/evidence/credential deletion. The evidence gate is running. Merge remains blocked until the exact three nominal PASS plus zero-skip output is independently accepted.",.deploy-control/p0/evidence/orq41-w4-e0b0155-adversarial-review.md,c53b5a9fdee8f02945f4e49934a65f357c4fa4d4dccc28bf1f30b93753adc48b,.deploy-control/p0/checkins/CHECKOUT__Codex56-A__C__ORQ-41-EMERGENCY-CONTAINMENT__20260727T130900Z.json,checkin,2026-07-27T13:09:00Z,4b28488fe5676273d723b8f495ce057fe794a460d33753189970c1893460c9cc,ACTIVE,release-ledger:v1:ORQ-41:4b28488fe5676273d723b8f495ce057fe794a460d33753189970c1893460c9cc
release-ledger.v1,2026-07-27T16:33:11Z,ORQ-41,todo,high,NONE,CODE_PASS_EVIDENCE_GATE_RUNNING,Agy-P0-A8;Antigravity;Codex56#A;Codex56#B;Codex56-Z;Opus48#A,2026-07-27T13:07:00Z,2026-07-27T16:33:11Z,NOT_MEASURED,49,29,7,11,6,2,1,12,2,0,e0b0155d0f0d46a9da3724ecbfc51a5167bd2ebe (CODE_PASS; supersedes c047c0b7ed710f260e76a6ee50257b2a5f96dc70),NOT_READY,Private ephemeral-DB gate executor and independent evidence reviewer; LANE-DB/W2 owners for later armed behavior,"Run the already-authorized exact private DB-backed handler race gate now; require all three exact named PASS lines and zero `Skipping tests:` output, remove private caches afterward, then submit immutable output for independent evidence acceptance.",ORQ-13 SQLC/DB lane -> ORQ-41 generated/persistence work,"Storage containment is complete: root 93->89%, /tmp 97->5%, memory available 7.7G, swap used 4.0->1.5G; no worktree/evidence/credential deletion. The evidence gate is running. Merge remains blocked until the exact three nominal PASS plus zero-skip output is independently accepted.",.deploy-control/p0/evidence/orq41-w4-e0b0155-adversarial-review.md,c53b5a9fdee8f02945f4e49934a65f357c4fa4d4dccc28bf1f30b93753adc48b,.deploy-control/p0/checkins/CHECKOUT__Codex56-B__ORQ-41-INDEPENDENT-CANCELLATION-MONITOR__20260727T131102Z.json,checkin,2026-07-27T13:11:02Z,1858bdae57a1d4c37f394675ce4027203ffff58d56770f1f2c73c5267699c5b2,ACTIVE,release-ledger:v1:ORQ-41:1858bdae57a1d4c37f394675ce4027203ffff58d56770f1f2c73c5267699c5b2
release-ledger.v1,2026-07-27T16:33:11Z,ORQ-41,todo,high,NONE,CODE_PASS_EVIDENCE_GATE_RUNNING,Agy-P0-A8;Antigravity;Codex56#A;Codex56#B;Codex56-Z;Opus48#A,2026-07-27T13:07:00Z,2026-07-27T16:33:11Z,NOT_MEASURED,49,29,7,11,6,2,1,12,2,0,e0b0155d0f0d46a9da3724ecbfc51a5167bd2ebe (CODE_PASS; supersedes c047c0b7ed710f260e76a6ee50257b2a5f96dc70),NOT_READY,Private ephemeral-DB gate executor and independent evidence reviewer; LANE-DB/W2 owners for later armed behavior,"Run the already-authorized exact private DB-backed handler race gate now; require all three exact named PASS lines and zero `Skipping tests:` output, remove private caches afterward, then submit immutable output for independent evidence acceptance.",ORQ-13 SQLC/DB lane -> ORQ-41 generated/persistence work,"Storage containment is complete: root 93->89%, /tmp 97->5%, memory available 7.7G, swap used 4.0->1.5G; no worktree/evidence/credential deletion. The evidence gate is running. Merge remains blocked until the exact three nominal PASS plus zero-skip output is independently accepted.",.deploy-control/p0/evidence/orq41-w4-e0b0155-adversarial-review.md,c53b5a9fdee8f02945f4e49934a65f357c4fa4d4dccc28bf1f30b93753adc48b,.deploy-control/p0/checkins/CHECKOUT__Codex56-A__C__ORQ-41-STATUS-RECONCILIATION__20260727T131400Z.json,checkin,2026-07-27T13:14:00Z,9ff27dfdc124b37d220d7c39e158fc0f15923f6253d7bf760ebfce828e3ea97e,ACTIVE,release-ledger:v1:ORQ-41:9ff27dfdc124b37d220d7c39e158fc0f15923f6253d7bf760ebfce828e3ea97e
release-ledger.v1,2026-07-27T16:33:11Z,ORQ-41,todo,high,NONE,CODE_PASS_EVIDENCE_GATE_RUNNING,Agy-P0-A8;Antigravity;Codex56#A;Codex56#B;Codex56-Z;Opus48#A,2026-07-27T13:07:00Z,2026-07-27T16:33:11Z,NOT_MEASURED,49,29,7,11,6,2,1,12,2,0,e0b0155d0f0d46a9da3724ecbfc51a5167bd2ebe (CODE_PASS; supersedes c047c0b7ed710f260e76a6ee50257b2a5f96dc70),NOT_READY,Private ephemeral-DB gate executor and independent evidence reviewer; LANE-DB/W2 owners for later armed behavior,"Run the already-authorized exact private DB-backed handler race gate now; require all three exact named PASS lines and zero `Skipping tests:` output, remove private caches afterward, then submit immutable output for independent evidence acceptance.",ORQ-13 SQLC/DB lane -> ORQ-41 generated/persistence work,"Storage containment is complete: root 93->89%, /tmp 97->5%, memory available 7.7G, swap used 4.0->1.5G; no worktree/evidence/credential deletion. The evidence gate is running. Merge remains blocked until the exact three nominal PASS plus zero-skip output is independently accepted.",.deploy-control/p0/evidence/orq41-w4-e0b0155-adversarial-review.md,c53b5a9fdee8f02945f4e49934a65f357c4fa4d4dccc28bf1f30b93753adc48b,.deploy-control/p0/checkins/CHECKOUT__Codex56-A__C__ORQ-41-TITLE-RECONCILIATION__20260727T132130Z.json,checkin,2026-07-27T13:21:30Z,3dfb22fe208ff11f3a717f90c909007c1e6ba28030521ce81d5d065162b1aa7f,ACTIVE,release-ledger:v1:ORQ-41:3dfb22fe208ff11f3a717f90c909007c1e6ba28030521ce81d5d065162b1aa7f
release-ledger.v1,2026-07-27T16:33:11Z,ORQ-41,todo,high,NONE,CODE_PASS_EVIDENCE_GATE_RUNNING,Agy-P0-A8;Antigravity;Codex56#A;Codex56#B;Codex56-Z;Opus48#A,2026-07-27T13:07:00Z,2026-07-27T16:33:11Z,NOT_MEASURED,49,29,7,11,6,2,1,12,2,0,e0b0155d0f0d46a9da3724ecbfc51a5167bd2ebe (CODE_PASS; supersedes c047c0b7ed710f260e76a6ee50257b2a5f96dc70),NOT_READY,Private ephemeral-DB gate executor and independent evidence reviewer; LANE-DB/W2 owners for later armed behavior,"Run the already-authorized exact private DB-backed handler race gate now; require all three exact named PASS lines and zero `Skipping tests:` output, remove private caches afterward, then submit immutable output for independent evidence acceptance.",ORQ-13 SQLC/DB lane -> ORQ-41 generated/persistence work,"Storage containment is complete: root 93->89%, /tmp 97->5%, memory available 7.7G, swap used 4.0->1.5G; no worktree/evidence/credential deletion. The evidence gate is running. Merge remains blocked until the exact three nominal PASS plus zero-skip output is independently accepted.",.deploy-control/p0/evidence/orq41-w4-e0b0155-adversarial-review.md,c53b5a9fdee8f02945f4e49934a65f357c4fa4d4dccc28bf1f30b93753adc48b,.deploy-control/p0/checkins/CHECKOUT__Opus48#A__A__ORQ41-EXEC-TRIGGER-DECOUPLING__20260727T132200Z.json,checkin,2026-07-27T13:22:00Z,e79f56801adf84ba709c60133db8e7968ff7a73557f529f2180aea779f414842,ACTIVE,release-ledger:v1:ORQ-41:e79f56801adf84ba709c60133db8e7968ff7a73557f529f2180aea779f414842
release-ledger.v1,2026-07-27T16:33:11Z,ORQ-41,todo,high,NONE,CODE_PASS_EVIDENCE_GATE_RUNNING,Agy-P0-A8;Antigravity;Codex56#A;Codex56#B;Codex56-Z;Opus48#A,2026-07-27T13:07:00Z,2026-07-27T16:33:11Z,NOT_MEASURED,49,29,7,11,6,2,1,12,2,0,e0b0155d0f0d46a9da3724ecbfc51a5167bd2ebe (CODE_PASS; supersedes c047c0b7ed710f260e76a6ee50257b2a5f96dc70),NOT_READY,Private ephemeral-DB gate executor and independent evidence reviewer; LANE-DB/W2 owners for later armed behavior,"Run the already-authorized exact private DB-backed handler race gate now; require all three exact named PASS lines and zero `Skipping tests:` output, remove private caches afterward, then submit immutable output for independent evidence acceptance.",ORQ-13 SQLC/DB lane -> ORQ-41 generated/persistence work,"Storage containment is complete: root 93->89%, /tmp 97->5%, memory available 7.7G, swap used 4.0->1.5G; no worktree/evidence/credential deletion. The evidence gate is running. Merge remains blocked until the exact three nominal PASS plus zero-skip output is independently accepted.",.deploy-control/p0/evidence/orq41-w4-e0b0155-adversarial-review.md,c53b5a9fdee8f02945f4e49934a65f357c4fa4d4dccc28bf1f30b93753adc48b,.deploy-control/p0/evidence/orq41-execution-trigger-decoupling-design.md,evidence,2026-07-27T13:22:00Z,a8f76ad0f6ef706f2ba0e08b2a91597c26fd5b8557aec311d21301f1af9b6bf0,ACTIVE,release-ledger:v1:ORQ-41:a8f76ad0f6ef706f2ba0e08b2a91597c26fd5b8557aec311d21301f1af9b6bf0
release-ledger.v1,2026-07-27T16:33:11Z,ORQ-41,todo,high,NONE,CODE_PASS_EVIDENCE_GATE_RUNNING,Agy-P0-A8;Antigravity;Codex56#A;Codex56#B;Codex56-Z;Opus48#A,2026-07-27T13:07:00Z,2026-07-27T16:33:11Z,NOT_MEASURED,49,29,7,11,6,2,1,12,2,0,e0b0155d0f0d46a9da3724ecbfc51a5167bd2ebe (CODE_PASS; supersedes c047c0b7ed710f260e76a6ee50257b2a5f96dc70),NOT_READY,Private ephemeral-DB gate executor and independent evidence reviewer; LANE-DB/W2 owners for later armed behavior,"Run the already-authorized exact private DB-backed handler race gate now; require all three exact named PASS lines and zero `Skipping tests:` output, remove private caches afterward, then submit immutable output for independent evidence acceptance.",ORQ-13 SQLC/DB lane -> ORQ-41 generated/persistence work,"Storage containment is complete: root 93->89%, /tmp 97->5%, memory available 7.7G, swap used 4.0->1.5G; no worktree/evidence/credential deletion. The evidence gate is running. Merge remains blocked until the exact three nominal PASS plus zero-skip output is independently accepted.",.deploy-control/p0/evidence/orq41-w4-e0b0155-adversarial-review.md,c53b5a9fdee8f02945f4e49934a65f357c4fa4d4dccc28bf1f30b93753adc48b,.deploy-control/p0/checkins/Antigravity__ORQ-41__GTL-R41-DECOUPLING-PEER-REVIEW__20260727T132226Z.json,checkin,2026-07-27T13:22:26Z,c4fe23af6620aab1cae23e559c740d4d203a932da72bfd33ef573767ffbe710e,ACTIVE,release-ledger:v1:ORQ-41:c4fe23af6620aab1cae23e559c740d4d203a932da72bfd33ef573767ffbe710e
release-ledger.v1,2026-07-27T16:33:11Z,ORQ-41,todo,high,NONE,CODE_PASS_EVIDENCE_GATE_RUNNING,Agy-P0-A8;Antigravity;Codex56#A;Codex56#B;Codex56-Z;Opus48#A,2026-07-27T13:07:00Z,2026-07-27T16:33:11Z,NOT_MEASURED,49,29,7,11,6,2,1,12,2,0,e0b0155d0f0d46a9da3724ecbfc51a5167bd2ebe (CODE_PASS; supersedes c047c0b7ed710f260e76a6ee50257b2a5f96dc70),NOT_READY,Private ephemeral-DB gate executor and independent evidence reviewer; LANE-DB/W2 owners for later armed behavior,"Run the already-authorized exact private DB-backed handler race gate now; require all three exact named PASS lines and zero `Skipping tests:` output, remove private caches afterward, then submit immutable output for independent evidence acceptance.",ORQ-13 SQLC/DB lane -> ORQ-41 generated/persistence work,"Storage containment is complete: root 93->89%, /tmp 97->5%, memory available 7.7G, swap used 4.0->1.5G; no worktree/evidence/credential deletion. The evidence gate is running. Merge remains blocked until the exact three nominal PASS plus zero-skip output is independently accepted.",.deploy-control/p0/evidence/orq41-w4-e0b0155-adversarial-review.md,c53b5a9fdee8f02945f4e49934a65f357c4fa4d4dccc28bf1f30b93753adc48b,.deploy-control/p0/evidence/orq41-execution-trigger-decoupling-peer-review.md,evidence,2026-07-27T13:23:00Z,e896cb93093ae3b8ff883c5163b1c203b82ceaa860de8fc451959d09116fe34c,ACTIVE,release-ledger:v1:ORQ-41:e896cb93093ae3b8ff883c5163b1c203b82ceaa860de8fc451959d09116fe34c
release-ledger.v1,2026-07-27T16:33:11Z,ORQ-41,todo,high,NONE,CODE_PASS_EVIDENCE_GATE_RUNNING,Agy-P0-A8;Antigravity;Codex56#A;Codex56#B;Codex56-Z;Opus48#A,2026-07-27T13:07:00Z,2026-07-27T16:33:11Z,NOT_MEASURED,49,29,7,11,6,2,1,12,2,0,e0b0155d0f0d46a9da3724ecbfc51a5167bd2ebe (CODE_PASS; supersedes c047c0b7ed710f260e76a6ee50257b2a5f96dc70),NOT_READY,Private ephemeral-DB gate executor and independent evidence reviewer; LANE-DB/W2 owners for later armed behavior,"Run the already-authorized exact private DB-backed handler race gate now; require all three exact named PASS lines and zero `Skipping tests:` output, remove private caches afterward, then submit immutable output for independent evidence acceptance.",ORQ-13 SQLC/DB lane -> ORQ-41 generated/persistence work,"Storage containment is complete: root 93->89%, /tmp 97->5%, memory available 7.7G, swap used 4.0->1.5G; no worktree/evidence/credential deletion. The evidence gate is running. Merge remains blocked until the exact three nominal PASS plus zero-skip output is independently accepted.",.deploy-control/p0/evidence/orq41-w4-e0b0155-adversarial-review.md,c53b5a9fdee8f02945f4e49934a65f357c4fa4d4dccc28bf1f30b93753adc48b,.deploy-control/p0/checkins/Antigravity__ORQ-41__GTL-R41P-PRODUCT-RULING-ADDENDUM__20260727T132317Z.json,checkin,2026-07-27T13:23:17Z,2aff44bf46072c4571a81a7cb9497a9f5c06c2168511c81fb6ca22cb9c01fd60,ACTIVE,release-ledger:v1:ORQ-41:2aff44bf46072c4571a81a7cb9497a9f5c06c2168511c81fb6ca22cb9c01fd60
release-ledger.v1,2026-07-27T16:33:11Z,ORQ-41,todo,high,NONE,CODE_PASS_EVIDENCE_GATE_RUNNING,Agy-P0-A8;Antigravity;Codex56#A;Codex56#B;Codex56-Z;Opus48#A,2026-07-27T13:07:00Z,2026-07-27T16:33:11Z,NOT_MEASURED,49,29,7,11,6,2,1,12,2,0,e0b0155d0f0d46a9da3724ecbfc51a5167bd2ebe (CODE_PASS; supersedes c047c0b7ed710f260e76a6ee50257b2a5f96dc70),NOT_READY,Private ephemeral-DB gate executor and independent evidence reviewer; LANE-DB/W2 owners for later armed behavior,"Run the already-authorized exact private DB-backed handler race gate now; require all three exact named PASS lines and zero `Skipping tests:` output, remove private caches afterward, then submit immutable output for independent evidence acceptance.",ORQ-13 SQLC/DB lane -> ORQ-41 generated/persistence work,"Storage containment is complete: root 93->89%, /tmp 97->5%, memory available 7.7G, swap used 4.0->1.5G; no worktree/evidence/credential deletion. The evidence gate is running. Merge remains blocked until the exact three nominal PASS plus zero-skip output is independently accepted.",.deploy-control/p0/evidence/orq41-w4-e0b0155-adversarial-review.md,c53b5a9fdee8f02945f4e49934a65f357c4fa4d4dccc28bf1f30b93753adc48b,.deploy-control/p0/checkins/Antigravity__ORQ-41__GTL-R41V2-DECOUPLING-RE-REVIEW__20260727T132712Z.json,checkin,2026-07-27T13:27:12Z,004207ec65307d1c97322665f5e5436d92944ff2148a8ff4f99d1970db9b61ee,ACTIVE,release-ledger:v1:ORQ-41:004207ec65307d1c97322665f5e5436d92944ff2148a8ff4f99d1970db9b61ee
release-ledger.v1,2026-07-27T16:33:11Z,ORQ-41,todo,high,NONE,CODE_PASS_EVIDENCE_GATE_RUNNING,Agy-P0-A8;Antigravity;Codex56#A;Codex56#B;Codex56-Z;Opus48#A,2026-07-27T13:07:00Z,2026-07-27T16:33:11Z,NOT_MEASURED,49,29,7,11,6,2,1,12,2,0,e0b0155d0f0d46a9da3724ecbfc51a5167bd2ebe (CODE_PASS; supersedes c047c0b7ed710f260e76a6ee50257b2a5f96dc70),NOT_READY,Private ephemeral-DB gate executor and independent evidence reviewer; LANE-DB/W2 owners for later armed behavior,"Run the already-authorized exact private DB-backed handler race gate now; require all three exact named PASS lines and zero `Skipping tests:` output, remove private caches afterward, then submit immutable output for independent evidence acceptance.",ORQ-13 SQLC/DB lane -> ORQ-41 generated/persistence work,"Storage containment is complete: root 93->89%, /tmp 97->5%, memory available 7.7G, swap used 4.0->1.5G; no worktree/evidence/credential deletion. The evidence gate is running. Merge remains blocked until the exact three nominal PASS plus zero-skip output is independently accepted.",.deploy-control/p0/evidence/orq41-w4-e0b0155-adversarial-review.md,c53b5a9fdee8f02945f4e49934a65f357c4fa4d4dccc28bf1f30b93753adc48b,.deploy-control/p0/checkins/CHECKOUT__Opus48#A__A__ORQ41-DECOUPLING-V2__20260727T133200Z.json,checkin,2026-07-27T13:32:00Z,96bba6288645509d55501dc6fb9a9d582514bb0f3f18cdb2018739d30e917af3,ACTIVE,release-ledger:v1:ORQ-41:96bba6288645509d55501dc6fb9a9d582514bb0f3f18cdb2018739d30e917af3
release-ledger.v1,2026-07-27T16:33:11Z,ORQ-41,todo,high,NONE,CODE_PASS_EVIDENCE_GATE_RUNNING,Agy-P0-A8;Antigravity;Codex56#A;Codex56#B;Codex56-Z;Opus48#A,2026-07-27T13:07:00Z,2026-07-27T16:33:11Z,NOT_MEASURED,49,29,7,11,6,2,1,12,2,0,e0b0155d0f0d46a9da3724ecbfc51a5167bd2ebe (CODE_PASS; supersedes c047c0b7ed710f260e76a6ee50257b2a5f96dc70),NOT_READY,Private ephemeral-DB gate executor and independent evidence reviewer; LANE-DB/W2 owners for later armed behavior,"Run the already-authorized exact private DB-backed handler race gate now; require all three exact named PASS lines and zero `Skipping tests:` output, remove private caches afterward, then submit immutable output for independent evidence acceptance.",ORQ-13 SQLC/DB lane -> ORQ-41 generated/persistence work,"Storage containment is complete: root 93->89%, /tmp 97->5%, memory available 7.7G, swap used 4.0->1.5G; no worktree/evidence/credential deletion. The evidence gate is running. Merge remains blocked until the exact three nominal PASS plus zero-skip output is independently accepted.",.deploy-control/p0/evidence/orq41-w4-e0b0155-adversarial-review.md,c53b5a9fdee8f02945f4e49934a65f357c4fa4d4dccc28bf1f30b93753adc48b,.deploy-control/p0/checkins/CHECKOUT__Opus48#A__A__ORQ41-IMPLEMENTATION-WAVE-PLAN__20260727T134400Z.json,checkin,2026-07-27T13:44:00Z,19c21bfe966e3412937aeaa0da91f612ce12c76941b9da44e2c9a59479f5f22e,ACTIVE,release-ledger:v1:ORQ-41:19c21bfe966e3412937aeaa0da91f612ce12c76941b9da44e2c9a59479f5f22e
release-ledger.v1,2026-07-27T16:33:11Z,ORQ-41,todo,high,NONE,CODE_PASS_EVIDENCE_GATE_RUNNING,Agy-P0-A8;Antigravity;Codex56#A;Codex56#B;Codex56-Z;Opus48#A,2026-07-27T13:07:00Z,2026-07-27T16:33:11Z,NOT_MEASURED,49,29,7,11,6,2,1,12,2,0,e0b0155d0f0d46a9da3724ecbfc51a5167bd2ebe (CODE_PASS; supersedes c047c0b7ed710f260e76a6ee50257b2a5f96dc70),NOT_READY,Private ephemeral-DB gate executor and independent evidence reviewer; LANE-DB/W2 owners for later armed behavior,"Run the already-authorized exact private DB-backed handler race gate now; require all three exact named PASS lines and zero `Skipping tests:` output, remove private caches afterward, then submit immutable output for independent evidence acceptance.",ORQ-13 SQLC/DB lane -> ORQ-41 generated/persistence work,"Storage containment is complete: root 93->89%, /tmp 97->5%, memory available 7.7G, swap used 4.0->1.5G; no worktree/evidence/credential deletion. The evidence gate is running. Merge remains blocked until the exact three nominal PASS plus zero-skip output is independently accepted.",.deploy-control/p0/evidence/orq41-w4-e0b0155-adversarial-review.md,c53b5a9fdee8f02945f4e49934a65f357c4fa4d4dccc28bf1f30b93753adc48b,.deploy-control/p0/evidence/orq41-implementation-wave-plan.md,evidence,2026-07-27T13:44:00Z,687cf3c4d4c0b404b495e65ce3f611decad7ae784b7ee594e280e0de9b71629f,ACTIVE,release-ledger:v1:ORQ-41:687cf3c4d4c0b404b495e65ce3f611decad7ae784b7ee594e280e0de9b71629f
release-ledger.v1,2026-07-27T16:33:11Z,ORQ-41,todo,high,NONE,CODE_PASS_EVIDENCE_GATE_RUNNING,Agy-P0-A8;Antigravity;Codex56#A;Codex56#B;Codex56-Z;Opus48#A,2026-07-27T13:07:00Z,2026-07-27T16:33:11Z,NOT_MEASURED,49,29,7,11,6,2,1,12,2,0,e0b0155d0f0d46a9da3724ecbfc51a5167bd2ebe (CODE_PASS; supersedes c047c0b7ed710f260e76a6ee50257b2a5f96dc70),NOT_READY,Private ephemeral-DB gate executor and independent evidence reviewer; LANE-DB/W2 owners for later armed behavior,"Run the already-authorized exact private DB-backed handler race gate now; require all three exact named PASS lines and zero `Skipping tests:` output, remove private caches afterward, then submit immutable output for independent evidence acceptance.",ORQ-13 SQLC/DB lane -> ORQ-41 generated/persistence work,"Storage containment is complete: root 93->89%, /tmp 97->5%, memory available 7.7G, swap used 4.0->1.5G; no worktree/evidence/credential deletion. The evidence gate is running. Merge remains blocked until the exact three nominal PASS plus zero-skip output is independently accepted.",.deploy-control/p0/evidence/orq41-w4-e0b0155-adversarial-review.md,c53b5a9fdee8f02945f4e49934a65f357c4fa4d4dccc28bf1f30b93753adc48b,.deploy-control/p0/evidence/orq41-migration-reservation-audit.md,evidence,2026-07-27T13:45:00Z,d52dc3c3611f49ec8d6ceeecc6b26749cecc4fa6b44b6509a56fb0bbb4104bd0,ACTIVE,release-ledger:v1:ORQ-41:d52dc3c3611f49ec8d6ceeecc6b26749cecc4fa6b44b6509a56fb0bbb4104bd0
release-ledger.v1,2026-07-27T16:33:11Z,ORQ-41,todo,high,NONE,CODE_PASS_EVIDENCE_GATE_RUNNING,Agy-P0-A8;Antigravity;Codex56#A;Codex56#B;Codex56-Z;Opus48#A,2026-07-27T13:07:00Z,2026-07-27T16:33:11Z,NOT_MEASURED,49,29,7,11,6,2,1,12,2,0,e0b0155d0f0d46a9da3724ecbfc51a5167bd2ebe (CODE_PASS; supersedes c047c0b7ed710f260e76a6ee50257b2a5f96dc70),NOT_READY,Private ephemeral-DB gate executor and independent evidence reviewer; LANE-DB/W2 owners for later armed behavior,"Run the already-authorized exact private DB-backed handler race gate now; require all three exact named PASS lines and zero `Skipping tests:` output, remove private caches afterward, then submit immutable output for independent evidence acceptance.",ORQ-13 SQLC/DB lane -> ORQ-41 generated/persistence work,"Storage containment is complete: root 93->89%, /tmp 97->5%, memory available 7.7G, swap used 4.0->1.5G; no worktree/evidence/credential deletion. The evidence gate is running. Merge remains blocked until the exact three nominal PASS plus zero-skip output is independently accepted.",.deploy-control/p0/evidence/orq41-w4-e0b0155-adversarial-review.md,c53b5a9fdee8f02945f4e49934a65f357c4fa4d4dccc28bf1f30b93753adc48b,.deploy-control/p0/checkins/CHECKOUT__Codex56-Z__Z03__ORQ-41-UNINTENDED-TASK-FORENSIC-AUDIT__20260727T140021Z.json,checkin,2026-07-27T14:00:21Z,6bd9e56de07e25066d6facebe71f5ff8810ad0c2cdd045d419e3949d33721487,ACTIVE,release-ledger:v1:ORQ-41:6bd9e56de07e25066d6facebe71f5ff8810ad0c2cdd045d419e3949d33721487
release-ledger.v1,2026-07-27T16:33:11Z,ORQ-41,todo,high,NONE,CODE_PASS_EVIDENCE_GATE_RUNNING,Agy-P0-A8;Antigravity;Codex56#A;Codex56#B;Codex56-Z;Opus48#A,2026-07-27T13:07:00Z,2026-07-27T16:33:11Z,NOT_MEASURED,49,29,7,11,6,2,1,12,2,0,e0b0155d0f0d46a9da3724ecbfc51a5167bd2ebe (CODE_PASS; supersedes c047c0b7ed710f260e76a6ee50257b2a5f96dc70),NOT_READY,Private ephemeral-DB gate executor and independent evidence reviewer; LANE-DB/W2 owners for later armed behavior,"Run the already-authorized exact private DB-backed handler race gate now; require all three exact named PASS lines and zero `Skipping tests:` output, remove private caches afterward, then submit immutable output for independent evidence acceptance.",ORQ-13 SQLC/DB lane -> ORQ-41 generated/persistence work,"Storage containment is complete: root 93->89%, /tmp 97->5%, memory available 7.7G, swap used 4.0->1.5G; no worktree/evidence/credential deletion. The evidence gate is running. Merge remains blocked until the exact three nominal PASS plus zero-skip output is independently accepted.",.deploy-control/p0/evidence/orq41-w4-e0b0155-adversarial-review.md,c53b5a9fdee8f02945f4e49934a65f357c4fa4d4dccc28bf1f30b93753adc48b,.deploy-control/p0/checkins/CHECKOUT__Agy-P0-A8__orq41-implementation-wave-plan-peer-review__20260727T141410Z.json,checkin,2026-07-27T14:14:10Z,f5fc7f363a1a5bb3ebd2ae25e7a0fb3d9d06ec5b91ceca0d74c7afbf3611a5c6,ACTIVE,release-ledger:v1:ORQ-41:f5fc7f363a1a5bb3ebd2ae25e7a0fb3d9d06ec5b91ceca0d74c7afbf3611a5c6
release-ledger.v1,2026-07-27T16:33:11Z,ORQ-41,todo,high,NONE,CODE_PASS_EVIDENCE_GATE_RUNNING,Agy-P0-A8;Antigravity;Codex56#A;Codex56#B;Codex56-Z;Opus48#A,2026-07-27T13:07:00Z,2026-07-27T16:33:11Z,NOT_MEASURED,49,29,7,11,6,2,1,12,2,0,e0b0155d0f0d46a9da3724ecbfc51a5167bd2ebe (CODE_PASS; supersedes c047c0b7ed710f260e76a6ee50257b2a5f96dc70),NOT_READY,Private ephemeral-DB gate executor and independent evidence reviewer; LANE-DB/W2 owners for later armed behavior,"Run the already-authorized exact private DB-backed handler race gate now; require all three exact named PASS lines and zero `Skipping tests:` output, remove private caches afterward, then submit immutable output for independent evidence acceptance.",ORQ-13 SQLC/DB lane -> ORQ-41 generated/persistence work,"Storage containment is complete: root 93->89%, /tmp 97->5%, memory available 7.7G, swap used 4.0->1.5G; no worktree/evidence/credential deletion. The evidence gate is running. Merge remains blocked until the exact three nominal PASS plus zero-skip output is independently accepted.",.deploy-control/p0/evidence/orq41-w4-e0b0155-adversarial-review.md,c53b5a9fdee8f02945f4e49934a65f357c4fa4d4dccc28bf1f30b93753adc48b,.deploy-control/p0/checkins/CHECKOUT__Codex56-B__ORQ-41-IMPLEMENTATION-WAVE-PLAN-PEER-REVIEW__20260727T141721Z.json,checkin,2026-07-27T14:17:21Z,86b4f7602eeb826d2a0d771c2410af95db8586aec98931a3e4a44e15edba2a0e,ACTIVE,release-ledger:v1:ORQ-41:86b4f7602eeb826d2a0d771c2410af95db8586aec98931a3e4a44e15edba2a0e
release-ledger.v1,2026-07-27T16:33:11Z,ORQ-41,todo,high,NONE,CODE_PASS_EVIDENCE_GATE_RUNNING,Agy-P0-A8;Antigravity;Codex56#A;Codex56#B;Codex56-Z;Opus48#A,2026-07-27T13:07:00Z,2026-07-27T16:33:11Z,NOT_MEASURED,49,29,7,11,6,2,1,12,2,0,e0b0155d0f0d46a9da3724ecbfc51a5167bd2ebe (CODE_PASS; supersedes c047c0b7ed710f260e76a6ee50257b2a5f96dc70),NOT_READY,Private ephemeral-DB gate executor and independent evidence reviewer; LANE-DB/W2 owners for later armed behavior,"Run the already-authorized exact private DB-backed handler race gate now; require all three exact named PASS lines and zero `Skipping tests:` output, remove private caches afterward, then submit immutable output for independent evidence acceptance.",ORQ-13 SQLC/DB lane -> ORQ-41 generated/persistence work,"Storage containment is complete: root 93->89%, /tmp 97->5%, memory available 7.7G, swap used 4.0->1.5G; no worktree/evidence/credential deletion. The evidence gate is running. Merge remains blocked until the exact three nominal PASS plus zero-skip output is independently accepted.",.deploy-control/p0/evidence/orq41-w4-e0b0155-adversarial-review.md,c53b5a9fdee8f02945f4e49934a65f357c4fa4d4dccc28bf1f30b93753adc48b,.deploy-control/p0/evidence/orq41-implementation-wave-plan-peer-review.md,evidence,2026-07-27T14:17:21Z,41e0d651d2db67ca2e01693cdd94cc16dd0368a7b439be69632178e943f8d32b,ACTIVE,release-ledger:v1:ORQ-41:41e0d651d2db67ca2e01693cdd94cc16dd0368a7b439be69632178e943f8d32b
release-ledger.v1,2026-07-27T16:33:11Z,ORQ-41,todo,high,NONE,CODE_PASS_EVIDENCE_GATE_RUNNING,Agy-P0-A8;Antigravity;Codex56#A;Codex56#B;Codex56-Z;Opus48#A,2026-07-27T13:07:00Z,2026-07-27T16:33:11Z,NOT_MEASURED,49,29,7,11,6,2,1,12,2,0,e0b0155d0f0d46a9da3724ecbfc51a5167bd2ebe (CODE_PASS; supersedes c047c0b7ed710f260e76a6ee50257b2a5f96dc70),NOT_READY,Private ephemeral-DB gate executor and independent evidence reviewer; LANE-DB/W2 owners for later armed behavior,"Run the already-authorized exact private DB-backed handler race gate now; require all three exact named PASS lines and zero `Skipping tests:` output, remove private caches afterward, then submit immutable output for independent evidence acceptance.",ORQ-13 SQLC/DB lane -> ORQ-41 generated/persistence work,"Storage containment is complete: root 93->89%, /tmp 97->5%, memory available 7.7G, swap used 4.0->1.5G; no worktree/evidence/credential deletion. The evidence gate is running. Merge remains blocked until the exact three nominal PASS plus zero-skip output is independently accepted.",.deploy-control/p0/evidence/orq41-w4-e0b0155-adversarial-review.md,c53b5a9fdee8f02945f4e49934a65f357c4fa4d4dccc28bf1f30b93753adc48b,.deploy-control/p0/checkins/Antigravity__ORQ-41__V2-WAVES-CHECKLIST-PREP__20260727T141954Z.json,checkin,2026-07-27T14:19:54Z,56fe013d59a3651a1ecb97a6db1f3e04a8af1b58b86fe2207f3061e16c6ac9ef,ACTIVE,release-ledger:v1:ORQ-41:56fe013d59a3651a1ecb97a6db1f3e04a8af1b58b86fe2207f3061e16c6ac9ef
release-ledger.v1,2026-07-27T16:33:11Z,ORQ-41,todo,high,NONE,CODE_PASS_EVIDENCE_GATE_RUNNING,Agy-P0-A8;Antigravity;Codex56#A;Codex56#B;Codex56-Z;Opus48#A,2026-07-27T13:07:00Z,2026-07-27T16:33:11Z,NOT_MEASURED,49,29,7,11,6,2,1,12,2,0,e0b0155d0f0d46a9da3724ecbfc51a5167bd2ebe (CODE_PASS; supersedes c047c0b7ed710f260e76a6ee50257b2a5f96dc70),NOT_READY,Private ephemeral-DB gate executor and independent evidence reviewer; LANE-DB/W2 owners for later armed behavior,"Run the already-authorized exact private DB-backed handler race gate now; require all three exact named PASS lines and zero `Skipping tests:` output, remove private caches afterward, then submit immutable output for independent evidence acceptance.",ORQ-13 SQLC/DB lane -> ORQ-41 generated/persistence work,"Storage containment is complete: root 93->89%, /tmp 97->5%, memory available 7.7G, swap used 4.0->1.5G; no worktree/evidence/credential deletion. The evidence gate is running. Merge remains blocked until the exact three nominal PASS plus zero-skip output is independently accepted.",.deploy-control/p0/evidence/orq41-w4-e0b0155-adversarial-review.md,c53b5a9fdee8f02945f4e49934a65f357c4fa4d4dccc28bf1f30b93753adc48b,.deploy-control/p0/evidence/orq41-independent-audit-migration-reserve-vs-sqlc-split.md,evidence,2026-07-27T14:20:00Z,ea8dcf5e8f4414a15d4659102d29bce80b1541b949b25918b243d0aaee9f62f1,ACTIVE,release-ledger:v1:ORQ-41:ea8dcf5e8f4414a15d4659102d29bce80b1541b949b25918b243d0aaee9f62f1
release-ledger.v1,2026-07-27T16:33:11Z,ORQ-41,todo,high,NONE,CODE_PASS_EVIDENCE_GATE_RUNNING,Agy-P0-A8;Antigravity;Codex56#A;Codex56#B;Codex56-Z;Opus48#A,2026-07-27T13:07:00Z,2026-07-27T16:33:11Z,NOT_MEASURED,49,29,7,11,6,2,1,12,2,0,e0b0155d0f0d46a9da3724ecbfc51a5167bd2ebe (CODE_PASS; supersedes c047c0b7ed710f260e76a6ee50257b2a5f96dc70),NOT_READY,Private ephemeral-DB gate executor and independent evidence reviewer; LANE-DB/W2 owners for later armed behavior,"Run the already-authorized exact private DB-backed handler race gate now; require all three exact named PASS lines and zero `Skipping tests:` output, remove private caches afterward, then submit immutable output for independent evidence acceptance.",ORQ-13 SQLC/DB lane -> ORQ-41 generated/persistence work,"Storage containment is complete: root 93->89%, /tmp 97->5%, memory available 7.7G, swap used 4.0->1.5G; no worktree/evidence/credential deletion. The evidence gate is running. Merge remains blocked until the exact three nominal PASS plus zero-skip output is independently accepted.",.deploy-control/p0/evidence/orq41-w4-e0b0155-adversarial-review.md,c53b5a9fdee8f02945f4e49934a65f357c4fa4d4dccc28bf1f30b93753adc48b,.deploy-control/p0/evidence/orq41-v2-waves-re-review-checklist.md,evidence,2026-07-27T14:20:00Z,50947b1e06e5bd261b4ca60921972f3a763acdd6f23d1dce1725d69dd5f5454e,ACTIVE,release-ledger:v1:ORQ-41:50947b1e06e5bd261b4ca60921972f3a763acdd6f23d1dce1725d69dd5f5454e
release-ledger.v1,2026-07-27T16:33:11Z,ORQ-41,todo,high,NONE,CODE_PASS_EVIDENCE_GATE_RUNNING,Agy-P0-A8;Antigravity;Codex56#A;Codex56#B;Codex56-Z;Opus48#A,2026-07-27T13:07:00Z,2026-07-27T16:33:11Z,NOT_MEASURED,49,29,7,11,6,2,1,12,2,0,e0b0155d0f0d46a9da3724ecbfc51a5167bd2ebe (CODE_PASS; supersedes c047c0b7ed710f260e76a6ee50257b2a5f96dc70),NOT_READY,Private ephemeral-DB gate executor and independent evidence reviewer; LANE-DB/W2 owners for later armed behavior,"Run the already-authorized exact private DB-backed handler race gate now; require all three exact named PASS lines and zero `Skipping tests:` output, remove private caches afterward, then submit immutable output for independent evidence acceptance.",ORQ-13 SQLC/DB lane -> ORQ-41 generated/persistence work,"Storage containment is complete: root 93->89%, /tmp 97->5%, memory available 7.7G, swap used 4.0->1.5G; no worktree/evidence/credential deletion. The evidence gate is running. Merge remains blocked until the exact three nominal PASS plus zero-skip output is independently accepted.",.deploy-control/p0/evidence/orq41-w4-e0b0155-adversarial-review.md,c53b5a9fdee8f02945f4e49934a65f357c4fa4d4dccc28bf1f30b93753adc48b,.deploy-control/p0/checkins/CHECKOUT__Codex56-A__C__ORQ-41-INDEPENDENT-AUDIT-MIGRATION-SQLC__20260727T142100Z.json,checkin,2026-07-27T14:21:00Z,548718a095130a0fd3829920cf07c89573f88e10722c810e1475c6d661ebdfd9,ACTIVE,release-ledger:v1:ORQ-41:548718a095130a0fd3829920cf07c89573f88e10722c810e1475c6d661ebdfd9
release-ledger.v1,2026-07-27T16:33:11Z,ORQ-41,todo,high,NONE,CODE_PASS_EVIDENCE_GATE_RUNNING,Agy-P0-A8;Antigravity;Codex56#A;Codex56#B;Codex56-Z;Opus48#A,2026-07-27T13:07:00Z,2026-07-27T16:33:11Z,NOT_MEASURED,49,29,7,11,6,2,1,12,2,0,e0b0155d0f0d46a9da3724ecbfc51a5167bd2ebe (CODE_PASS; supersedes c047c0b7ed710f260e76a6ee50257b2a5f96dc70),NOT_READY,Private ephemeral-DB gate executor and independent evidence reviewer; LANE-DB/W2 owners for later armed behavior,"Run the already-authorized exact private DB-backed handler race gate now; require all three exact named PASS lines and zero `Skipping tests:` output, remove private caches afterward, then submit immutable output for independent evidence acceptance.",ORQ-13 SQLC/DB lane -> ORQ-41 generated/persistence work,"Storage containment is complete: root 93->89%, /tmp 97->5%, memory available 7.7G, swap used 4.0->1.5G; no worktree/evidence/credential deletion. The evidence gate is running. Merge remains blocked until the exact three nominal PASS plus zero-skip output is independently accepted.",.deploy-control/p0/evidence/orq41-w4-e0b0155-adversarial-review.md,c53b5a9fdee8f02945f4e49934a65f357c4fa4d4dccc28bf1f30b93753adc48b,.deploy-control/p0/checkins/Antigravity__ORQ-41__V2-WAVES-CHECKLIST-AUDIT__20260727T142341Z.json,checkin,2026-07-27T14:23:41Z,8a4c4aec9ceb128eba5a7e0cf20538004d9714ec03d33e1087fa819bcc5f29a2,ACTIVE,release-ledger:v1:ORQ-41:8a4c4aec9ceb128eba5a7e0cf20538004d9714ec03d33e1087fa819bcc5f29a2
release-ledger.v1,2026-07-27T16:33:11Z,ORQ-41,todo,high,NONE,CODE_PASS_EVIDENCE_GATE_RUNNING,Agy-P0-A8;Antigravity;Codex56#A;Codex56#B;Codex56-Z;Opus48#A,2026-07-27T13:07:00Z,2026-07-27T16:33:11Z,NOT_MEASURED,49,29,7,11,6,2,1,12,2,0,e0b0155d0f0d46a9da3724ecbfc51a5167bd2ebe (CODE_PASS; supersedes c047c0b7ed710f260e76a6ee50257b2a5f96dc70),NOT_READY,Private ephemeral-DB gate executor and independent evidence reviewer; LANE-DB/W2 owners for later armed behavior,"Run the already-authorized exact private DB-backed handler race gate now; require all three exact named PASS lines and zero `Skipping tests:` output, remove private caches afterward, then submit immutable output for independent evidence acceptance.",ORQ-13 SQLC/DB lane -> ORQ-41 generated/persistence work,"Storage containment is complete: root 93->89%, /tmp 97->5%, memory available 7.7G, swap used 4.0->1.5G; no worktree/evidence/credential deletion. The evidence gate is running. Merge remains blocked until the exact three nominal PASS plus zero-skip output is independently accepted.",.deploy-control/p0/evidence/orq41-w4-e0b0155-adversarial-review.md,c53b5a9fdee8f02945f4e49934a65f357c4fa4d4dccc28bf1f30b93753adc48b,.deploy-control/p0/checkins/Antigravity__ORQ-41__CORRECTED-WAVE-PLAN-AUDIT__20260727T142424Z.json,checkin,2026-07-27T14:24:24Z,e4ff912036fa020622535dd0f9fe8433fcf29c80cd25ee0e51583c100b59a3c0,ACTIVE,release-ledger:v1:ORQ-41:e4ff912036fa020622535dd0f9fe8433fcf29c80cd25ee0e51583c100b59a3c0
release-ledger.v1,2026-07-27T16:33:11Z,ORQ-41,todo,high,NONE,CODE_PASS_EVIDENCE_GATE_RUNNING,Agy-P0-A8;Antigravity;Codex56#A;Codex56#B;Codex56-Z;Opus48#A,2026-07-27T13:07:00Z,2026-07-27T16:33:11Z,NOT_MEASURED,49,29,7,11,6,2,1,12,2,0,e0b0155d0f0d46a9da3724ecbfc51a5167bd2ebe (CODE_PASS; supersedes c047c0b7ed710f260e76a6ee50257b2a5f96dc70),NOT_READY,Private ephemeral-DB gate executor and independent evidence reviewer; LANE-DB/W2 owners for later armed behavior,"Run the already-authorized exact private DB-backed handler race gate now; require all three exact named PASS lines and zero `Skipping tests:` output, remove private caches afterward, then submit immutable output for independent evidence acceptance.",ORQ-13 SQLC/DB lane -> ORQ-41 generated/persistence work,"Storage containment is complete: root 93->89%, /tmp 97->5%, memory available 7.7G, swap used 4.0->1.5G; no worktree/evidence/credential deletion. The evidence gate is running. Merge remains blocked until the exact three nominal PASS plus zero-skip output is independently accepted.",.deploy-control/p0/evidence/orq41-w4-e0b0155-adversarial-review.md,c53b5a9fdee8f02945f4e49934a65f357c4fa4d4dccc28bf1f30b93753adc48b,.deploy-control/p0/evidence/orq41-v2-waves-checklist-audit-results.md,evidence,2026-07-27T14:25:00Z,9a35852765cd0bc59a07efc57fdce5556880130af768ed50253e23444ba0cc31,ACTIVE,release-ledger:v1:ORQ-41:9a35852765cd0bc59a07efc57fdce5556880130af768ed50253e23444ba0cc31
release-ledger.v1,2026-07-27T16:33:11Z,ORQ-41,todo,high,NONE,CODE_PASS_EVIDENCE_GATE_RUNNING,Agy-P0-A8;Antigravity;Codex56#A;Codex56#B;Codex56-Z;Opus48#A,2026-07-27T13:07:00Z,2026-07-27T16:33:11Z,NOT_MEASURED,49,29,7,11,6,2,1,12,2,0,e0b0155d0f0d46a9da3724ecbfc51a5167bd2ebe (CODE_PASS; supersedes c047c0b7ed710f260e76a6ee50257b2a5f96dc70),NOT_READY,Private ephemeral-DB gate executor and independent evidence reviewer; LANE-DB/W2 owners for later armed behavior,"Run the already-authorized exact private DB-backed handler race gate now; require all three exact named PASS lines and zero `Skipping tests:` output, remove private caches afterward, then submit immutable output for independent evidence acceptance.",ORQ-13 SQLC/DB lane -> ORQ-41 generated/persistence work,"Storage containment is complete: root 93->89%, /tmp 97->5%, memory available 7.7G, swap used 4.0->1.5G; no worktree/evidence/credential deletion. The evidence gate is running. Merge remains blocked until the exact three nominal PASS plus zero-skip output is independently accepted.",.deploy-control/p0/evidence/orq41-w4-e0b0155-adversarial-review.md,c53b5a9fdee8f02945f4e49934a65f357c4fa4d4dccc28bf1f30b93753adc48b,.deploy-control/p0/checkins/CHECKOUT__Codex56-B__ORQ-41-IMPLEMENTATION-WAVE-PLAN-V2-PEER-REVIEW__20260727T142527Z.json,checkin,2026-07-27T14:25:27Z,45ee6ba8bc32ed697c759eb6c62c94b375224a50dcf9801edfc7cca1dcbf8ac4,ACTIVE,release-ledger:v1:ORQ-41:45ee6ba8bc32ed697c759eb6c62c94b375224a50dcf9801edfc7cca1dcbf8ac4
release-ledger.v1,2026-07-27T16:33:11Z,ORQ-41,todo,high,NONE,CODE_PASS_EVIDENCE_GATE_RUNNING,Agy-P0-A8;Antigravity;Codex56#A;Codex56#B;Codex56-Z;Opus48#A,2026-07-27T13:07:00Z,2026-07-27T16:33:11Z,NOT_MEASURED,49,29,7,11,6,2,1,12,2,0,e0b0155d0f0d46a9da3724ecbfc51a5167bd2ebe (CODE_PASS; supersedes c047c0b7ed710f260e76a6ee50257b2a5f96dc70),NOT_READY,Private ephemeral-DB gate executor and independent evidence reviewer; LANE-DB/W2 owners for later armed behavior,"Run the already-authorized exact private DB-backed handler race gate now; require all three exact named PASS lines and zero `Skipping tests:` output, remove private caches afterward, then submit immutable output for independent evidence acceptance.",ORQ-13 SQLC/DB lane -> ORQ-41 generated/persistence work,"Storage containment is complete: root 93->89%, /tmp 97->5%, memory available 7.7G, swap used 4.0->1.5G; no worktree/evidence/credential deletion. The evidence gate is running. Merge remains blocked until the exact three nominal PASS plus zero-skip output is independently accepted.",.deploy-control/p0/evidence/orq41-w4-e0b0155-adversarial-review.md,c53b5a9fdee8f02945f4e49934a65f357c4fa4d4dccc28bf1f30b93753adc48b,.deploy-control/p0/checkins/CHECKOUT__Opus48#A__A__ORQ41-WAVE-PLAN-V2__20260727T143000Z.json,checkin,2026-07-27T14:30:00Z,0635af921bef26a2fc52c912a701352d028a49ed82502966176898b147b2f499,ACTIVE,release-ledger:v1:ORQ-41:0635af921bef26a2fc52c912a701352d028a49ed82502966176898b147b2f499
release-ledger.v1,2026-07-27T16:33:11Z,ORQ-41,todo,high,NONE,CODE_PASS_EVIDENCE_GATE_RUNNING,Agy-P0-A8;Antigravity;Codex56#A;Codex56#B;Codex56-Z;Opus48#A,2026-07-27T13:07:00Z,2026-07-27T16:33:11Z,NOT_MEASURED,49,29,7,11,6,2,1,12,2,0,e0b0155d0f0d46a9da3724ecbfc51a5167bd2ebe (CODE_PASS; supersedes c047c0b7ed710f260e76a6ee50257b2a5f96dc70),NOT_READY,Private ephemeral-DB gate executor and independent evidence reviewer; LANE-DB/W2 owners for later armed behavior,"Run the already-authorized exact private DB-backed handler race gate now; require all three exact named PASS lines and zero `Skipping tests:` output, remove private caches afterward, then submit immutable output for independent evidence acceptance.",ORQ-13 SQLC/DB lane -> ORQ-41 generated/persistence work,"Storage containment is complete: root 93->89%, /tmp 97->5%, memory available 7.7G, swap used 4.0->1.5G; no worktree/evidence/credential deletion. The evidence gate is running. Merge remains blocked until the exact three nominal PASS plus zero-skip output is independently accepted.",.deploy-control/p0/evidence/orq41-w4-e0b0155-adversarial-review.md,c53b5a9fdee8f02945f4e49934a65f357c4fa4d4dccc28bf1f30b93753adc48b,.deploy-control/p0/checkins/Antigravity__ORQ-41__MIGRATION-REGISTRAR-GOVERNANCE__20260727T150859Z.json,checkin,2026-07-27T15:08:59Z,c8e9030d69664d79daef60ea7e5b2e4604adf269a917ff8fffbcedcb9aea6a5d,ACTIVE,release-ledger:v1:ORQ-41:c8e9030d69664d79daef60ea7e5b2e4604adf269a917ff8fffbcedcb9aea6a5d
release-ledger.v1,2026-07-27T16:33:11Z,ORQ-41,todo,high,NONE,CODE_PASS_EVIDENCE_GATE_RUNNING,Agy-P0-A8;Antigravity;Codex56#A;Codex56#B;Codex56-Z;Opus48#A,2026-07-27T13:07:00Z,2026-07-27T16:33:11Z,NOT_MEASURED,49,29,7,11,6,2,1,12,2,0,e0b0155d0f0d46a9da3724ecbfc51a5167bd2ebe (CODE_PASS; supersedes c047c0b7ed710f260e76a6ee50257b2a5f96dc70),NOT_READY,Private ephemeral-DB gate executor and independent evidence reviewer; LANE-DB/W2 owners for later armed behavior,"Run the already-authorized exact private DB-backed handler race gate now; require all three exact named PASS lines and zero `Skipping tests:` output, remove private caches afterward, then submit immutable output for independent evidence acceptance.",ORQ-13 SQLC/DB lane -> ORQ-41 generated/persistence work,"Storage containment is complete: root 93->89%, /tmp 97->5%, memory available 7.7G, swap used 4.0->1.5G; no worktree/evidence/credential deletion. The evidence gate is running. Merge remains blocked until the exact three nominal PASS plus zero-skip output is independently accepted.",.deploy-control/p0/evidence/orq41-w4-e0b0155-adversarial-review.md,c53b5a9fdee8f02945f4e49934a65f357c4fa4d4dccc28bf1f30b93753adc48b,.deploy-control/p0/checkins/Antigravity__ORQ-41__CORRECTED-REGISTRAR-GOVERNANCE__20260727T150933Z.json,checkin,2026-07-27T15:09:33Z,88b70d300086b9ca6978ad95c841b2449304ae0a0c93557ecb1230598fc97c35,ACTIVE,release-ledger:v1:ORQ-41:88b70d300086b9ca6978ad95c841b2449304ae0a0c93557ecb1230598fc97c35
release-ledger.v1,2026-07-27T16:33:11Z,ORQ-41,todo,high,NONE,CODE_PASS_EVIDENCE_GATE_RUNNING,Agy-P0-A8;Antigravity;Codex56#A;Codex56#B;Codex56-Z;Opus48#A,2026-07-27T13:07:00Z,2026-07-27T16:33:11Z,NOT_MEASURED,49,29,7,11,6,2,1,12,2,0,e0b0155d0f0d46a9da3724ecbfc51a5167bd2ebe (CODE_PASS; supersedes c047c0b7ed710f260e76a6ee50257b2a5f96dc70),NOT_READY,Private ephemeral-DB gate executor and independent evidence reviewer; LANE-DB/W2 owners for later armed behavior,"Run the already-authorized exact private DB-backed handler race gate now; require all three exact named PASS lines and zero `Skipping tests:` output, remove private caches afterward, then submit immutable output for independent evidence acceptance.",ORQ-13 SQLC/DB lane -> ORQ-41 generated/persistence work,"Storage containment is complete: root 93->89%, /tmp 97->5%, memory available 7.7G, swap used 4.0->1.5G; no worktree/evidence/credential deletion. The evidence gate is running. Merge remains blocked until the exact three nominal PASS plus zero-skip output is independently accepted.",.deploy-control/p0/evidence/orq41-w4-e0b0155-adversarial-review.md,c53b5a9fdee8f02945f4e49934a65f357c4fa4d4dccc28bf1f30b93753adc48b,.deploy-control/p0/checkins/CHECKOUT__Opus48#A__A__ORQ41-WAVE-PLAN-V3__20260727T151200Z.json,checkin,2026-07-27T15:12:00Z,ebbf9e714c54396d9f26d43881de43f0cb4af8c410bb438686231330c5c7c440,ACTIVE,release-ledger:v1:ORQ-41:ebbf9e714c54396d9f26d43881de43f0cb4af8c410bb438686231330c5c7c440
release-ledger.v1,2026-07-27T16:33:11Z,ORQ-41,todo,high,NONE,CODE_PASS_EVIDENCE_GATE_RUNNING,Agy-P0-A8;Antigravity;Codex56#A;Codex56#B;Codex56-Z;Opus48#A,2026-07-27T13:07:00Z,2026-07-27T16:33:11Z,NOT_MEASURED,49,29,7,11,6,2,1,12,2,0,e0b0155d0f0d46a9da3724ecbfc51a5167bd2ebe (CODE_PASS; supersedes c047c0b7ed710f260e76a6ee50257b2a5f96dc70),NOT_READY,Private ephemeral-DB gate executor and independent evidence reviewer; LANE-DB/W2 owners for later armed behavior,"Run the already-authorized exact private DB-backed handler race gate now; require all three exact named PASS lines and zero `Skipping tests:` output, remove private caches afterward, then submit immutable output for independent evidence acceptance.",ORQ-13 SQLC/DB lane -> ORQ-41 generated/persistence work,"Storage containment is complete: root 93->89%, /tmp 97->5%, memory available 7.7G, swap used 4.0->1.5G; no worktree/evidence/credential deletion. The evidence gate is running. Merge remains blocked until the exact three nominal PASS plus zero-skip output is independently accepted.",.deploy-control/p0/evidence/orq41-w4-e0b0155-adversarial-review.md,c53b5a9fdee8f02945f4e49934a65f357c4fa4d4dccc28bf1f30b93753adc48b,.deploy-control/p0/checkins/Antigravity__ORQ-41__V3-WAVE-PLAN-PEER-REVIEW-PASS__20260727T151653Z.json,checkin,2026-07-27T15:16:53Z,6372e09766ee4a2263c3ec46a3eac7653b66756613c4494f0805f2b548237869,ACTIVE,release-ledger:v1:ORQ-41:6372e09766ee4a2263c3ec46a3eac7653b66756613c4494f0805f2b548237869
release-ledger.v1,2026-07-27T16:33:11Z,ORQ-41,todo,high,NONE,CODE_PASS_EVIDENCE_GATE_RUNNING,Agy-P0-A8;Antigravity;Codex56#A;Codex56#B;Codex56-Z;Opus48#A,2026-07-27T13:07:00Z,2026-07-27T16:33:11Z,NOT_MEASURED,49,29,7,11,6,2,1,12,2,0,e0b0155d0f0d46a9da3724ecbfc51a5167bd2ebe (CODE_PASS; supersedes c047c0b7ed710f260e76a6ee50257b2a5f96dc70),NOT_READY,Private ephemeral-DB gate executor and independent evidence reviewer; LANE-DB/W2 owners for later armed behavior,"Run the already-authorized exact private DB-backed handler race gate now; require all three exact named PASS lines and zero `Skipping tests:` output, remove private caches afterward, then submit immutable output for independent evidence acceptance.",ORQ-13 SQLC/DB lane -> ORQ-41 generated/persistence work,"Storage containment is complete: root 93->89%, /tmp 97->5%, memory available 7.7G, swap used 4.0->1.5G; no worktree/evidence/credential deletion. The evidence gate is running. Merge remains blocked until the exact three nominal PASS plus zero-skip output is independently accepted.",.deploy-control/p0/evidence/orq41-w4-e0b0155-adversarial-review.md,c53b5a9fdee8f02945f4e49934a65f357c4fa4d4dccc28bf1f30b93753adc48b,.deploy-control/p0/evidence/orq41-v3-wave-plan-peer-review.md,evidence,2026-07-27T15:17:00Z,98825dd4f7ac87da73ea780e1dbc1339fadac0e16873616cc95ea366e8a259fe,ACTIVE,release-ledger:v1:ORQ-41:98825dd4f7ac87da73ea780e1dbc1339fadac0e16873616cc95ea366e8a259fe
release-ledger.v1,2026-07-27T16:33:11Z,ORQ-41,todo,high,NONE,CODE_PASS_EVIDENCE_GATE_RUNNING,Agy-P0-A8;Antigravity;Codex56#A;Codex56#B;Codex56-Z;Opus48#A,2026-07-27T13:07:00Z,2026-07-27T16:33:11Z,NOT_MEASURED,49,29,7,11,6,2,1,12,2,0,e0b0155d0f0d46a9da3724ecbfc51a5167bd2ebe (CODE_PASS; supersedes c047c0b7ed710f260e76a6ee50257b2a5f96dc70),NOT_READY,Private ephemeral-DB gate executor and independent evidence reviewer; LANE-DB/W2 owners for later armed behavior,"Run the already-authorized exact private DB-backed handler race gate now; require all three exact named PASS lines and zero `Skipping tests:` output, remove private caches afterward, then submit immutable output for independent evidence acceptance.",ORQ-13 SQLC/DB lane -> ORQ-41 generated/persistence work,"Storage containment is complete: root 93->89%, /tmp 97->5%, memory available 7.7G, swap used 4.0->1.5G; no worktree/evidence/credential deletion. The evidence gate is running. Merge remains blocked until the exact three nominal PASS plus zero-skip output is independently accepted.",.deploy-control/p0/evidence/orq41-w4-e0b0155-adversarial-review.md,c53b5a9fdee8f02945f4e49934a65f357c4fa4d4dccc28bf1f30b93753adc48b,.deploy-control/p0/checkins/Antigravity__ORQ-41__IMPLEMENTATION-OWNERSHIP-MANIFEST__20260727T151750Z.json,checkin,2026-07-27T15:17:50Z,49bca10831746849863dca60aac906d4f3e1191c6e1360e44ea99d4988216e77,ACTIVE,release-ledger:v1:ORQ-41:49bca10831746849863dca60aac906d4f3e1191c6e1360e44ea99d4988216e77
release-ledger.v1,2026-07-27T16:33:11Z,ORQ-41,todo,high,NONE,CODE_PASS_EVIDENCE_GATE_RUNNING,Agy-P0-A8;Antigravity;Codex56#A;Codex56#B;Codex56-Z;Opus48#A,2026-07-27T13:07:00Z,2026-07-27T16:33:11Z,NOT_MEASURED,49,29,7,11,6,2,1,12,2,0,e0b0155d0f0d46a9da3724ecbfc51a5167bd2ebe (CODE_PASS; supersedes c047c0b7ed710f260e76a6ee50257b2a5f96dc70),NOT_READY,Private ephemeral-DB gate executor and independent evidence reviewer; LANE-DB/W2 owners for later armed behavior,"Run the already-authorized exact private DB-backed handler race gate now; require all three exact named PASS lines and zero `Skipping tests:` output, remove private caches afterward, then submit immutable output for independent evidence acceptance.",ORQ-13 SQLC/DB lane -> ORQ-41 generated/persistence work,"Storage containment is complete: root 93->89%, /tmp 97->5%, memory available 7.7G, swap used 4.0->1.5G; no worktree/evidence/credential deletion. The evidence gate is running. Merge remains blocked until the exact three nominal PASS plus zero-skip output is independently accepted.",.deploy-control/p0/evidence/orq41-w4-e0b0155-adversarial-review.md,c53b5a9fdee8f02945f4e49934a65f357c4fa4d4dccc28bf1f30b93753adc48b,.deploy-control/p0/evidence/orq41-implementation-ownership-manifest.md,evidence,2026-07-27T15:18:00Z,7a3ee3e39ed9e23728afb64202add736cb9fd232f35a7fe160cb313fca29146c,ACTIVE,release-ledger:v1:ORQ-41:7a3ee3e39ed9e23728afb64202add736cb9fd232f35a7fe160cb313fca29146c
release-ledger.v1,2026-07-27T16:33:11Z,ORQ-41,todo,high,NONE,CODE_PASS_EVIDENCE_GATE_RUNNING,Agy-P0-A8;Antigravity;Codex56#A;Codex56#B;Codex56-Z;Opus48#A,2026-07-27T13:07:00Z,2026-07-27T16:33:11Z,NOT_MEASURED,49,29,7,11,6,2,1,12,2,0,e0b0155d0f0d46a9da3724ecbfc51a5167bd2ebe (CODE_PASS; supersedes c047c0b7ed710f260e76a6ee50257b2a5f96dc70),NOT_READY,Private ephemeral-DB gate executor and independent evidence reviewer; LANE-DB/W2 owners for later armed behavior,"Run the already-authorized exact private DB-backed handler race gate now; require all three exact named PASS lines and zero `Skipping tests:` output, remove private caches afterward, then submit immutable output for independent evidence acceptance.",ORQ-13 SQLC/DB lane -> ORQ-41 generated/persistence work,"Storage containment is complete: root 93->89%, /tmp 97->5%, memory available 7.7G, swap used 4.0->1.5G; no worktree/evidence/credential deletion. The evidence gate is running. Merge remains blocked until the exact three nominal PASS plus zero-skip output is independently accepted.",.deploy-control/p0/evidence/orq41-w4-e0b0155-adversarial-review.md,c53b5a9fdee8f02945f4e49934a65f357c4fa4d4dccc28bf1f30b93753adc48b,.deploy-control/p0/checkins/CHECKOUT__Agy-P0-A8__orq41-w4-autopilot-rescue-implementation__20260727T154150Z.json,checkin,2026-07-27T15:41:50Z,502ac520a4cd63da00dcedb5b40e00ea30739e150ab182ba1b91e49763821847,ACTIVE,release-ledger:v1:ORQ-41:502ac520a4cd63da00dcedb5b40e00ea30739e150ab182ba1b91e49763821847
release-ledger.v1,2026-07-27T16:33:11Z,ORQ-41,todo,high,NONE,CODE_PASS_EVIDENCE_GATE_RUNNING,Agy-P0-A8;Antigravity;Codex56#A;Codex56#B;Codex56-Z;Opus48#A,2026-07-27T13:07:00Z,2026-07-27T16:33:11Z,NOT_MEASURED,49,29,7,11,6,2,1,12,2,0,e0b0155d0f0d46a9da3724ecbfc51a5167bd2ebe (CODE_PASS; supersedes c047c0b7ed710f260e76a6ee50257b2a5f96dc70),NOT_READY,Private ephemeral-DB gate executor and independent evidence reviewer; LANE-DB/W2 owners for later armed behavior,"Run the already-authorized exact private DB-backed handler race gate now; require all three exact named PASS lines and zero `Skipping tests:` output, remove private caches afterward, then submit immutable output for independent evidence acceptance.",ORQ-13 SQLC/DB lane -> ORQ-41 generated/persistence work,"Storage containment is complete: root 93->89%, /tmp 97->5%, memory available 7.7G, swap used 4.0->1.5G; no worktree/evidence/credential deletion. The evidence gate is running. Merge remains blocked until the exact three nominal PASS plus zero-skip output is independently accepted.",.deploy-control/p0/evidence/orq41-w4-e0b0155-adversarial-review.md,c53b5a9fdee8f02945f4e49934a65f357c4fa4d4dccc28bf1f30b93753adc48b,.deploy-control/p0/evidence/orq41-w4-autopilot-rescue-implementation.md,evidence,2026-07-27T15:41:50Z,dcf4eca083d4c4a41068ef7a6ca6510e3a8ab66649e1b8684313f3fce7cbeb84,SUPERSEDED_BY_E0B0155_CANDIDATE,release-ledger:v1:ORQ-41:dcf4eca083d4c4a41068ef7a6ca6510e3a8ab66649e1b8684313f3fce7cbeb84
release-ledger.v1,2026-07-27T16:33:11Z,ORQ-41,todo,high,NONE,CODE_PASS_EVIDENCE_GATE_RUNNING,Agy-P0-A8;Antigravity;Codex56#A;Codex56#B;Codex56-Z;Opus48#A,2026-07-27T13:07:00Z,2026-07-27T16:33:11Z,NOT_MEASURED,49,29,7,11,6,2,1,12,2,0,e0b0155d0f0d46a9da3724ecbfc51a5167bd2ebe (CODE_PASS; supersedes c047c0b7ed710f260e76a6ee50257b2a5f96dc70),NOT_READY,Private ephemeral-DB gate executor and independent evidence reviewer; LANE-DB/W2 owners for later armed behavior,"Run the already-authorized exact private DB-backed handler race gate now; require all three exact named PASS lines and zero `Skipping tests:` output, remove private caches afterward, then submit immutable output for independent evidence acceptance.",ORQ-13 SQLC/DB lane -> ORQ-41 generated/persistence work,"Storage containment is complete: root 93->89%, /tmp 97->5%, memory available 7.7G, swap used 4.0->1.5G; no worktree/evidence/credential deletion. The evidence gate is running. Merge remains blocked until the exact three nominal PASS plus zero-skip output is independently accepted.",.deploy-control/p0/evidence/orq41-w4-e0b0155-adversarial-review.md,c53b5a9fdee8f02945f4e49934a65f357c4fa4d4dccc28bf1f30b93753adc48b,.deploy-control/p0/checkins/CHECKOUT__Opus48#A__A__ORQ41-W4-CODE-REVIEW__20260727T160800Z.json,checkin,2026-07-27T16:08:00Z,9540ffcecb69def206f3a32ca8af0adea00c48781181bf9d7da16aafec420152,ACTIVE,release-ledger:v1:ORQ-41:9540ffcecb69def206f3a32ca8af0adea00c48781181bf9d7da16aafec420152
release-ledger.v1,2026-07-27T16:33:11Z,ORQ-41,todo,high,NONE,CODE_PASS_EVIDENCE_GATE_RUNNING,Agy-P0-A8;Antigravity;Codex56#A;Codex56#B;Codex56-Z;Opus48#A,2026-07-27T13:07:00Z,2026-07-27T16:33:11Z,NOT_MEASURED,49,29,7,11,6,2,1,12,2,0,e0b0155d0f0d46a9da3724ecbfc51a5167bd2ebe (CODE_PASS; supersedes c047c0b7ed710f260e76a6ee50257b2a5f96dc70),NOT_READY,Private ephemeral-DB gate executor and independent evidence reviewer; LANE-DB/W2 owners for later armed behavior,"Run the already-authorized exact private DB-backed handler race gate now; require all three exact named PASS lines and zero `Skipping tests:` output, remove private caches afterward, then submit immutable output for independent evidence acceptance.",ORQ-13 SQLC/DB lane -> ORQ-41 generated/persistence work,"Storage containment is complete: root 93->89%, /tmp 97->5%, memory available 7.7G, swap used 4.0->1.5G; no worktree/evidence/credential deletion. The evidence gate is running. Merge remains blocked until the exact three nominal PASS plus zero-skip output is independently accepted.",.deploy-control/p0/evidence/orq41-w4-e0b0155-adversarial-review.md,c53b5a9fdee8f02945f4e49934a65f357c4fa4d4dccc28bf1f30b93753adc48b,.deploy-control/p0/evidence/orq41-w4-c047c0b-code-review.md,evidence,2026-07-27T16:08:00Z,ec763b052aa74f681b17acb270dd64cb9d8e8c63781299a9e083135a0236e38a,DECISIVE_BLOCK_C047_SUPERSEDED_IMPLEMENTATION,release-ledger:v1:ORQ-41:ec763b052aa74f681b17acb270dd64cb9d8e8c63781299a9e083135a0236e38a
release-ledger.v1,2026-07-27T16:33:11Z,ORQ-41,todo,high,NONE,CODE_PASS_EVIDENCE_GATE_RUNNING,Agy-P0-A8;Antigravity;Codex56#A;Codex56#B;Codex56-Z;Opus48#A,2026-07-27T13:07:00Z,2026-07-27T16:33:11Z,NOT_MEASURED,49,29,7,11,6,2,1,12,2,0,e0b0155d0f0d46a9da3724ecbfc51a5167bd2ebe (CODE_PASS; supersedes c047c0b7ed710f260e76a6ee50257b2a5f96dc70),NOT_READY,Private ephemeral-DB gate executor and independent evidence reviewer; LANE-DB/W2 owners for later armed behavior,"Run the already-authorized exact private DB-backed handler race gate now; require all three exact named PASS lines and zero `Skipping tests:` output, remove private caches afterward, then submit immutable output for independent evidence acceptance.",ORQ-13 SQLC/DB lane -> ORQ-41 generated/persistence work,"Storage containment is complete: root 93->89%, /tmp 97->5%, memory available 7.7G, swap used 4.0->1.5G; no worktree/evidence/credential deletion. The evidence gate is running. Merge remains blocked until the exact three nominal PASS plus zero-skip output is independently accepted.",.deploy-control/p0/evidence/orq41-w4-e0b0155-adversarial-review.md,c53b5a9fdee8f02945f4e49934a65f357c4fa4d4dccc28bf1f30b93753adc48b,.deploy-control/p0/evidence/orq41-commit-delta-inventory.md,evidence,2026-07-27T16:18:15Z,fb7ef4819ba49f735041bd1ac48cd36f30d666c49778bd62b4b996bff6e9d7d9,MECHANICAL_MATCH_NOT_CORRECTNESS_APPROVAL,release-ledger:v1:ORQ-41:fb7ef4819ba49f735041bd1ac48cd36f30d666c49778bd62b4b996bff6e9d7d9
release-ledger.v1,2026-07-27T16:33:11Z,ORQ-41,todo,high,NONE,CODE_PASS_EVIDENCE_GATE_RUNNING,Agy-P0-A8;Antigravity;Codex56#A;Codex56#B;Codex56-Z;Opus48#A,2026-07-27T13:07:00Z,2026-07-27T16:33:11Z,NOT_MEASURED,49,29,7,11,6,2,1,12,2,0,e0b0155d0f0d46a9da3724ecbfc51a5167bd2ebe (CODE_PASS; supersedes c047c0b7ed710f260e76a6ee50257b2a5f96dc70),NOT_READY,Private ephemeral-DB gate executor and independent evidence reviewer; LANE-DB/W2 owners for later armed behavior,"Run the already-authorized exact private DB-backed handler race gate now; require all three exact named PASS lines and zero `Skipping tests:` output, remove private caches afterward, then submit immutable output for independent evidence acceptance.",ORQ-13 SQLC/DB lane -> ORQ-41 generated/persistence work,"Storage containment is complete: root 93->89%, /tmp 97->5%, memory available 7.7G, swap used 4.0->1.5G; no worktree/evidence/credential deletion. The evidence gate is running. Merge remains blocked until the exact three nominal PASS plus zero-skip output is independently accepted.",.deploy-control/p0/evidence/orq41-w4-e0b0155-adversarial-review.md,c53b5a9fdee8f02945f4e49934a65f357c4fa4d4dccc28bf1f30b93753adc48b,.deploy-control/p0/checkins/CHECKOUT__Antigravity__ORQ41-COMMIT-DELTA-INVENTORY__20260727T161824Z.json,checkin,2026-07-27T16:18:24Z,a8bebf50fde5ecba9941208f3900bcc15967414e015166375e826477e056b698,MECHANICAL_MATCH_NOT_CORRECTNESS_APPROVAL,release-ledger:v1:ORQ-41:a8bebf50fde5ecba9941208f3900bcc15967414e015166375e826477e056b698
release-ledger.v1,2026-07-27T16:33:11Z,ORQ-41,todo,high,NONE,CODE_PASS_EVIDENCE_GATE_RUNNING,Agy-P0-A8;Antigravity;Codex56#A;Codex56#B;Codex56-Z;Opus48#A,2026-07-27T13:07:00Z,2026-07-27T16:33:11Z,NOT_MEASURED,49,29,7,11,6,2,1,12,2,0,e0b0155d0f0d46a9da3724ecbfc51a5167bd2ebe (CODE_PASS; supersedes c047c0b7ed710f260e76a6ee50257b2a5f96dc70),NOT_READY,Private ephemeral-DB gate executor and independent evidence reviewer; LANE-DB/W2 owners for later armed behavior,"Run the already-authorized exact private DB-backed handler race gate now; require all three exact named PASS lines and zero `Skipping tests:` output, remove private caches afterward, then submit immutable output for independent evidence acceptance.",ORQ-13 SQLC/DB lane -> ORQ-41 generated/persistence work,"Storage containment is complete: root 93->89%, /tmp 97->5%, memory available 7.7G, swap used 4.0->1.5G; no worktree/evidence/credential deletion. The evidence gate is running. Merge remains blocked until the exact three nominal PASS plus zero-skip output is independently accepted.",.deploy-control/p0/evidence/orq41-w4-e0b0155-adversarial-review.md,c53b5a9fdee8f02945f4e49934a65f357c4fa4d4dccc28bf1f30b93753adc48b,.deploy-control/p0/evidence/orq41-w4-e0b0155-blocker-correction.md,evidence,2026-07-27T16:20:00Z,579ef359b9f81565d97d686639d129ee3832c38bcf188f5c3eceef73b5c366e4,CODE_PASS_EVIDENCE_BLOCK_DB_PROOF_PENDING,release-ledger:v1:ORQ-41:579ef359b9f81565d97d686639d129ee3832c38bcf188f5c3eceef73b5c366e4
release-ledger.v1,2026-07-27T16:33:11Z,ORQ-41,todo,high,NONE,CODE_PASS_EVIDENCE_GATE_RUNNING,Agy-P0-A8;Antigravity;Codex56#A;Codex56#B;Codex56-Z;Opus48#A,2026-07-27T13:07:00Z,2026-07-27T16:33:11Z,NOT_MEASURED,49,29,7,11,6,2,1,12,2,0,e0b0155d0f0d46a9da3724ecbfc51a5167bd2ebe (CODE_PASS; supersedes c047c0b7ed710f260e76a6ee50257b2a5f96dc70),NOT_READY,Private ephemeral-DB gate executor and independent evidence reviewer; LANE-DB/W2 owners for later armed behavior,"Run the already-authorized exact private DB-backed handler race gate now; require all three exact named PASS lines and zero `Skipping tests:` output, remove private caches afterward, then submit immutable output for independent evidence acceptance.",ORQ-13 SQLC/DB lane -> ORQ-41 generated/persistence work,"Storage containment is complete: root 93->89%, /tmp 97->5%, memory available 7.7G, swap used 4.0->1.5G; no worktree/evidence/credential deletion. The evidence gate is running. Merge remains blocked until the exact three nominal PASS plus zero-skip output is independently accepted.",.deploy-control/p0/evidence/orq41-w4-e0b0155-adversarial-review.md,c53b5a9fdee8f02945f4e49934a65f357c4fa4d4dccc28bf1f30b93753adc48b,.deploy-control/p0/checkins/CHECKOUT__Codex56-A__C__ORQ-41-W4-CORRECTION__20260727T162200Z.json,checkin,2026-07-27T16:22:00Z,9def886b9b9884bd93ff17ab4adf0d22e31c0b8f026660db50c94542c764a68d,CODE_PASS_EVIDENCE_BLOCK_DB_PROOF_PENDING,release-ledger:v1:ORQ-41:9def886b9b9884bd93ff17ab4adf0d22e31c0b8f026660db50c94542c764a68d
release-ledger.v1,2026-07-27T16:33:11Z,ORQ-41,todo,high,NONE,CODE_PASS_EVIDENCE_GATE_RUNNING,Agy-P0-A8;Antigravity;Codex56#A;Codex56#B;Codex56-Z;Opus48#A,2026-07-27T13:07:00Z,2026-07-27T16:33:11Z,NOT_MEASURED,49,29,7,11,6,2,1,12,2,0,e0b0155d0f0d46a9da3724ecbfc51a5167bd2ebe (CODE_PASS; supersedes c047c0b7ed710f260e76a6ee50257b2a5f96dc70),NOT_READY,Private ephemeral-DB gate executor and independent evidence reviewer; LANE-DB/W2 owners for later armed behavior,"Run the already-authorized exact private DB-backed handler race gate now; require all three exact named PASS lines and zero `Skipping tests:` output, remove private caches afterward, then submit immutable output for independent evidence acceptance.",ORQ-13 SQLC/DB lane -> ORQ-41 generated/persistence work,"Storage containment is complete: root 93->89%, /tmp 97->5%, memory available 7.7G, swap used 4.0->1.5G; no worktree/evidence/credential deletion. The evidence gate is running. Merge remains blocked until the exact three nominal PASS plus zero-skip output is independently accepted.",.deploy-control/p0/evidence/orq41-w4-e0b0155-adversarial-review.md,c53b5a9fdee8f02945f4e49934a65f357c4fa4d4dccc28bf1f30b93753adc48b,.deploy-control/p0/evidence/orq41-w4-e0b0155-adversarial-review.md,evidence,2026-07-27T16:26:00Z,c53b5a9fdee8f02945f4e49934a65f357c4fa4d4dccc28bf1f30b93753adc48b,CODE_PASS_EVIDENCE_BLOCK_DECISIVE_REVIEW,release-ledger:v1:ORQ-41:c53b5a9fdee8f02945f4e49934a65f357c4fa4d4dccc28bf1f30b93753adc48b
release-ledger.v1,2026-07-27T16:33:11Z,ORQ-41,todo,high,NONE,CODE_PASS_EVIDENCE_GATE_RUNNING,Agy-P0-A8;Antigravity;Codex56#A;Codex56#B;Codex56-Z;Opus48#A,2026-07-27T13:07:00Z,2026-07-27T16:33:11Z,NOT_MEASURED,49,29,7,11,6,2,1,12,2,0,e0b0155d0f0d46a9da3724ecbfc51a5167bd2ebe (CODE_PASS; supersedes c047c0b7ed710f260e76a6ee50257b2a5f96dc70),NOT_READY,Private ephemeral-DB gate executor and independent evidence reviewer; LANE-DB/W2 owners for later armed behavior,"Run the already-authorized exact private DB-backed handler race gate now; require all three exact named PASS lines and zero `Skipping tests:` output, remove private caches afterward, then submit immutable output for independent evidence acceptance.",ORQ-13 SQLC/DB lane -> ORQ-41 generated/persistence work,"Storage containment is complete: root 93->89%, /tmp 97->5%, memory available 7.7G, swap used 4.0->1.5G; no worktree/evidence/credential deletion. The evidence gate is running. Merge remains blocked until the exact three nominal PASS plus zero-skip output is independently accepted.",.deploy-control/p0/evidence/orq41-w4-e0b0155-adversarial-review.md,c53b5a9fdee8f02945f4e49934a65f357c4fa4d4dccc28bf1f30b93753adc48b,.deploy-control/p0/checkins/HOLD__Opus48-B__ORQ-41__STORAGE-CRITICAL-AWAIT-CLEANUP__20260727T163400Z.json,checkin,2026-07-27T16:34:00Z,8b4f10fd094cf8625a775df48f4d733c24e8bf3a00ec64391926f8b0fe69fa16,SUPERSEDED_BY_STORAGE_CONTAINMENT_COMPLETE_GATE_RUNNING,release-ledger:v1:ORQ-41:8b4f10fd094cf8625a775df48f4d733c24e8bf3a00ec64391926f8b0fe69fa16
release-ledger.v1,2026-07-27T16:33:11Z,ORQ-41,todo,high,NONE,CODE_PASS_EVIDENCE_GATE_RUNNING,Agy-P0-A8;Antigravity;Codex56#A;Codex56#B;Codex56-Z;Opus48#A,2026-07-27T13:07:00Z,2026-07-27T16:33:11Z,NOT_MEASURED,49,29,7,11,6,2,1,12,2,0,e0b0155d0f0d46a9da3724ecbfc51a5167bd2ebe (CODE_PASS; supersedes c047c0b7ed710f260e76a6ee50257b2a5f96dc70),NOT_READY,Private ephemeral-DB gate executor and independent evidence reviewer; LANE-DB/W2 owners for later armed behavior,"Run the already-authorized exact private DB-backed handler race gate now; require all three exact named PASS lines and zero `Skipping tests:` output, remove private caches afterward, then submit immutable output for independent evidence acceptance.",ORQ-13 SQLC/DB lane -> ORQ-41 generated/persistence work,"Storage containment is complete: root 93->89%, /tmp 97->5%, memory available 7.7G, swap used 4.0->1.5G; no worktree/evidence/credential deletion. The evidence gate is running. Merge remains blocked until the exact three nominal PASS plus zero-skip output is independently accepted.",.deploy-control/p0/evidence/orq41-w4-e0b0155-adversarial-review.md,c53b5a9fdee8f02945f4e49934a65f357c4fa4d4dccc28bf1f30b93753adc48b,.deploy-control/p0/evidence/orq41-commit-delta-inventory.tsv,evidence,NOT_MEASURED,78c9d09e972b7a2d8cd873f71873cb37b0ff1e63f1ab236678a130c224999dd4,MECHANICAL_MATCH_NOT_CORRECTNESS_APPROVAL,release-ledger:v1:ORQ-41:78c9d09e972b7a2d8cd873f71873cb37b0ff1e63f1ab236678a130c224999dd4
release-ledger.v1,2026-07-27T16:33:11Z,ORQ-41,todo,high,NONE,CODE_PASS_EVIDENCE_GATE_RUNNING,Agy-P0-A8;Antigravity;Codex56#A;Codex56#B;Codex56-Z;Opus48#A,2026-07-27T13:07:00Z,2026-07-27T16:33:11Z,NOT_MEASURED,49,29,7,11,6,2,1,12,2,0,e0b0155d0f0d46a9da3724ecbfc51a5167bd2ebe (CODE_PASS; supersedes c047c0b7ed710f260e76a6ee50257b2a5f96dc70),NOT_READY,Private ephemeral-DB gate executor and independent evidence reviewer; LANE-DB/W2 owners for later armed behavior,"Run the already-authorized exact private DB-backed handler race gate now; require all three exact named PASS lines and zero `Skipping tests:` output, remove private caches afterward, then submit immutable output for independent evidence acceptance.",ORQ-13 SQLC/DB lane -> ORQ-41 generated/persistence work,"Storage containment is complete: root 93->89%, /tmp 97->5%, memory available 7.7G, swap used 4.0->1.5G; no worktree/evidence/credential deletion. The evidence gate is running. Merge remains blocked until the exact three nominal PASS plus zero-skip output is independently accepted.",.deploy-control/p0/evidence/orq41-w4-e0b0155-adversarial-review.md,c53b5a9fdee8f02945f4e49934a65f357c4fa4d4dccc28bf1f30b93753adc48b,.deploy-control/p0/evidence/orq41-implementation-wave-plan-v2-peer-review.md,evidence,NOT_MEASURED,fae766d0aaabbf8382cf86ebd4b791ab79fded24b8d9b9d7ef8c8d4ca6ffcae2,ACTIVE,release-ledger:v1:ORQ-41:fae766d0aaabbf8382cf86ebd4b791ab79fded24b8d9b9d7ef8c8d4ca6ffcae2
release-ledger.v1,2026-07-27T16:33:11Z,ORQ-41,todo,high,NONE,CODE_PASS_EVIDENCE_GATE_RUNNING,Agy-P0-A8;Antigravity;Codex56#A;Codex56#B;Codex56-Z;Opus48#A,2026-07-27T13:07:00Z,2026-07-27T16:33:11Z,NOT_MEASURED,49,29,7,11,6,2,1,12,2,0,e0b0155d0f0d46a9da3724ecbfc51a5167bd2ebe (CODE_PASS; supersedes c047c0b7ed710f260e76a6ee50257b2a5f96dc70),NOT_READY,Private ephemeral-DB gate executor and independent evidence reviewer; LANE-DB/W2 owners for later armed behavior,"Run the already-authorized exact private DB-backed handler race gate now; require all three exact named PASS lines and zero `Skipping tests:` output, remove private caches afterward, then submit immutable output for independent evidence acceptance.",ORQ-13 SQLC/DB lane -> ORQ-41 generated/persistence work,"Storage containment is complete: root 93->89%, /tmp 97->5%, memory available 7.7G, swap used 4.0->1.5G; no worktree/evidence/credential deletion. The evidence gate is running. Merge remains blocked until the exact three nominal PASS plus zero-skip output is independently accepted.",.deploy-control/p0/evidence/orq41-w4-e0b0155-adversarial-review.md,c53b5a9fdee8f02945f4e49934a65f357c4fa4d4dccc28bf1f30b93753adc48b,.deploy-control/p0/evidence/orq41-independent-cancellation-monitor.md,evidence,NOT_MEASURED,eb9d13d760d739bfa1121a774c265ad9e541da95a92e154d8f312de772825842,ACTIVE,release-ledger:v1:ORQ-41:eb9d13d760d739bfa1121a774c265ad9e541da95a92e154d8f312de772825842
release-ledger.v1,2026-07-27T16:33:11Z,ORQ-41,todo,high,NONE,CODE_PASS_EVIDENCE_GATE_RUNNING,Agy-P0-A8;Antigravity;Codex56#A;Codex56#B;Codex56-Z;Opus48#A,2026-07-27T13:07:00Z,2026-07-27T16:33:11Z,NOT_MEASURED,49,29,7,11,6,2,1,12,2,0,e0b0155d0f0d46a9da3724ecbfc51a5167bd2ebe (CODE_PASS; supersedes c047c0b7ed710f260e76a6ee50257b2a5f96dc70),NOT_READY,Private ephemeral-DB gate executor and independent evidence reviewer; LANE-DB/W2 owners for later armed behavior,"Run the already-authorized exact private DB-backed handler race gate now; require all three exact named PASS lines and zero `Skipping tests:` output, remove private caches afterward, then submit immutable output for independent evidence acceptance.",ORQ-13 SQLC/DB lane -> ORQ-41 generated/persistence work,"Storage containment is complete: root 93->89%, /tmp 97->5%, memory available 7.7G, swap used 4.0->1.5G; no worktree/evidence/credential deletion. The evidence gate is running. Merge remains blocked until the exact three nominal PASS plus zero-skip output is independently accepted.",.deploy-control/p0/evidence/orq41-w4-e0b0155-adversarial-review.md,c53b5a9fdee8f02945f4e49934a65f357c4fa4d4dccc28bf1f30b93753adc48b,.deploy-control/p0/evidence/orq41-unintended-task-forensic-audit.md,evidence,NOT_MEASURED,be8d6863678698e16eb8790e41e2a052d1fa653e65893496f399373a8191a313,ACTIVE,release-ledger:v1:ORQ-41:be8d6863678698e16eb8790e41e2a052d1fa653e65893496f399373a8191a313
release-ledger.v1,2026-07-27T16:33:11Z,ORQ-42,todo,urgent,NONE,BLOCK_V5_B1_B9_V6_REQUIRED,Antigravity;Codex;Opus48#A,2026-07-27T15:38:48Z,2026-07-27T16:28:23Z,NOT_MEASURED,10,5,0,3,0,0,0,3,0,0,NONE,NOT_APPLICABLE,V6/corrected-supersession author; Owner for Q-A..Q-F; authorized operators for corrected A1..A4; new independent reviewer,"Produce V6 or an explicit V5 supersession closing B1-B9; answer Q-A..Q-F; narrow and obtain A1..A4; then obtain a new independent PASS before any secret resolution, dev.env mutation, backend recreate, rollback, token probe, or ORQ2 action.",Depends on ORQ-30/current ORQ1 config and authorized ORQ2 re-pair procedure,"Independent V5 review is BLOCK. B1-B9 remain: Compose interpolation source, independent target allowlist, durable dotenv fidelity, plaintext argv, stale CID gate, old/new token proof, symmetric rollback, incorrect mdt_ dependency, and corrected Q/A scopes.",.deploy-control/p0/evidence/orq42-jwt-rotation-runbook-v5-independent-adversarial-review.md,4cbc4196b3509b5f39adc9c99c05e0671f7925e6fcd38097ed5fd07182e3fabf,.deploy-control/p0/checkins/CHECKOUT__Antigravity__ORQ42-JWT-ROTATION-RUNBOOK-V4-DESIGN__20260727T153848Z.json,checkin,2026-07-27T15:38:48Z,e8b84865133e5896285ddffbe6e32a89bb05a28dbaddd0bda008a61546ce6c76,ACTIVE,release-ledger:v1:ORQ-42:e8b84865133e5896285ddffbe6e32a89bb05a28dbaddd0bda008a61546ce6c76
release-ledger.v1,2026-07-27T16:33:11Z,ORQ-42,todo,urgent,NONE,BLOCK_V5_B1_B9_V6_REQUIRED,Antigravity;Codex;Opus48#A,2026-07-27T15:38:48Z,2026-07-27T16:28:23Z,NOT_MEASURED,10,5,0,3,0,0,0,3,0,0,NONE,NOT_APPLICABLE,V6/corrected-supersession author; Owner for Q-A..Q-F; authorized operators for corrected A1..A4; new independent reviewer,"Produce V6 or an explicit V5 supersession closing B1-B9; answer Q-A..Q-F; narrow and obtain A1..A4; then obtain a new independent PASS before any secret resolution, dev.env mutation, backend recreate, rollback, token probe, or ORQ2 action.",Depends on ORQ-30/current ORQ1 config and authorized ORQ2 re-pair procedure,"Independent V5 review is BLOCK. B1-B9 remain: Compose interpolation source, independent target allowlist, durable dotenv fidelity, plaintext argv, stale CID gate, old/new token proof, symmetric rollback, incorrect mdt_ dependency, and corrected Q/A scopes.",.deploy-control/p0/evidence/orq42-jwt-rotation-runbook-v5-independent-adversarial-review.md,4cbc4196b3509b5f39adc9c99c05e0671f7925e6fcd38097ed5fd07182e3fabf,.deploy-control/p0/evidence/orq42-jwt-rotation-runbook-v4-design.md,evidence,2026-07-27T15:39:00Z,a673899842bafa8ede38c986a4654aa3ea2df6f84cace3ebf04931ac87c26139,ACTIVE,release-ledger:v1:ORQ-42:a673899842bafa8ede38c986a4654aa3ea2df6f84cace3ebf04931ac87c26139
release-ledger.v1,2026-07-27T16:33:11Z,ORQ-42,todo,urgent,NONE,BLOCK_V5_B1_B9_V6_REQUIRED,Antigravity;Codex;Opus48#A,2026-07-27T15:38:48Z,2026-07-27T16:28:23Z,NOT_MEASURED,10,5,0,3,0,0,0,3,0,0,NONE,NOT_APPLICABLE,V6/corrected-supersession author; Owner for Q-A..Q-F; authorized operators for corrected A1..A4; new independent reviewer,"Produce V6 or an explicit V5 supersession closing B1-B9; answer Q-A..Q-F; narrow and obtain A1..A4; then obtain a new independent PASS before any secret resolution, dev.env mutation, backend recreate, rollback, token probe, or ORQ2 action.",Depends on ORQ-30/current ORQ1 config and authorized ORQ2 re-pair procedure,"Independent V5 review is BLOCK. B1-B9 remain: Compose interpolation source, independent target allowlist, durable dotenv fidelity, plaintext argv, stale CID gate, old/new token proof, symmetric rollback, incorrect mdt_ dependency, and corrected Q/A scopes.",.deploy-control/p0/evidence/orq42-jwt-rotation-runbook-v5-independent-adversarial-review.md,4cbc4196b3509b5f39adc9c99c05e0671f7925e6fcd38097ed5fd07182e3fabf,.deploy-control/p0/checkins/CHECKOUT__Opus48#A__A__ORQ42-JWT-V3-ADVERSARIAL-REVIEW__20260727T154400Z.json,checkin,2026-07-27T15:44:00Z,cd257067ce6ea8f96c98816d75ced099c37dd966099f1b9a9e137d10a093630c,ACTIVE,release-ledger:v1:ORQ-42:cd257067ce6ea8f96c98816d75ced099c37dd966099f1b9a9e137d10a093630c
release-ledger.v1,2026-07-27T16:33:11Z,ORQ-42,todo,urgent,NONE,BLOCK_V5_B1_B9_V6_REQUIRED,Antigravity;Codex;Opus48#A,2026-07-27T15:38:48Z,2026-07-27T16:28:23Z,NOT_MEASURED,10,5,0,3,0,0,0,3,0,0,NONE,NOT_APPLICABLE,V6/corrected-supersession author; Owner for Q-A..Q-F; authorized operators for corrected A1..A4; new independent reviewer,"Produce V6 or an explicit V5 supersession closing B1-B9; answer Q-A..Q-F; narrow and obtain A1..A4; then obtain a new independent PASS before any secret resolution, dev.env mutation, backend recreate, rollback, token probe, or ORQ2 action.",Depends on ORQ-30/current ORQ1 config and authorized ORQ2 re-pair procedure,"Independent V5 review is BLOCK. B1-B9 remain: Compose interpolation source, independent target allowlist, durable dotenv fidelity, plaintext argv, stale CID gate, old/new token proof, symmetric rollback, incorrect mdt_ dependency, and corrected Q/A scopes.",.deploy-control/p0/evidence/orq42-jwt-rotation-runbook-v5-independent-adversarial-review.md,4cbc4196b3509b5f39adc9c99c05e0671f7925e6fcd38097ed5fd07182e3fabf,.deploy-control/p0/evidence/orq42-jwt-v3-adversarial-peer-review.md,evidence,2026-07-27T15:44:00Z,bcffeb15f3010a9b51b56771e9340194a4f7beb2d11da755d971ab38b43fcf3b,ACTIVE,release-ledger:v1:ORQ-42:bcffeb15f3010a9b51b56771e9340194a4f7beb2d11da755d971ab38b43fcf3b
release-ledger.v1,2026-07-27T16:33:11Z,ORQ-42,todo,urgent,NONE,BLOCK_V5_B1_B9_V6_REQUIRED,Antigravity;Codex;Opus48#A,2026-07-27T15:38:48Z,2026-07-27T16:28:23Z,NOT_MEASURED,10,5,0,3,0,0,0,3,0,0,NONE,NOT_APPLICABLE,V6/corrected-supersession author; Owner for Q-A..Q-F; authorized operators for corrected A1..A4; new independent reviewer,"Produce V6 or an explicit V5 supersession closing B1-B9; answer Q-A..Q-F; narrow and obtain A1..A4; then obtain a new independent PASS before any secret resolution, dev.env mutation, backend recreate, rollback, token probe, or ORQ2 action.",Depends on ORQ-30/current ORQ1 config and authorized ORQ2 re-pair procedure,"Independent V5 review is BLOCK. B1-B9 remain: Compose interpolation source, independent target allowlist, durable dotenv fidelity, plaintext argv, stale CID gate, old/new token proof, symmetric rollback, incorrect mdt_ dependency, and corrected Q/A scopes.",.deploy-control/p0/evidence/orq42-jwt-rotation-runbook-v5-independent-adversarial-review.md,4cbc4196b3509b5f39adc9c99c05e0671f7925e6fcd38097ed5fd07182e3fabf,.deploy-control/p0/checkins/CHECKOUT__Codex__ORQ-42-JWT-ROTATION-V4-ADVERSARIAL-PEER-REVIEW__20260727T154432Z.json,checkin,2026-07-27T15:44:32Z,de066467e41975262a645ae7c30c2b13ccb3115eef12c80d02c0a409a0bdcce6,ACTIVE,release-ledger:v1:ORQ-42:de066467e41975262a645ae7c30c2b13ccb3115eef12c80d02c0a409a0bdcce6
release-ledger.v1,2026-07-27T16:33:11Z,ORQ-42,todo,urgent,NONE,BLOCK_V5_B1_B9_V6_REQUIRED,Antigravity;Codex;Opus48#A,2026-07-27T15:38:48Z,2026-07-27T16:28:23Z,NOT_MEASURED,10,5,0,3,0,0,0,3,0,0,NONE,NOT_APPLICABLE,V6/corrected-supersession author; Owner for Q-A..Q-F; authorized operators for corrected A1..A4; new independent reviewer,"Produce V6 or an explicit V5 supersession closing B1-B9; answer Q-A..Q-F; narrow and obtain A1..A4; then obtain a new independent PASS before any secret resolution, dev.env mutation, backend recreate, rollback, token probe, or ORQ2 action.",Depends on ORQ-30/current ORQ1 config and authorized ORQ2 re-pair procedure,"Independent V5 review is BLOCK. B1-B9 remain: Compose interpolation source, independent target allowlist, durable dotenv fidelity, plaintext argv, stale CID gate, old/new token proof, symmetric rollback, incorrect mdt_ dependency, and corrected Q/A scopes.",.deploy-control/p0/evidence/orq42-jwt-rotation-runbook-v5-independent-adversarial-review.md,4cbc4196b3509b5f39adc9c99c05e0671f7925e6fcd38097ed5fd07182e3fabf,.deploy-control/p0/evidence/orq42-jwt-rotation-runbook-v4-adversarial-peer-review.md,evidence,2026-07-27T15:44:32Z,845cb38cfa0d8268f7076393f18fc057b395ad6a4f9dd46e3413449c1827cd80,ACTIVE,release-ledger:v1:ORQ-42:845cb38cfa0d8268f7076393f18fc057b395ad6a4f9dd46e3413449c1827cd80
release-ledger.v1,2026-07-27T16:33:11Z,ORQ-42,todo,urgent,NONE,BLOCK_V5_B1_B9_V6_REQUIRED,Antigravity;Codex;Opus48#A,2026-07-27T15:38:48Z,2026-07-27T16:28:23Z,NOT_MEASURED,10,5,0,3,0,0,0,3,0,0,NONE,NOT_APPLICABLE,V6/corrected-supersession author; Owner for Q-A..Q-F; authorized operators for corrected A1..A4; new independent reviewer,"Produce V6 or an explicit V5 supersession closing B1-B9; answer Q-A..Q-F; narrow and obtain A1..A4; then obtain a new independent PASS before any secret resolution, dev.env mutation, backend recreate, rollback, token probe, or ORQ2 action.",Depends on ORQ-30/current ORQ1 config and authorized ORQ2 re-pair procedure,"Independent V5 review is BLOCK. B1-B9 remain: Compose interpolation source, independent target allowlist, durable dotenv fidelity, plaintext argv, stale CID gate, old/new token proof, symmetric rollback, incorrect mdt_ dependency, and corrected Q/A scopes.",.deploy-control/p0/evidence/orq42-jwt-rotation-runbook-v5-independent-adversarial-review.md,4cbc4196b3509b5f39adc9c99c05e0671f7925e6fcd38097ed5fd07182e3fabf,.deploy-control/p0/checkins/CHECKOUT__Opus48#A__A__ORQ42-V5-RUNBOOK-DESIGN__20260727T162000Z.json,checkin,2026-07-27T16:20:00Z,555b362766b821b2519ef3811de712ded422f40580c80159f2607e913a1f1fab,PROPOSAL_PENDING_INDEPENDENT_REVIEW,release-ledger:v1:ORQ-42:555b362766b821b2519ef3811de712ded422f40580c80159f2607e913a1f1fab
release-ledger.v1,2026-07-27T16:33:11Z,ORQ-42,todo,urgent,NONE,BLOCK_V5_B1_B9_V6_REQUIRED,Antigravity;Codex;Opus48#A,2026-07-27T15:38:48Z,2026-07-27T16:28:23Z,NOT_MEASURED,10,5,0,3,0,0,0,3,0,0,NONE,NOT_APPLICABLE,V6/corrected-supersession author; Owner for Q-A..Q-F; authorized operators for corrected A1..A4; new independent reviewer,"Produce V6 or an explicit V5 supersession closing B1-B9; answer Q-A..Q-F; narrow and obtain A1..A4; then obtain a new independent PASS before any secret resolution, dev.env mutation, backend recreate, rollback, token probe, or ORQ2 action.",Depends on ORQ-30/current ORQ1 config and authorized ORQ2 re-pair procedure,"Independent V5 review is BLOCK. B1-B9 remain: Compose interpolation source, independent target allowlist, durable dotenv fidelity, plaintext argv, stale CID gate, old/new token proof, symmetric rollback, incorrect mdt_ dependency, and corrected Q/A scopes.",.deploy-control/p0/evidence/orq42-jwt-rotation-runbook-v5-independent-adversarial-review.md,4cbc4196b3509b5f39adc9c99c05e0671f7925e6fcd38097ed5fd07182e3fabf,.deploy-control/p0/evidence/orq42-jwt-rotation-runbook-v5-design.md,evidence,2026-07-27T16:20:00Z,2504cc3b2624ab465bfe743ca846f26713106deae148df05589a00e2de605936,PROPOSAL_PENDING_INDEPENDENT_REVIEW,release-ledger:v1:ORQ-42:2504cc3b2624ab465bfe743ca846f26713106deae148df05589a00e2de605936
release-ledger.v1,2026-07-27T16:33:11Z,ORQ-42,todo,urgent,NONE,BLOCK_V5_B1_B9_V6_REQUIRED,Antigravity;Codex;Opus48#A,2026-07-27T15:38:48Z,2026-07-27T16:28:23Z,NOT_MEASURED,10,5,0,3,0,0,0,3,0,0,NONE,NOT_APPLICABLE,V6/corrected-supersession author; Owner for Q-A..Q-F; authorized operators for corrected A1..A4; new independent reviewer,"Produce V6 or an explicit V5 supersession closing B1-B9; answer Q-A..Q-F; narrow and obtain A1..A4; then obtain a new independent PASS before any secret resolution, dev.env mutation, backend recreate, rollback, token probe, or ORQ2 action.",Depends on ORQ-30/current ORQ1 config and authorized ORQ2 re-pair procedure,"Independent V5 review is BLOCK. B1-B9 remain: Compose interpolation source, independent target allowlist, durable dotenv fidelity, plaintext argv, stale CID gate, old/new token proof, symmetric rollback, incorrect mdt_ dependency, and corrected Q/A scopes.",.deploy-control/p0/evidence/orq42-jwt-rotation-runbook-v5-independent-adversarial-review.md,4cbc4196b3509b5f39adc9c99c05e0671f7925e6fcd38097ed5fd07182e3fabf,.deploy-control/p0/checkins/CHECKOUT__Kiro__ORQ-42__JWT-ROTATION-V5-INDEPENDENT-ADVERSARIAL-REVIEW__20260727T162823Z.json,checkin,2026-07-27T16:28:23Z,9391bb275d04c57a4e408a49bf0ca590135a0ee57e52ef17b3a72dc30ce47e11,DECISIVE_BLOCK_V5_B1_B9,release-ledger:v1:ORQ-42:9391bb275d04c57a4e408a49bf0ca590135a0ee57e52ef17b3a72dc30ce47e11
release-ledger.v1,2026-07-27T16:33:11Z,ORQ-42,todo,urgent,NONE,BLOCK_V5_B1_B9_V6_REQUIRED,Antigravity;Codex;Opus48#A,2026-07-27T15:38:48Z,2026-07-27T16:28:23Z,NOT_MEASURED,10,5,0,3,0,0,0,3,0,0,NONE,NOT_APPLICABLE,V6/corrected-supersession author; Owner for Q-A..Q-F; authorized operators for corrected A1..A4; new independent reviewer,"Produce V6 or an explicit V5 supersession closing B1-B9; answer Q-A..Q-F; narrow and obtain A1..A4; then obtain a new independent PASS before any secret resolution, dev.env mutation, backend recreate, rollback, token probe, or ORQ2 action.",Depends on ORQ-30/current ORQ1 config and authorized ORQ2 re-pair procedure,"Independent V5 review is BLOCK. B1-B9 remain: Compose interpolation source, independent target allowlist, durable dotenv fidelity, plaintext argv, stale CID gate, old/new token proof, symmetric rollback, incorrect mdt_ dependency, and corrected Q/A scopes.",.deploy-control/p0/evidence/orq42-jwt-rotation-runbook-v5-independent-adversarial-review.md,4cbc4196b3509b5f39adc9c99c05e0671f7925e6fcd38097ed5fd07182e3fabf,.deploy-control/p0/evidence/orq42-jwt-rotation-runbook-v5-independent-adversarial-review.md,evidence,NOT_MEASURED,4cbc4196b3509b5f39adc9c99c05e0671f7925e6fcd38097ed5fd07182e3fabf,DECISIVE_BLOCK_V5_B1_B9,release-ledger:v1:ORQ-42:4cbc4196b3509b5f39adc9c99c05e0671f7925e6fcd38097ed5fd07182e3fabf
release-ledger.v1,2026-07-27T16:33:11Z,ORQ-43,todo,high,NONE,PASS_DESIGN_BLOCK_IMPLEMENTATION,Antigravity;Codex56#A,2026-07-27T15:22:00Z,2026-07-27T15:37:12Z,NOT_MEASURED,4,2,1,0,0,0,0,1,0,0,NONE,NOT_READY,Codex56-TL to authorize/name ORQ-43A; assigned implementation owner,"Create/authorize ORQ-43A and implement mdt_ emission, CreateDaemonToken caller, daemon-side secure storage and expired-token purge with hermetic tests; only then execute ORQ-43B overlap rotation.",ORQ-43A implementation -> ORQ-43B rotation,No production mdt_ emitter/persistence caller/client storage; rotation now would be revocation with total disruption.,.deploy-control/p0/evidence/orq43-daemon-token-lifecycle-peer-review.md,9ffe2a4bd6ad3213f67b0e8f89bfadf0146fe509126d72ea4dd8577edc8a0a84,.deploy-control/p0/evidence/orq43-daemon-token-mdt-lifecycle-design.md,evidence,2026-07-27T15:22:00Z,b89e6add034d831487a8a854ba6ecca1b3c0f724a48d49c5f7e4e9db71a2c2a8,ACTIVE,release-ledger:v1:ORQ-43:b89e6add034d831487a8a854ba6ecca1b3c0f724a48d49c5f7e4e9db71a2c2a8
release-ledger.v1,2026-07-27T16:33:11Z,ORQ-43,todo,high,NONE,PASS_DESIGN_BLOCK_IMPLEMENTATION,Antigravity;Codex56#A,2026-07-27T15:22:00Z,2026-07-27T15:37:12Z,NOT_MEASURED,4,2,1,0,0,0,0,1,0,0,NONE,NOT_READY,Codex56-TL to authorize/name ORQ-43A; assigned implementation owner,"Create/authorize ORQ-43A and implement mdt_ emission, CreateDaemonToken caller, daemon-side secure storage and expired-token purge with hermetic tests; only then execute ORQ-43B overlap rotation.",ORQ-43A implementation -> ORQ-43B rotation,No production mdt_ emitter/persistence caller/client storage; rotation now would be revocation with total disruption.,.deploy-control/p0/evidence/orq43-daemon-token-lifecycle-peer-review.md,9ffe2a4bd6ad3213f67b0e8f89bfadf0146fe509126d72ea4dd8577edc8a0a84,.deploy-control/p0/checkins/CHECKOUT__Codex56-A__C__ORQ-43-MDT-LIFECYCLE-DESIGN__20260727T152300Z.json,checkin,2026-07-27T15:23:00Z,b86a83d97d2c65079515008724ca5fbb4650605b468776e1072cc6bd625608cf,ACTIVE,release-ledger:v1:ORQ-43:b86a83d97d2c65079515008724ca5fbb4650605b468776e1072cc6bd625608cf
release-ledger.v1,2026-07-27T16:33:11Z,ORQ-43,todo,high,NONE,PASS_DESIGN_BLOCK_IMPLEMENTATION,Antigravity;Codex56#A,2026-07-27T15:22:00Z,2026-07-27T15:37:12Z,NOT_MEASURED,4,2,1,0,0,0,0,1,0,0,NONE,NOT_READY,Codex56-TL to authorize/name ORQ-43A; assigned implementation owner,"Create/authorize ORQ-43A and implement mdt_ emission, CreateDaemonToken caller, daemon-side secure storage and expired-token purge with hermetic tests; only then execute ORQ-43B overlap rotation.",ORQ-43A implementation -> ORQ-43B rotation,No production mdt_ emitter/persistence caller/client storage; rotation now would be revocation with total disruption.,.deploy-control/p0/evidence/orq43-daemon-token-lifecycle-peer-review.md,9ffe2a4bd6ad3213f67b0e8f89bfadf0146fe509126d72ea4dd8577edc8a0a84,.deploy-control/p0/evidence/orq43-daemon-token-lifecycle-peer-review.md,evidence,2026-07-27T15:37:00Z,9ffe2a4bd6ad3213f67b0e8f89bfadf0146fe509126d72ea4dd8577edc8a0a84,ACTIVE,release-ledger:v1:ORQ-43:9ffe2a4bd6ad3213f67b0e8f89bfadf0146fe509126d72ea4dd8577edc8a0a84
release-ledger.v1,2026-07-27T16:33:11Z,ORQ-43,todo,high,NONE,PASS_DESIGN_BLOCK_IMPLEMENTATION,Antigravity;Codex56#A,2026-07-27T15:22:00Z,2026-07-27T15:37:12Z,NOT_MEASURED,4,2,1,0,0,0,0,1,0,0,NONE,NOT_READY,Codex56-TL to authorize/name ORQ-43A; assigned implementation owner,"Create/authorize ORQ-43A and implement mdt_ emission, CreateDaemonToken caller, daemon-side secure storage and expired-token purge with hermetic tests; only then execute ORQ-43B overlap rotation.",ORQ-43A implementation -> ORQ-43B rotation,No production mdt_ emitter/persistence caller/client storage; rotation now would be revocation with total disruption.,.deploy-control/p0/evidence/orq43-daemon-token-lifecycle-peer-review.md,9ffe2a4bd6ad3213f67b0e8f89bfadf0146fe509126d72ea4dd8577edc8a0a84,.deploy-control/p0/checkins/CHECKOUT__Antigravity__ORQ43-DAEMON-TOKEN-LIFECYCLE-PEER-REVIEW__20260727T153712Z.json,checkin,2026-07-27T15:37:12Z,0e3dc1ef0bc1a02090addfdb24301ec62047fdb363b2ad6d2256a8666936e9b0,ACTIVE,release-ledger:v1:ORQ-43:0e3dc1ef0bc1a02090addfdb24301ec62047fdb363b2ad6d2256a8666936e9b0
release-ledger.v1,2026-07-27T16:33:11Z,ORQ-44,todo,high,NONE,BLOCK_V5_PROPOSAL_PENDING_INDEPENDENT_REVIEW,Codex56#A;Opus48#A;Opus48#B,2026-07-27T15:35:00Z,2026-07-27T16:30:00Z,NOT_MEASURED,9,5,1,2,3,0,0,2,0,0,NONE,NOT_APPLICABLE,OmniRoute operator (Q1-Q3); AWS owner (Q4); product owner (Q5); Opus48#B runbook author,"Independent review of exact V5 SHA 658af263ffe8a53ec1dfde0870d15912c79f3ba0ffa0d86aa363fbf588b81972, then owner/provider answers Q1-Q6 and separate authorizations. Zero runtime/provider action before both.",Provider/owner answers -> corrected runbook -> separately authorized L0/L1/L2/L4 operation,V5 SHA 658af263ffe8a53ec1dfde0870d15912c79f3ba0ffa0d86aa363fbf588b81972 is NOT APPROVED/NOT EXECUTABLE. Q1-Q6 owner/provider decisions are hard blockers; independent review is queued.,.deploy-control/p0/evidence/orq44-e1-e8-independent-rereview.md,262b44cc64945831e46041ecbebf8d32d8b33e1fa0c8a7334d69773fd57cc2eb,.deploy-control/p0/evidence/orq44-omniroute-inference-key-lifecycle.md,evidence,2026-07-27T15:35:00Z,2e6131d2966928576fe2fa705ad722c4df4a0da69966aef0a304fd299b56417b,ACTIVE,release-ledger:v1:ORQ-44:2e6131d2966928576fe2fa705ad722c4df4a0da69966aef0a304fd299b56417b
release-ledger.v1,2026-07-27T16:33:11Z,ORQ-44,todo,high,NONE,BLOCK_V5_PROPOSAL_PENDING_INDEPENDENT_REVIEW,Codex56#A;Opus48#A;Opus48#B,2026-07-27T15:35:00Z,2026-07-27T16:30:00Z,NOT_MEASURED,9,5,1,2,3,0,0,2,0,0,NONE,NOT_APPLICABLE,OmniRoute operator (Q1-Q3); AWS owner (Q4); product owner (Q5); Opus48#B runbook author,"Independent review of exact V5 SHA 658af263ffe8a53ec1dfde0870d15912c79f3ba0ffa0d86aa363fbf588b81972, then owner/provider answers Q1-Q6 and separate authorizations. Zero runtime/provider action before both.",Provider/owner answers -> corrected runbook -> separately authorized L0/L1/L2/L4 operation,V5 SHA 658af263ffe8a53ec1dfde0870d15912c79f3ba0ffa0d86aa363fbf588b81972 is NOT APPROVED/NOT EXECUTABLE. Q1-Q6 owner/provider decisions are hard blockers; independent review is queued.,.deploy-control/p0/evidence/orq44-e1-e8-independent-rereview.md,262b44cc64945831e46041ecbebf8d32d8b33e1fa0c8a7334d69773fd57cc2eb,.deploy-control/p0/checkins/CHECKOUT__Opus48-B__ORQ-44__ORQ44-OMNIROUTE-INFERENCE-KEY-LIFECYCLE__20260727T153800Z.json,checkin,2026-07-27T15:38:00Z,c002b1421998e2f94e0d92f7d58ab6c54b85b88fca9e679a14580e0a782405d2,ACTIVE,release-ledger:v1:ORQ-44:c002b1421998e2f94e0d92f7d58ab6c54b85b88fca9e679a14580e0a782405d2
release-ledger.v1,2026-07-27T16:33:11Z,ORQ-44,todo,high,NONE,BLOCK_V5_PROPOSAL_PENDING_INDEPENDENT_REVIEW,Codex56#A;Opus48#A;Opus48#B,2026-07-27T15:35:00Z,2026-07-27T16:30:00Z,NOT_MEASURED,9,5,1,2,3,0,0,2,0,0,NONE,NOT_APPLICABLE,OmniRoute operator (Q1-Q3); AWS owner (Q4); product owner (Q5); Opus48#B runbook author,"Independent review of exact V5 SHA 658af263ffe8a53ec1dfde0870d15912c79f3ba0ffa0d86aa363fbf588b81972, then owner/provider answers Q1-Q6 and separate authorizations. Zero runtime/provider action before both.",Provider/owner answers -> corrected runbook -> separately authorized L0/L1/L2/L4 operation,V5 SHA 658af263ffe8a53ec1dfde0870d15912c79f3ba0ffa0d86aa363fbf588b81972 is NOT APPROVED/NOT EXECUTABLE. Q1-Q6 owner/provider decisions are hard blockers; independent review is queued.,.deploy-control/p0/evidence/orq44-e1-e8-independent-rereview.md,262b44cc64945831e46041ecbebf8d32d8b33e1fa0c8a7334d69773fd57cc2eb,.deploy-control/p0/evidence/orq44-inference-key-lifecycle-peer-review.md,evidence,2026-07-27T15:38:00Z,46e0c338b2ab388b409c0997e5d39e0a2a64be930eec229cc8423d867f795182,ACTIVE,release-ledger:v1:ORQ-44:46e0c338b2ab388b409c0997e5d39e0a2a64be930eec229cc8423d867f795182
release-ledger.v1,2026-07-27T16:33:11Z,ORQ-44,todo,high,NONE,BLOCK_V5_PROPOSAL_PENDING_INDEPENDENT_REVIEW,Codex56#A;Opus48#A;Opus48#B,2026-07-27T15:35:00Z,2026-07-27T16:30:00Z,NOT_MEASURED,9,5,1,2,3,0,0,2,0,0,NONE,NOT_APPLICABLE,OmniRoute operator (Q1-Q3); AWS owner (Q4); product owner (Q5); Opus48#B runbook author,"Independent review of exact V5 SHA 658af263ffe8a53ec1dfde0870d15912c79f3ba0ffa0d86aa363fbf588b81972, then owner/provider answers Q1-Q6 and separate authorizations. Zero runtime/provider action before both.",Provider/owner answers -> corrected runbook -> separately authorized L0/L1/L2/L4 operation,V5 SHA 658af263ffe8a53ec1dfde0870d15912c79f3ba0ffa0d86aa363fbf588b81972 is NOT APPROVED/NOT EXECUTABLE. Q1-Q6 owner/provider decisions are hard blockers; independent review is queued.,.deploy-control/p0/evidence/orq44-e1-e8-independent-rereview.md,262b44cc64945831e46041ecbebf8d32d8b33e1fa0c8a7334d69773fd57cc2eb,.deploy-control/p0/checkins/CHECKOUT__Codex56-A__C__ORQ-44-PEER-REVIEW__20260727T153900Z.json,checkin,2026-07-27T15:39:00Z,82bba6bf5e47165ac4179f08eaeb087cbada597a9142c5a19d2431e32829f443,ACTIVE,release-ledger:v1:ORQ-44:82bba6bf5e47165ac4179f08eaeb087cbada597a9142c5a19d2431e32829f443
release-ledger.v1,2026-07-27T16:33:11Z,ORQ-44,todo,high,NONE,BLOCK_V5_PROPOSAL_PENDING_INDEPENDENT_REVIEW,Codex56#A;Opus48#A;Opus48#B,2026-07-27T15:35:00Z,2026-07-27T16:30:00Z,NOT_MEASURED,9,5,1,2,3,0,0,2,0,0,NONE,NOT_APPLICABLE,OmniRoute operator (Q1-Q3); AWS owner (Q4); product owner (Q5); Opus48#B runbook author,"Independent review of exact V5 SHA 658af263ffe8a53ec1dfde0870d15912c79f3ba0ffa0d86aa363fbf588b81972, then owner/provider answers Q1-Q6 and separate authorizations. Zero runtime/provider action before both.",Provider/owner answers -> corrected runbook -> separately authorized L0/L1/L2/L4 operation,V5 SHA 658af263ffe8a53ec1dfde0870d15912c79f3ba0ffa0d86aa363fbf588b81972 is NOT APPROVED/NOT EXECUTABLE. Q1-Q6 owner/provider decisions are hard blockers; independent review is queued.,.deploy-control/p0/evidence/orq44-e1-e8-independent-rereview.md,262b44cc64945831e46041ecbebf8d32d8b33e1fa0c8a7334d69773fd57cc2eb,.deploy-control/p0/checkins/CHECKOUT__Opus48-B__ORQ-44__ORQ44-MANDATORY-AMENDMENT-1__20260727T155200Z.json,checkin,2026-07-27T15:52:00Z,3b632d7c433c6d61812d32660d02de7ca73129b9df11eecffca920dfb047d354,ACTIVE,release-ledger:v1:ORQ-44:3b632d7c433c6d61812d32660d02de7ca73129b9df11eecffca920dfb047d354
release-ledger.v1,2026-07-27T16:33:11Z,ORQ-44,todo,high,NONE,BLOCK_V5_PROPOSAL_PENDING_INDEPENDENT_REVIEW,Codex56#A;Opus48#A;Opus48#B,2026-07-27T15:35:00Z,2026-07-27T16:30:00Z,NOT_MEASURED,9,5,1,2,3,0,0,2,0,0,NONE,NOT_APPLICABLE,OmniRoute operator (Q1-Q3); AWS owner (Q4); product owner (Q5); Opus48#B runbook author,"Independent review of exact V5 SHA 658af263ffe8a53ec1dfde0870d15912c79f3ba0ffa0d86aa363fbf588b81972, then owner/provider answers Q1-Q6 and separate authorizations. Zero runtime/provider action before both.",Provider/owner answers -> corrected runbook -> separately authorized L0/L1/L2/L4 operation,V5 SHA 658af263ffe8a53ec1dfde0870d15912c79f3ba0ffa0d86aa363fbf588b81972 is NOT APPROVED/NOT EXECUTABLE. Q1-Q6 owner/provider decisions are hard blockers; independent review is queued.,.deploy-control/p0/evidence/orq44-e1-e8-independent-rereview.md,262b44cc64945831e46041ecbebf8d32d8b33e1fa0c8a7334d69773fd57cc2eb,.deploy-control/p0/checkins/CHECKOUT__Opus48#A__A__ORQ44-E1-E8-REREVIEW__20260727T160000Z.json,checkin,2026-07-27T16:00:00Z,1b2f4a00559cb161ec584a9eaa00fbc7b6921526b6a2c40b0fbf6b2c72c95b21,ACTIVE,release-ledger:v1:ORQ-44:1b2f4a00559cb161ec584a9eaa00fbc7b6921526b6a2c40b0fbf6b2c72c95b21
release-ledger.v1,2026-07-27T16:33:11Z,ORQ-44,todo,high,NONE,BLOCK_V5_PROPOSAL_PENDING_INDEPENDENT_REVIEW,Codex56#A;Opus48#A;Opus48#B,2026-07-27T15:35:00Z,2026-07-27T16:30:00Z,NOT_MEASURED,9,5,1,2,3,0,0,2,0,0,NONE,NOT_APPLICABLE,OmniRoute operator (Q1-Q3); AWS owner (Q4); product owner (Q5); Opus48#B runbook author,"Independent review of exact V5 SHA 658af263ffe8a53ec1dfde0870d15912c79f3ba0ffa0d86aa363fbf588b81972, then owner/provider answers Q1-Q6 and separate authorizations. Zero runtime/provider action before both.",Provider/owner answers -> corrected runbook -> separately authorized L0/L1/L2/L4 operation,V5 SHA 658af263ffe8a53ec1dfde0870d15912c79f3ba0ffa0d86aa363fbf588b81972 is NOT APPROVED/NOT EXECUTABLE. Q1-Q6 owner/provider decisions are hard blockers; independent review is queued.,.deploy-control/p0/evidence/orq44-e1-e8-independent-rereview.md,262b44cc64945831e46041ecbebf8d32d8b33e1fa0c8a7334d69773fd57cc2eb,.deploy-control/p0/evidence/orq44-e1-e8-independent-rereview.md,evidence,2026-07-27T16:00:00Z,262b44cc64945831e46041ecbebf8d32d8b33e1fa0c8a7334d69773fd57cc2eb,ACTIVE,release-ledger:v1:ORQ-44:262b44cc64945831e46041ecbebf8d32d8b33e1fa0c8a7334d69773fd57cc2eb
release-ledger.v1,2026-07-27T16:33:11Z,ORQ-44,todo,high,NONE,BLOCK_V5_PROPOSAL_PENDING_INDEPENDENT_REVIEW,Codex56#A;Opus48#A;Opus48#B,2026-07-27T15:35:00Z,2026-07-27T16:30:00Z,NOT_MEASURED,9,5,1,2,3,0,0,2,0,0,NONE,NOT_APPLICABLE,OmniRoute operator (Q1-Q3); AWS owner (Q4); product owner (Q5); Opus48#B runbook author,"Independent review of exact V5 SHA 658af263ffe8a53ec1dfde0870d15912c79f3ba0ffa0d86aa363fbf588b81972, then owner/provider answers Q1-Q6 and separate authorizations. Zero runtime/provider action before both.",Provider/owner answers -> corrected runbook -> separately authorized L0/L1/L2/L4 operation,V5 SHA 658af263ffe8a53ec1dfde0870d15912c79f3ba0ffa0d86aa363fbf588b81972 is NOT APPROVED/NOT EXECUTABLE. Q1-Q6 owner/provider decisions are hard blockers; independent review is queued.,.deploy-control/p0/evidence/orq44-e1-e8-independent-rereview.md,262b44cc64945831e46041ecbebf8d32d8b33e1fa0c8a7334d69773fd57cc2eb,.deploy-control/p0/checkins/CHECKOUT__Opus48#A__A__ORQ44-V5-AMENDMENT__20260727T163000Z.json,checkin,2026-07-27T16:30:00Z,8d0efc096e85ea5b539032169703e6d12573f9583af52cdbb47407a6daac2b3d,V5_PROPOSAL_PENDING_INDEPENDENT_REVIEW,release-ledger:v1:ORQ-44:8d0efc096e85ea5b539032169703e6d12573f9583af52cdbb47407a6daac2b3d
release-ledger.v1,2026-07-27T16:33:11Z,ORQ-44,todo,high,NONE,BLOCK_V5_PROPOSAL_PENDING_INDEPENDENT_REVIEW,Codex56#A;Opus48#A;Opus48#B,2026-07-27T15:35:00Z,2026-07-27T16:30:00Z,NOT_MEASURED,9,5,1,2,3,0,0,2,0,0,NONE,NOT_APPLICABLE,OmniRoute operator (Q1-Q3); AWS owner (Q4); product owner (Q5); Opus48#B runbook author,"Independent review of exact V5 SHA 658af263ffe8a53ec1dfde0870d15912c79f3ba0ffa0d86aa363fbf588b81972, then owner/provider answers Q1-Q6 and separate authorizations. Zero runtime/provider action before both.",Provider/owner answers -> corrected runbook -> separately authorized L0/L1/L2/L4 operation,V5 SHA 658af263ffe8a53ec1dfde0870d15912c79f3ba0ffa0d86aa363fbf588b81972 is NOT APPROVED/NOT EXECUTABLE. Q1-Q6 owner/provider decisions are hard blockers; independent review is queued.,.deploy-control/p0/evidence/orq44-e1-e8-independent-rereview.md,262b44cc64945831e46041ecbebf8d32d8b33e1fa0c8a7334d69773fd57cc2eb,.deploy-control/p0/evidence/orq44-v5-lifecycle-amendment.md,evidence,2026-07-27T16:30:00Z,658af263ffe8a53ec1dfde0870d15912c79f3ba0ffa0d86aa363fbf588b81972,V5_PROPOSAL_PENDING_INDEPENDENT_REVIEW,release-ledger:v1:ORQ-44:658af263ffe8a53ec1dfde0870d15912c79f3ba0ffa0d86aa363fbf588b81972
